Barcode,Product Name,Packing Size,Previous Price,Pack Price,Supplier,Selling Price,Promotion Price,Other,Filename
"",Amelisa Pet CoRawly Stick Duck Carrot 4PCS PCK,1.0,1.05,1.05,DP Pets,0.0,0.0,,Invoice 1596.pdf
"",Amelisa Pet CoRawly Stick Cod Fish Fish Roe 4PCS PCK,1.0,1.05,1.05,DP Pets,0.0,0.0,,Invoice 1596.pdf
"",Amelisa Pet CoRawly Stick Plus Tuna Cranberry 4PCS PCK,1.0,1.05,1.05,DP Pets,0.0,0.0,,Invoice 1596.pdf
"",Cats TasteTuna in Jelly (Pouch) 12x75g,12.0,7.8,7.8,DP Pets,0.0,0.0,,Invoice 1480.pdf
"",Cats TasteTuna topped with Chicken in Jelly (Pouch) 12x75g,12.0,7.8,7.8,DP Pets,0.0,0.0,,Invoice 1480.pdf
"",Cats TasteTuna topped with Shirasu in Jelly (Pouch) 12x75g,12.0,7.8,7.8,DP Pets,0.0,0.0,,Invoice 1480.pdf
"",Cats TasteTuna topped with Salmon in Jelly (Pouch) 12x75g,12.0,7.8,7.8,DP Pets,0.0,0.0,,Invoice 1480.pdf
"",Cats TasteTuna in Gravy (Pouch) 12x75g,12.0,7.8,7.8,DP Pets,0.0,0.0,,Invoice 1480.pdf
"",Cats TasteTuna topped with Chicken in Gravy (Pouch) 12x75g,12.0,7.8,7.8,DP Pets,0.0,0.0,,Invoice 1480.pdf
"",Cats TasteTuna topped with Salmon in Gravy (Pouch) 12x75g,12.0,7.8,7.8,DP Pets,0.0,0.0,,Invoice 1480.pdf
"",Amelisa Pet CoRawly Stick Chicken Goat Milk 4PCS PCK,4.0,1.05,1.05,DP Pets,0.0,0.0,,Invoice 1480.pdf
"",Amelisa Pet CoRawly Stick Salmon Egg Yolk 4PCS PCK,4.0,1.05,1.05,DP Pets,0.0,0.0,,Invoice 1480.pdf
"",Coffeehock CoffeeO Kosong Mixture Bags 8s x 10g,8.0,0.95,7.6,Coffeehock (2006) Pte Ltd,0.0,0.0,,INV-2604_0274 (1).pdf
"",Coffeehock 2in1 CoffeeO Mixture Bag with Less Sugar 8s,8.0,0.95,7.6,Coffeehock (2006) Pte Ltd,0.0,0.0,,INV-2604_0274 (1).pdf
"",Coffeehock 2in1 Less Sugar TehO Ceylon Tea Bag with Brown Raw Sugar 10s,10.0,0.95,9.5,Coffeehock (2006) Pte Ltd,0.0,0.0,,INV-2604_0274 (1).pdf
"",ICE COOL YOUNG COCONUT WITH PULP () 24X310ML,24.0,15.0,15.0,SHENG SHENG FB INDUSTRIES PTE LTD,0.0,0.0,,WhatsApp Image 2026-05-09 at 9.45.10 AM (1).jpeg
"",ICE COOL BIRDS NEST FLAVOUR DRINK () 24X300ML,24.0,9.5,9.5,SHENG SHENG FB INDUSTRIES PTE LTD,0.0,0.0,,WhatsApp Image 2026-05-09 at 9.45.10 AM (1).jpeg
"",MENGLEMBU GROUNDNUT 115G 115g 115GX20X3BDITHUMBS,20.0,62.5,62.5,SHENG SHENG FB INDUSTRIES PTE LTD,0.0,0.0,,WhatsApp Image 2026-05-09 at 9.45.10 AM (1).jpeg
"",APOLLO CHOCOLATE WAFER CREAM (1011BC) (12GX48P)X20,20.0,57.2,57.2,SHENG SHENG FB INDUSTRIES PTE LTD,0.0,0.0,,WhatsApp Image 2026-05-09 at 9.45.10 AM (1).jpeg
"",KANGSHIFU ICE BLACK TEA LEMON FLAVOUR 15 X 500ml,15.0,9.8,9.8,SHENG SHENG FB INDUSTRIES PTE LTD,0.0,0.0,,WhatsApp Image 2026-05-09 at 9.45.10 AM (1).jpeg
"",KANGSHIFU PEAR JUICE WITH ROCK SUGAR DRINK 15 X 500ml,15.0,9.8,9.8,SHENG SHENG FB INDUSTRIES PTE LTD,0.0,0.0,,WhatsApp Image 2026-05-09 at 9.45.10 AM (1).jpeg
"",KANGSHIFU HONEY POMELO DRINK 15 X 500ml,15.0,9.8,9.8,SHENG SHENG FB INDUSTRIES PTE LTD,0.0,0.0,,WhatsApp Image 2026-05-09 at 9.45.10 AM (1).jpeg
"",CHA PAI PEACH OOLONG TEA 15X500ML,15.0,13.0,13.0,SHENG SHENG FB INDUSTRIES PTE LTD,0.0,0.0,,WhatsApp Image 2026-05-09 at 9.45.10 AM (1).jpeg
"",CHA PAI GRAPEFRUIT JASMINE TEA 15X500ML,15.0,13.0,13.0,SHENG SHENG FB INDUSTRIES PTE LTD,0.0,0.0,,WhatsApp Image 2026-05-09 at 9.45.10 AM.jpeg
"",CHA PAI POMELO GREEN TEA 15X500ML,15.0,13.0,13.0,SHENG SHENG FB INDUSTRIES PTE LTD,0.0,0.0,,WhatsApp Image 2026-05-09 at 9.45.10 AM.jpeg
"",ICE COOL YOUNG COCONUT WITH PULP 24X310ML,24.0,15.0,15.0,SHENG SHENG FB INDUSTRIES PTE LTD,0.0,0.0,,TMGH - SS363959.pdf
"",ICE COOL BIRDS NEST FLAVOUR DRINK 24X300ML,24.0,9.5,9.5,SHENG SHENG FB INDUSTRIES PTE LTD,0.0,0.0,,TMGH - SS363959.pdf
"",HUMBS MENGLEMBU GROUNDNUT 115G 115GX20X3BDIT,20.0,62.5,62.5,SHENG SHENG FB INDUSTRIES PTE LTD,0.0,0.0,,TMGH - SS363959.pdf
"",APOLLOCHOCOLATE WAFER CREAM (1011BC) (12GX48P)X20,20.0,57.2,57.2,SHENG SHENG FB INDUSTRIES PTE LTD,0.0,0.0,,TMGH - SS363959.pdf
"",KANGSHIFU PEAR JUICE WITH ROCK SUGAR DRINK 15 x 500mm,15.0,9.8,9.8,SHENG SHENG FB INDUSTRIES PTE LTD,0.0,0.0,,TMGH - SS363959.pdf
"",KANGSHIFU HONEY POMELO DRINK 15X500mF,15.0,9.8,9.8,SHENG SHENG FB INDUSTRIES PTE LTD,0.0,0.0,,TMGH - SS363959.pdf
"",JNJ PCHIPS SOG 70GX20S,20.0,25.0,500.0,URC FOODS (SINGAPORE) PTE LTD,0.0,0.0,,WhatsApp Image 2026-05-12 at 11.17.06 AM.jpeg
"",JNJ PCHIPS BBQ 15GX8SX10 FP SPORE,10.0,24.0,240.0,URC FOODS (SINGAPORE) PTE LTD,0.0,0.0,,WhatsApp Image 2026-05-12 at 11.16.50 AM.jpeg
"",JNJ PCHIPS SAL 15GX8SX10 FPSPORE,10.0,24.0,240.0,URC FOODS (SINGAPORE) PTE LTD,0.0,0.0,,WhatsApp Image 2026-05-12 at 11.16.50 AM.jpeg
"",PIATTOS SOUR CREAM ONION 85Gx10x3,30.0,25.23,756.9,URC FOODS (SINGAPORE) PTE LTD,0.0,0.0,,WhatsApp Image 2026-05-12 at 11.16.50 AM.jpeg
"",PIATTOS CHEESE 85Gx10x3,30.0,25.23,756.9,URC FOODS (SINGAPORE) PTE LTD,0.0,0.0,,WhatsApp Image 2026-05-12 at 11.16.50 AM.jpeg
"",ROLLER COASTER CHS 18GX8SX10 FP(FY18) SG,10.0,21.03,210.3,URC FOODS (SINGAPORE) PTE LTD,0.0,0.0,,WhatsApp Image 2026-05-12 at 11.16.50 AM.jpeg
"",ROLLER COASTER BBQ 18GX8SX10 FP(FY18) SG,10.0,21.03,210.3,URC FOODS (SINGAPORE) PTE LTD,0.0,0.0,,WhatsApp Image 2026-05-12 at 11.16.50 AM.jpeg
"",ROLLER COASTER CHEESE 100GX14SX1 CAN SG,1.0,16.25,16.25,URC FOODS (SINGAPORE) PTE LTD,0.0,0.0,,WhatsApp Image 2026-05-12 at 11.16.50 AM.jpeg
"",ROLLER COASTER BBQ 100GX14SX1 CAN SG,1.0,16.25,16.25,URC FOODS (SINGAPORE) PTE LTD,0.0,0.0,,WhatsApp Image 2026-05-12 at 11.16.50 AM.jpeg
"",ROLLER COASTER HOTSPICY 100GX14S,14.0,16.25,227.5,URC FOODS (SINGAPORE) PTE LTD,0.0,0.0,,WhatsApp Image 2026-05-12 at 11.16.50 AM.jpeg
"",3 Legs CW 200ml 8x6sx 200ml (NL) (1 ctn x 8 clusters x 6s x 200ml) SC0000000671,48.0,28.2,28.2,WEN KEN MARKETING (S) PTE LTD,0.0,0.0,,2605031.pdf
"",3 Legs CW 24 x 320ml 24x 320ml(Lychee Flavor) NL (1 ctn x 24btl x 320ml) POMTR152685211E,24.0,24.0,24.0,WEN KEN MARKETING (S) PTE LTD,0.0,0.0,,2605031.pdf
"",3 Legs CW 24 x 320ml 24 x 320ml(Lime Flavor) NL (1 ctn x 24btl x 320ml) POMTR162691861E,24.0,24.0,24.0,WEN KEN MARKETING (S) PTE LTD,0.0,0.0,,WhatsApp Image 2026-05-12 at 11.21.52 AM.jpeg
"",3 Legs CW 24 x 320ml 24 x 320ml(Guava Flavor) NL (1 ctn x 24btl x 320ml) POMTR152685201E,24.0,24.0,24.0,WEN KEN MARKETING (S) PTE LTD,0.0,0.0,,WhatsApp Image 2026-05-12 at 11.21.52 AM.jpeg
"",PowerPac 3 Way Ext 2Meter,60.0,450.0,450.0,Tian Ma,0.0,0.0,,WhatsApp Image 2026-05-09 at 9.45.09 AM.jpeg
"",PowerPac 4 Way Ext 2Meter,60.0,510.0,510.0,Tian Ma,0.0,0.0,,WhatsApp Image 2026-05-09 at 9.45.09 AM.jpeg
"",PowerPac 3 Way Ext 3Meter WNeon,60.0,630.0,630.0,Tian Ma,0.0,0.0,,WhatsApp Image 2026-05-09 at 9.45.09 AM.jpeg
"",PowerPac 4 Way Ext 3Meter WNeon,60.0,690.0,690.0,Tian Ma,0.0,0.0,,WhatsApp Image 2026-05-09 at 9.45.09 AM.jpeg
"",PowerPac 3 Way Adaptor,50.0,150.0,150.0,Tian Ma,0.0,0.0,,WhatsApp Image 2026-05-09 at 9.45.09 AM.jpeg
"",PowerPac 3 Way Adaptor W Switch,60.0,375.0,375.0,Tian Ma,0.0,0.0,,WhatsApp Image 2026-05-09 at 9.45.09 AM.jpeg
"",PowerPac Rice Cooker w Steamer 10L,24.0,619.2,619.2,Tian Ma,0.0,0.0,,WhatsApp Image 2026-05-09 at 9.45.09 AM.jpeg
"",PowerPac Cordless Jug 18L,36.0,694.8,694.8,Tian Ma,0.0,0.0,,WhatsApp Image 2026-05-09 at 9.45.09 AM.jpeg
"",PowerPac Cordless Jug 10L,36.0,658.8,658.8,Tian Ma,0.0,0.0,,WhatsApp Image 2026-05-09 at 9.45.09 AM.jpeg
"",PowerPac Hair Dryer 1200 Watts WHGYPK,48.0,710.4,710.4,Tian Ma,0.0,0.0,,WhatsApp Image 2026-05-09 at 9.45.09 AM.jpeg
"",PowerPac Hair Dryer 1900W2300W,48.0,1032.0,1032.0,Tian Ma,0.0,0.0,,WhatsApp Image 2026-05-09 at 9.45.09 AM.jpeg
"",PowerPac Electric Hair Straightener,48.0,662.4,662.4,Tian Ma,0.0,0.0,,WhatsApp Image 2026-05-09 at 9.45.09 AM.jpeg
"",PowerPac 2 Slice Toaster,24.0,331.2,331.2,Tian Ma,0.0,0.0,,WhatsApp Image 2026-05-09 at 9.45.09 AM.jpeg
"",PowerPac Ceramic Cooker 2000W,24.0,936.0,936.0,Tian Ma,0.0,0.0,,WhatsApp Image 2026-05-09 at 9.45.09 AM.jpeg
"",Powerpac Dry Iron with Water Spray 1400 Watts,24.0,379.2,379.2,Tian Ma,0.0,0.0,,WhatsApp Image 2026-05-09 at 9.45.09 AM.jpeg
"",PowerPac USB Shaver 3 Heads,48.0,552.0,552.0,Tian Ma,0.0,0.0,,WhatsApp Image 2026-05-09 at 9.45.09 AM.jpeg
"",PowerPac Multi Cooker Pot 12L,48.0,854.4,854.4,Tian Ma,0.0,0.0,,WhatsApp Image 2026-05-09 at 9.45.09 AM.jpeg
"",PowerPac LED Night Light with Switch,60.0,234.0,234.0,Tian Ma,0.0,0.0,,WhatsApp Image 2026-05-09 at 9.45.09 AM.jpeg
"",PowerPac Travel Adaptor 13A Neon,60.0,72.0,72.0,Tian Ma,0.0,0.0,,WhatsApp Image 2026-05-09 at 9.45.09 AM.jpeg
"",PowerPac Mini Chopper,24.0,403.2,403.2,Tian Ma,0.0,0.0,,WhatsApp Image 2026-05-09 at 9.45.09 AM.jpeg
"",PowerPac 1A USB Charger 105W,50.0,275.0,275.0,Tian Ma,0.0,0.0,,WhatsApp Image 2026-05-09 at 9.45.09 AM.jpeg
"",PowerPac 1C1A USB Charger 20Watts,50.0,725.0,725.0,Tian Ma,0.0,0.0,,WhatsApp Image 2026-05-09 at 9.45.09 AM.jpeg
"",PowerPac Travel Adapter 1A2C USB 15W,50.0,690.0,690.0,Tian Ma,0.0,0.0,,WhatsApp Image 2026-05-09 at 9.45.09 AM.jpeg
"",PowerPac Travel Adpt W 1A1C Charger,50.0,490.0,490.0,Tian Ma,0.0,0.0,,WhatsApp Image 2026-05-09 at 9.45.09 AM.jpeg
"",PowerPac 2 Way T Socket W USB,60.0,630.0,630.0,Tian Ma,0.0,0.0,,WhatsApp Image 2026-05-09 at 9.45.09 AM.jpeg
"",PowerPac 3 Way T Socket W Switch,60.0,420.0,420.0,Tian Ma,0.0,0.0,,WhatsApp Image 2026-05-09 at 9.45.09 AM.jpeg
"",CADBURY CHOCOLATE 120GM X 24 BITE SIZE ALMOND,24.0,60.0,60.0,BHAVNA PTE LTD,0.0,0.0,,CamScanner 12-05-2026 13.48.pdf
"",CADBURY CHOCOLATE 125GM X 16 DOYPACK OREO,16.0,40.0,40.0,BHAVNA PTE LTD,0.0,0.0,,CamScanner 12-05-2026 13.48.pdf
"",CADBURY CHOCOLATE SHAREBAG 115GM X 10 X 16 MILK,16.0,40.0,40.0,BHAVNA PTE LTD,0.0,0.0,,CamScanner 12-05-2026 13.48.pdf
"",ADIDAS DEO SPRAY 150ML X 12 DYNAMIC PULSE,12.0,27.2,27.2,BHAVNA PTE LTD,0.0,0.0,,TT090A (2).pdf
"",DETTOL ANTISEPTIC LIQUID (INDIA) 1LT X 12 ORIGINAL (PET),12.0,57.0,73.07692307692308,BHAVNA PTE LTD,0.0,0.0,,CamScanner 12-05-2026 13.53.pdf
"",DETTOL ANTISEPTIC LIQUID (INDIA) 550ML X 24 ORIGINAL,24.0,67.2,86.15384615384616,BHAVNA PTE LTD,0.0,0.0,,CamScanner 12-05-2026 13.53.pdf
"",DOVE BODYWASH (INDIA) 1LTR X 12 SAKURA (NFS) (PI),12.0,48.65,62.37179487179487,BHAVNA PTE LTD,0.0,0.0,,CamScanner 12-05-2026 13.53.pdf
"",DOVE BODYWASH (INDIA) 1LTR X 12 SENSITIVE SKIN (NFS) (PI),12.0,48.65,62.37179487179487,BHAVNA PTE LTD,0.0,0.0,,CamScanner 12-05-2026 13.53.pdf
"",DOVE SHAMPOO (UAE) 400ML X 12 DAILY CARE (NFS),12.0,28.35,36.34615384615385,BHAVNA PTE LTD,0.0,0.0,,CamScanner 12-05-2026 13.53.pdf
"",DOWNY FABRIC SOFTNER 240ML X 24 GARDEN BLOOM CLEAN SLOB,24.0,11.52,11.52,BHAVNA PTE LTD,0.0,0.0,,CamScanner 12-05-2026 13.50.pdf
"",GILLETTE SHAVING FOAM 200ML X 6 CLASSIC,6.0,12.5,16.025641025641026,BHAVNA PTE LTD,0.0,0.0,,CamScanner 12-05-2026 13.53.pdf
"",AER CAR FRESHENER 75GM X 4 X 15 COOL AQUA,15.0,52.5,52.5,BHAVNA PTE LTD,0.0,0.0,,CamScanner 12-05-2026 13.50.pdf
"",AER CAR FRESHENER 75GM X 4 X 15 MUSK AFTER SMOKE,15.0,52.5,52.5,BHAVNA PTE LTD,0.0,0.0,,CamScanner 12-05-2026 13.50.pdf
"",AER CAR FRESHENER 75GM X 4 X 15 ROSE BLOSSOM,15.0,52.5,52.5,BHAVNA PTE LTD,0.0,0.0,,CamScanner 12-05-2026 13.50.pdf
"",LIFEBUOY BODYWASH (INDIA) 1LTR X 12 COOL FRESH,12.0,45.9,58.84615384615384,BHAVNA PTE LTD,0.0,0.0,,CamScanner 12-05-2026 13.53.pdf
"",LIFEBUOY BODYWASH (INDIA) 1LTR X 12 LEMON FRESH,12.0,45.9,58.84615384615384,BHAVNA PTE LTD,0.0,0.0,,CamScanner 12-05-2026 13.53.pdf
"",REVLON COLORSILK NEW 10 BLACK 1 X 12 (NBC),12.0,37.08,37.08,BHAVNA PTE LTD,0.0,0.0,,CamScanner 12-05-2026 13.50.pdf
"",REVLON COLORSILK NEW 11 SOFT BLACK 1 X 12,12.0,37.08,47.53846153846153,BHAVNA PTE LTD,0.0,0.0,,CamScanner 12-05-2026 13.53.pdf
"",REVLON COLORSILK NEW 20 BROWN BLACK 1 X 12 (NBC),12.0,37.08,47.53846153846153,BHAVNA PTE LTD,0.0,0.0,,CamScanner 12-05-2026 13.53.pdf
"",REVLON COLORSILK NEW 30 DARK BROWN 1 X 12 (NBC),12.0,37.08,47.53846153846153,BHAVNA PTE LTD,0.0,0.0,,CamScanner 12-05-2026 13.53.pdf
"",REVLON COLORSILK NEW 33 DARK SOFT BROWN 1 X 12 (NBC),12.0,37.08,47.53846153846153,BHAVNA PTE LTD,0.0,0.0,,CamScanner 12-05-2026 13.53.pdf
"",REVLON COLORSILK NEW 41 MEDIUM BROWN 1 X 12 (NBC),12.0,37.08,47.53846153846153,BHAVNA PTE LTD,0.0,0.0,,CamScanner 12-05-2026 13.53.pdf
"",REVLON COLORSILK NEW 50 LIGHT ASH BROWN 1 X 12 (NBC),12.0,37.08,47.53846153846153,BHAVNA PTE LTD,0.0,0.0,,CamScanner 12-05-2026 13.53.pdf
"",REVLON COLORSILK NEW 54 LIGHT GOLDEN BROWN 1 X 12 (NBC),12.0,37.08,37.08,BHAVNA PTE LTD,0.0,0.0,,CamScanner 12-05-2026 13.50.pdf
"",SCHICK DISPOSABLE RAZOR (73) X 12 EXACTA2 SENSITIVE,12.0,43.44,43.44,BHAVNA PTE LTD,0.0,0.0,,CamScanner 12-05-2026 13.50.pdf
"",VASELINE PJELLY (SOUTH AFRICA) 100ML X 144 ORIGINAL,144.0,151.65,194.42307692307693,BHAVNA PTE LTD,0.0,0.0,,CamScanner 12-05-2026 13.53.pdf
"",CITY MEN DEO SPRAY (TURKEY) 150ML X 12 DYNAMIC,12.0,21.0,26.923076923076923,BHAVNA PTE LTD,0.0,0.0,,CamScanner 12-05-2026 13.53.pdf
"",CITY MEN DEO SPRAY (TURKEY) 150ML X 12 MUSK,12.0,21.0,26.923076923076923,BHAVNA PTE LTD,0.0,0.0,,CamScanner 12-05-2026 13.53.pdf
"",COLGATE TOOTHPASTE 180GM X 72 REGULAR (PI),72.0,68.0,68.0,BHAVNA PTE LTD,0.0,0.0,,Tian Ma SO7315 revised.pdf
"",COLGATE TOOTHPASTE 180GM X 72 TRIPLE ACTION (PI),72.0,92.0,117.94871794871794,BHAVNA PTE LTD,0.0,0.0,,CamScanner 12-05-2026 13.53.pdf
"",DOVE BODYWASH (INDIA) 1LTR X 12 LAVENDER (NFS) (PI),12.0,48.65,62.37179487179487,BHAVNA PTE LTD,0.0,0.0,,CamScanner 12-05-2026 13.53.pdf
"",DOVE BODYWASH (INDIA) 1LTR X 12 ROSE (NFS) (PI),12.0,48.65,62.37179487179487,BHAVNA PTE LTD,0.0,0.0,,CamScanner 12-05-2026 13.53.pdf
"",DOVE SHAMPOO (UAE) 400ML X 12 MOISTURIZING (NFS),12.0,28.35,36.34615384615385,BHAVNA PTE LTD,0.0,0.0,,CamScanner 12-05-2026 13.53.pdf
"",GLADE SCENTED GEL 180GM X 12 APPLE,12.0,21.31,27.320512820512818,BHAVNA PTE LTD,0.0,0.0,,CamScanner 12-05-2026 13.53.pdf
"",LIFEBUOY BODYWASH (INDIA) 1LTR X 12 TOTAL,12.0,45.9,45.9,BHAVNA PTE LTD,0.0,0.0,,Tian Ma SO7315 revised.pdf
"",REVLON COLORSILK NEW 51 LIGHT BROWN 1 X 12 (NBC),12.0,37.08,37.08,BHAVNA PTE LTD,0.0,0.0,,Tian Ma SO7315 revised.pdf
"",LIFEBUOY BODYWASH (INDIA) 1LTR X 12 TOTAL 10,12.0,45.9,58.84615384615384,BHAVNA PTE LTD,0.0,0.0,,CamScanner 12-05-2026 13.53.pdf
"",WHISPER SANITARY PAD 24CM X 10S X 24 THIN REGULAR WING SLOB,24.0,12.0,12.0,BHAVNA PTE LTD,0.0,0.0,,TT090A (1).pdf
"",DOVE BODYWASH (INDIA) 1LTR X 12 LAVENDER (NFS),12.0,48.65,48.65,BHAVNA PTE LTD,0.0,0.0,,TT090.pdf
"",DOVE BODYWASH (INDIA) 1LTR X 12 SENSITIVE SKIN (NFS),12.0,48.65,48.65,BHAVNA PTE LTD,0.0,0.0,,TT090.pdf
"",PEPSODENT TOOTHPASTE (INDO) 120GM X 72 WHITE,72.0,34.5,34.5,BHAVNA PTE LTD,0.0,0.0,,TT090.pdf
"",DETTOL ANTISEPTIC LIQ 550ML ORIGINAL,24.0,67.2,67.2,BHAVNA PTE LTD,0.0,0.0,,BHAVNA-2026-03-4 (20.03.26).pdf
"",DETTOL ANTISEPTIC LIQ 1 LT ORIGINAL,12.0,57.0,57.0,BHAVNA PTE LTD,0.0,0.0,,BHAVNA-2026-03-4 (20.03.26).pdf
"",GLADE SCENTED GEL APPLE 165G,12.0,21.31,21.31,BHAVNA PTE LTD,0.0,0.0,,BHAVNA-2026-03-4 (20.03.26).pdf
"",GLADE SCENTED GEL LAVENDAR 165G,12.0,21.31,21.31,BHAVNA PTE LTD,0.0,0.0,,BHAVNA-2026-03-4 (20.03.26).pdf
"",GLADE SCENTED GEL OCEAN ESCAPE 165G,12.0,21.31,21.31,BHAVNA PTE LTD,0.0,0.0,,BHAVNA-2026-03-4 (20.03.26).pdf
"",GLADE SCENTED GEL LEMON 165G,12.0,21.31,21.31,BHAVNA PTE LTD,0.0,0.0,,BHAVNA-2026-03-4 (20.03.26).pdf
"",HARPIC TOILET CLEANER (MY) 450ML POWER PLUS ORIGINAL,12.0,13.8,13.8,BHAVNA PTE LTD,0.0,0.0,,BHAVNA-2026-03-4 (20.03.26).pdf
"",HARPIC TOILET CLEANER (MY) 500ML LAVENDER,12.0,13.8,13.8,BHAVNA PTE LTD,0.0,0.0,,BHAVNA-2026-03-4 (20.03.26).pdf
"",HARPIC TOILET CLEANER (MY) 500ML LEMON,12.0,13.8,13.8,BHAVNA PTE LTD,0.0,0.0,,BHAVNA-2026-03-4 (20.03.26).pdf
"",LIFEBUOY BW LEMON FRESH 1L,12.0,45.9,45.9,BHAVNA PTE LTD,0.0,0.0,,BHAVNA-2026-03-4 (20.03.26).pdf
"",LIFEBUOY BW TOTAL 10 1L,12.0,45.9,45.9,BHAVNA PTE LTD,0.0,0.0,,BHAVNA-2026-03-4 (20.03.26).pdf
"",YUPI BURGER SWEET 105GM,24.0,19.2,19.2,BHAVNA PTE LTD,0.0,0.0,,BHAVNA-2026-03-4 (20.03.26).pdf
"",VANISH LIQ DET 1L (PINK),12.0,36.85,36.85,BHAVNA PTE LTD,0.0,0.0,,BHAVNA-2026-03-4 (20.03.26).pdf
"",VASELINE PJELLY (SOUTH AFRICA) 100ML ORIGINAL,144.0,148.5,148.5,BHAVNA PTE LTD,0.0,0.0,,BHAVNA-2026-03-4 (20.03.26).pdf
"",BOUNTY CHOCOLATE (EU) 227GM X 24 MINIS,24.0,60.0,60.0,BHAVNA PTE LTD,0.0,0.0,,TT090A.pdf
"",SNICKERS CHOCOLATE (EGYPT) 40GM X 12 X 24 SINGLES,24.0,132.6,132.6,BHAVNA PTE LTD,0.0,0.0,,TT090A.pdf
"",TWIX CHOCOLATE (EGYPT) 50GM X 10 X 24 TWIN,24.0,115.0,115.0,BHAVNA PTE LTD,0.0,0.0,,TT090A.pdf
"",CADBURY MILK MOULDED BAR 130G X 12 X 6 BLACK FOREST,72.0,120.0,120.0,BHAVNA PTE LTD,0.0,0.0,,BHAVNA-2026-03-3 (17.03.26).pdf
"",CADBURY MILK MOULDED BAR ROAST ALMOND 130G X 12 X 6,72.0,120.0,120.0,BHAVNA PTE LTD,0.0,0.0,,BHAVNA-2026-03-3 (17.03.26).pdf
"",CADBURY MILK MOULDED BAR HAZELNUT 130G X 12 X 6,72.0,120.0,120.0,BHAVNA PTE LTD,0.0,0.0,,BHAVNA-2026-03-3 (17.03.26).pdf
"",CADBURY MILK MOULDED BAR MILK 135G X 12 X 6,72.0,120.0,120.0,BHAVNA PTE LTD,0.0,0.0,,BHAVNA-2026-03-3 (17.03.26).pdf
"",DOVE DLC AD SH STR 12X680ML,12.0,55.44,55.44,U DISTRIBUTION PTE LTD,0.0,0.0,,WhatsApp Image 2026-05-09 at 9.45.06 AM.jpeg
"",DOVE DLC D CARE SH STR 12X680ML,12.0,55.44,55.44,U DISTRIBUTION PTE LTD,0.0,0.0,,WhatsApp Image 2026-05-12 at 10.17.54 AM.jpeg
"",DOVE DLC D CARE CD STR 12X660ML,12.0,55.44,55.44,U DISTRIBUTION PTE LTD,0.0,0.0,,WhatsApp Image 2026-05-12 at 10.17.54 AM.jpeg
"",DOVE DLC IDT CD STR 12X660ML,12.0,55.44,55.44,U DISTRIBUTION PTE LTD,0.0,0.0,,WhatsApp Image 2026-05-12 at 10.17.54 AM.jpeg
"",DOVE DLC IDT SH STR 12X680ML,12.0,55.44,55.44,U DISTRIBUTION PTE LTD,0.0,0.0,,WhatsApp Image 2026-05-12 at 10.17.54 AM.jpeg
"",LUX LIQ MAGICAL ORCHID24 RF 12X800ML,12.0,56.64,56.64,U DISTRIBUTION PTE LTD,0.0,0.0,,WhatsApp Image 2026-05-12 at 10.17.54 AM.jpeg
"",LUX LIQ ROSY GLOW RF 12X800ML,12.0,56.64,61.8,U DISTRIBUTION PTE LTD,0.0,0.0,,WhatsApp Image 2026-05-12 at 10.17.54 AM.jpeg
"",SUNSILK HC PERF STR SNR MYSG 4X3X300ML,3.0,61.8,94.56,U DISTRIBUTION PTE LTD,0.0,0.0,,WhatsApp Image 2026-05-12 at 10.17.54 AM.jpeg
"",SUNSILK HC HFSOLUTION SNR MYSG 4X3X300ML,3.0,61.8,61.8,U DISTRIBUTION PTE LTD,0.0,0.0,,WhatsApp Image 2026-05-09 at 9.45.06 AM.jpeg
"",SUNSILK HC SMOMNGBL SNR MYSG 4X3X300ML,3.0,61.8,61.8,U DISTRIBUTION PTE LTD,0.0,0.0,,WhatsApp Image 2026-05-09 at 9.45.06 AM.jpeg
"",SUNSILK SH PERFECT STRAIGHT SNR 12X625ML,12.0,94.56,94.56,U DISTRIBUTION PTE LTD,0.0,0.0,,WhatsApp Image 2026-05-12 at 10.17.54 AM.jpeg
"",SUNSILK SHP HFSOLUTION SNR MYSG 12X625ML,12.0,94.56,94.56,U DISTRIBUTION PTE LTD,0.0,0.0,,WhatsApp Image 2026-05-12 at 10.17.54 AM.jpeg
"",100 Plus Isotonic Drink 24 x 325ml,24.0,9.708737864077671,9.708737864077671,SKY PLUS TRADING (M) SDN BHD,0.0,0.0,,SO2604-0019_TMG_27.04.2026.pdf
"",Yeos Chrysantemum Tea 4 x 6 x 250ml,4.0,5.436893203883495,5.436893203883495,SKY PLUS TRADING (M) SDN BHD,0.0,0.0,,CamScanner 12-05-2026 14.01.pdf
"",Yeos Lychee 4 x 6 x 250ml,4.0,5.436893203883495,5.436893203883495,SKY PLUS TRADING (M) SDN BHD,0.0,0.0,,CamScanner 12-05-2026 14.01.pdf
"",Yeos Soya Bean 4 x 6 x 250ml,4.0,5.436893203883495,5.436893203883495,SKY PLUS TRADING (M) SDN BHD,0.0,0.0,,CamScanner 12-05-2026 14.01.pdf
"",Maggi Hot Cup Curry 9 (6 x 58g),9.0,34.627831715210355,34.627831715210355,SKY PLUS TRADING (M) SDN BHD,0.0,0.0,,CamScanner 12-05-2026 14.01.pdf
"",Maggi Hot Cup Chicken 9(6 x 57g),9.0,34.627831715210355,34.627831715210355,SKY PLUS TRADING (M) SDN BHD,0.0,0.0,,CamScanner 12-05-2026 14.01.pdf
"",Indomie Mi Goreng Asli 8 x 5s x 80g,8.0,11.197411003236247,11.160714285714285,SKY PLUS TRADING (M) SDN BHD,0.0,0.0,,CamScanner 12-05-2026 13.59.pdf
"",Indomie Mi Goreng Special 8 x 5s x 85g,8.0,11.197411003236247,11.160714285714285,SKY PLUS TRADING (M) SDN BHD,0.0,0.0,,CamScanner 12-05-2026 13.59.pdf
"",Pokka Jasmine Green Tea 4 x 6 x 250ml,4.0,8.025889967637541,8.025889967637541,SKY PLUS TRADING (M) SDN BHD,0.0,0.0,,CamScanner 12-05-2026 14.01.pdf
"",Mamee Monster Hot Spicy 10 x 10 x 25g,10.0,13.106796116504855,13.106796116504855,SKY PLUS TRADING (M) SDN BHD,0.0,0.0,,SO2604-0019_TMG_27.04.2026.pdf
"",Mamee Monster Bbq 10 x 10 x 25g,10.0,13.106796116504855,13.106796116504855,SKY PLUS TRADING (M) SDN BHD,0.0,0.0,,SO2604-0019_TMG_27.04.2026.pdf
"",Apollo Original Cake 12 x 24pcs x 18g (3010),12.0,32.03883495145631,32.03883495145631,SKY PLUS TRADING (M) SDN BHD,0.0,0.0,,CamScanner 12-05-2026 14.01.pdf
"",Apollo Pandan Cake 12 x 24pcs x 18g (3030),12.0,32.03883495145631,32.03883495145631,SKY PLUS TRADING (M) SDN BHD,0.0,0.0,,CamScanner 12-05-2026 14.01.pdf
"",Apollo Cocoa Cake 12 x 24pcs x 18g (3040),12.0,32.03883495145631,32.03883495145631,SKY PLUS TRADING (M) SDN BHD,0.0,0.0,,CamScanner 12-05-2026 14.01.pdf
"",Apollo Strawberry Cake 12 x 24pcs x 18g (3060),12.0,32.03883495145631,32.03883495145631,SKY PLUS TRADING (M) SDN BHD,0.0,0.0,,CamScanner 12-05-2026 14.01.pdf
"",Apollo Chocolate Cake 12 x 24pcs x 18g16g (3020),12.0,36.89320388349515,36.89320388349515,SKY PLUS TRADING (M) SDN BHD,0.0,0.0,,CamScanner 12-05-2026 14.01.pdf
"",Magiclean Stain Mold (Refill) 12 x 400ml,12.0,27.508090614886733,27.508090614886733,SKY PLUS TRADING (M) SDN BHD,0.0,0.0,,SO2604-0019_TMG_27.04.2026.pdf
"",PEANUT MIXED ANCHOVY 28g X 12pkt,12.0,0.5,0.5,Tong Garden Food (S) Pte Ltd,0.8,0.8,,Tong Garden Price Adjustment Oct 2025.pdf
"",SALTED SUNFLOWER 30g X 12pkt,12.0,0.5,0.5,Tong Garden Food (S) Pte Ltd,0.8,0.8,,Tong Garden Price Adjustment Oct 2025.pdf
"",BBQ SUNFLOWER 30g X 12pkt,12.0,0.5,0.5,Tong Garden Food (S) Pte Ltd,0.8,0.8,,Tong Garden Price Adjustment Oct 2025.pdf
"",HONEY SUNFLOWER 30g X 12pkt,12.0,0.5,0.5,Tong Garden Food (S) Pte Ltd,0.8,0.8,,Tong Garden Price Adjustment Oct 2025.pdf
"",SUNFLOWER MIXED ANCHOVY 30g X 12pkt,12.0,0.5,0.5,Tong Garden Food (S) Pte Ltd,0.8,0.8,,Tong Garden Price Adjustment Oct 2025.pdf
"",NATURAL RAISINS 30g X 12pkt,12.0,0.5,0.5,Tong Garden Food (S) Pte Ltd,0.8,0.8,,Tong Garden Price Adjustment Oct 2025.pdf
"",JUMBO RAISIN MEDLEY 30g X 12pkt,12.0,0.5,0.5,Tong Garden Food (S) Pte Ltd,0.8,0.8,,Tong Garden Price Adjustment Oct 2025.pdf
"",SUNFLOWER KERNELS (H) 35g X 12pkt,12.0,0.5,0.5,Tong Garden Food (S) Pte Ltd,0.8,0.8,,Tong Garden Price Adjustment Oct 2025.pdf
"",COATED GREEN PEAS 40g X 12pkt,12.0,0.5,0.5,Tong Garden Food (S) Pte Ltd,0.8,0.8,,Tong Garden Price Adjustment Oct 2025.pdf
"",WHITE SUGAR PEANUTS 40g X 12pkt,12.0,0.5,0.5,Tong Garden Food (S) Pte Ltd,0.8,0.8,,Tong Garden Price Adjustment Oct 2025.pdf
"",PARTY SNACKS 40g X 12pkt,12.0,0.5,0.5,Tong Garden Food (S) Pte Ltd,0.8,0.8,,Tong Garden Price Adjustment Oct 2025.pdf
"",SALTED BROADBEAN WO SKIN 40g X 12pkt,12.0,0.5,0.5,Tong Garden Food (S) Pte Ltd,0.8,0.8,,Tong Garden Price Adjustment Oct 2025.pdf
"",HONEY PEANUTS 40g X 12pkt,12.0,0.5,0.5,Tong Garden Food (S) Pte Ltd,0.8,0.8,,Tong Garden Price Adjustment Oct 2025.pdf
"",SALTED PEANUTS 40g X 12pkt,12.0,0.5,0.5,Tong Garden Food (S) Pte Ltd,0.8,0.8,,Tong Garden Price Adjustment Oct 2025.pdf
"",SATAY BROADBEAN 40g X 12pkt,12.0,0.5,0.5,Tong Garden Food (S) Pte Ltd,0.8,0.8,,Tong Garden Price Adjustment Oct 2025.pdf
"",WASABI COATED GREEN PEAS 40g X 12pkt,12.0,0.5,0.5,Tong Garden Food (S) Pte Ltd,0.8,0.8,,Tong Garden Price Adjustment Oct 2025.pdf
"",COCONUT CREAM COATED PEANUTS 45g X 12pkt,12.0,0.5,0.5,Tong Garden Food (S) Pte Ltd,0.8,0.8,,Tong Garden Price Adjustment Oct 2025.pdf
"",CASHEW MIXED MACAD(SALTED) 35g X 12pkt,12.0,1.15,1.15,Tong Garden Food (S) Pte Ltd,1.6,1.6,,Tong Garden Price Adjustment Oct 2025.pdf
"",CASHEW MIXED MACAD (HONEY) 35g X 12pkt,12.0,1.15,1.15,Tong Garden Food (S) Pte Ltd,1.6,1.6,,Tong Garden Price Adjustment Oct 2025.pdf
"",CASHEW MIXED MACADA (SEAWEED) 30g X 12pkt,12.0,1.15,1.15,Tong Garden Food (S) Pte Ltd,1.6,1.6,,Tong Garden Price Adjustment Oct 2025.pdf
"",CASHEW MIXED ALMOND (SMOKE) 33g X 12pkt,12.0,1.15,1.15,Tong Garden Food (S) Pte Ltd,1.6,1.6,,Tong Garden Price Adjustment Oct 2025.pdf
"",PISTACHIOS SALTED 35g X 12pkt,12.0,1.15,1.15,Tong Garden Food (S) Pte Ltd,1.6,1.6,,Tong Garden Price Adjustment Oct 2025.pdf
"",ALMOND HONEY 35g X 12pkt,12.0,1.15,1.15,Tong Garden Food (S) Pte Ltd,1.6,1.6,,Tong Garden Price Adjustment Oct 2025.pdf
"",ALMOND SALTED 35g X 12pkt,12.0,1.15,1.15,Tong Garden Food (S) Pte Ltd,1.6,1.6,,Tong Garden Price Adjustment Oct 2025.pdf
"",CASHEW NUTS HONEY 40g X 12pkt,12.0,1.15,1.15,Tong Garden Food (S) Pte Ltd,1.6,1.6,,Tong Garden Price Adjustment Oct 2025.pdf
"",CASHEW NUTS SALTED 40g X 12pkt,12.0,1.15,1.15,Tong Garden Food (S) Pte Ltd,1.6,1.6,,Tong Garden Price Adjustment Oct 2025.pdf
"",BBQ SUNFLOWER [10 IN 1] 110g X 12pkt,12.0,2.2,2.2,Tong Garden Food (S) Pte Ltd,3.0,3.0,,Tong Garden Price Adjustment Oct 2025.pdf
"",HONEY SUNFLOWER [10 IN 1] 110g X 12pkt,12.0,2.2,2.2,Tong Garden Food (S) Pte Ltd,3.0,3.0,,Tong Garden Price Adjustment Oct 2025.pdf
"",SALTED SUNFLOWER [10 IN 1] 110g X 12pkt,12.0,2.2,2.2,Tong Garden Food (S) Pte Ltd,3.0,3.0,,Tong Garden Price Adjustment Oct 2025.pdf
"",CHESTNUT WITHOUT SHELL 120g X 24pkt,24.0,1.65,1.65,Tong Garden Food (S) Pte Ltd,2.3,2.3,,Tong Garden Price Adjustment Oct 2025.pdf
"",CHESTNUT WITHOUT SHELL 300g X 24pkt,24.0,3.7,3.7,Tong Garden Food (S) Pte Ltd,5.1,5.1,,Tong Garden Price Adjustment Oct 2025.pdf
"",Biscuit SKM,1.0,0.6980802792321118,0.6980802792321118,LOKE KEE BISCUITS AND CAKE SHOP SDN BHD,0.0,0.0,,LK2511-0170.pdf
"",Red Pack SKM,1.0,0.5076947485324449,0.5076947485324449,LOKE KEE BISCUITS AND CAKE SHOP SDN BHD,0.0,0.0,,LK2511-0170.pdf
"",Black Sugar Peanut 200g,1.0,0.8884658099317785,0.8884658099317785,LOKE KEE BISCUITS AND CAKE SHOP SDN BHD,0.0,0.0,,LK2511-0170.pdf
"",Lou Poh Ben,1.0,0.44423290496588924,0.44423290496588924,LOKE KEE BISCUITS AND CAKE SHOP SDN BHD,0.0,0.0,,LK2511-0170.pdf
"",Heong Peah (D),1.0,0.7932730445819451,0.7932730445819451,LOKE KEE BISCUITS AND CAKE SHOP SDN BHD,0.0,0.0,,LK2511-0170.pdf
"",Heong Peah (Ori),1.0,0.5711565920990005,0.5711565920990005,LOKE KEE BISCUITS AND CAKE SHOP SDN BHD,0.0,0.0,,LK2511-0170.pdf
"",Heong Peah (CO),1.0,0.6187529747739172,0.6187529747739172,LOKE KEE BISCUITS AND CAKE SHOP SDN BHD,0.0,0.0,,LK2511-0170.pdf
"",Original Crispy Thin,1.0,0.3014437569411391,0.3014437569411391,LOKE KEE BISCUITS AND CAKE SHOP SDN BHD,0.0,0.0,,LK2511-0170.pdf
"",Hup Toh Soh,1.0,0.5870220529906394,0.5870220529906394,LOKE KEE BISCUITS AND CAKE SHOP SDN BHD,0.0,0.0,,LK2511-0170.pdf
"",MAGICLEAN BATHROOM REFILL LEMON 500MLX24,24.0,1227.1844660194176,59.51659684176603,MJ TIAN SDN BHD,0.0,0.0,,WhatsApp Image 2026-05-12 at 10.12.56 AM (1).jpeg
"",MAGICLEAN STAIN MOULD REFILL 400MLX12,12.0,328.54368932038835,31.26007089912987,MJ TIAN SDN BHD,0.0,0.0,,WhatsApp Image 2026-05-12 at 10.12.56 AM (1).jpeg
"",MAGICLEAN STAIN MOULD TRIGGER 400MLX12,12.0,421.747572815534,35.14563106796116,MJ TIAN SDN BHD,0.0,0.0,,CamScanner 12-05-2026 13.56.pdf
"",MAGICLEAN KITCHEN REFILL LIME 500MLX24,24.0,1227.1844660194176,51.1326860841424,MJ TIAN SDN BHD,0.0,0.0,,CamScanner 12-05-2026 13.56.pdf
"",MAGICLEAN KITCHEN REFILL GREEN APPLE 500MLX24,24.0,1227.1844660194176,51.1326860841424,MJ TIAN SDN BHD,0.0,0.0,,CamScanner 12-05-2026 13.56.pdf
"",MAGICLEAN TOILET BLEACH 500MLX12,12.0,285.4368932038835,23.786407766990294,MJ TIAN SDN BHD,0.0,0.0,,CamScanner 12-05-2026 13.56.pdf
"",MAGICLEAN TOILET BLEACH LEMON 500MLX12,12.0,285.4368932038835,59.51659684176603,MJ TIAN SDN BHD,0.0,0.0,,WhatsApp Image 2026-05-12 at 10.12.56 AM (1).jpeg
"",SOFTLAN FLORAL FANTASY 16LX8,8.0,113.915857605178,14.23948220064725,MJ TIAN SDN BHD,0.0,0.0,,CamScanner 12-05-2026 13.56.pdf
"",SOFTLAN LAVENDER FRESH 16X8,8.0,113.915857605178,14.23948220064725,MJ TIAN SDN BHD,0.0,0.0,,CamScanner 12-05-2026 13.56.pdf
"",SOFTLAN SPRING FRESH 16LX8,8.0,113.915857605178,14.23948220064725,MJ TIAN SDN BHD,0.0,0.0,,CamScanner 12-05-2026 13.56.pdf
"",MUNCHYS LEXUS SANDWICH CALCIUM CRACKER WITH CHOCOLATE CREAM 190GX12,12.0,214.91262135922332,17.90938511326861,MJ TIAN SDN BHD,0.0,0.0,,CamScanner 12-05-2026 13.56.pdf
"",MUNCHYS LEXUS SANDWICH CALCIUM CRACKER PEANUT BUTTER 190GX12,12.0,214.91262135922332,17.90938511326861,MJ TIAN SDN BHD,0.0,0.0,,CamScanner 12-05-2026 13.56.pdf
"",MUNCHYS LEXUS SALTED CHOCOLATE SANDWICH WITH CHOCOLATE CREAM 190GX12,12.0,214.91262135922332,17.90938511326861,MJ TIAN SDN BHD,0.0,0.0,,CamScanner 12-05-2026 13.56.pdf
"",MUNCHYS LEXUS SANDWICH CALCIUM CRACKER CHEESE CREAM 190GX12,12.0,214.91262135922332,17.90938511326861,MJ TIAN SDN BHD,0.0,0.0,,CamScanner 12-05-2026 13.56.pdf
"",60GX5PX6B SILVER BAG MAMA SHRIMP TOM YUM NOODLES,5.0,11.5,57.5,MENG CHONG FOODSTUFFS PRIVATE LIMITED,0.0,0.0,,WhatsApp Image 2026-05-12 at 10.13.34 AM.jpeg
"",55GMX5PX6B MAMA CLEAR SOUP RICE VERMICELLI,5.0,12.0,60.0,MENG CHONG FOODSTUFFS PRIVATE LIMITED,0.0,0.0,,WhatsApp Image 2026-05-12 at 10.13.34 AM.jpeg
"",YAN YAN CHOCOLATE 10X50G 44G (No Return),8.0,61.6,61.6,Candy World Marketing (S) PTE LTD,0.0,0.0,,Tian Ma -PO CWM-2026-05-1-2.pdf
"",YAN YAN STRAWBERRY 10X50G44G (No Return),8.0,61.6,61.6,Candy World Marketing (S) PTE LTD,0.0,0.0,,Tian Ma -PO CWM-2026-05-1-2.pdf
"",YAN YAN VANILLA 10X50G 44G (CUP) (No Return),8.0,61.6,61.6,Candy World Marketing (S) PTE LTD,0.0,0.0,,Tian Ma -PO CWM-2026-05-1-2.pdf
"",NUTELLA GO 12X48G NEW (no return),4.0,83.24,83.24,Candy World Marketing (S) PTE LTD,0.0,0.0,,Tian Ma -PO CWM-2026-05-1-2.pdf
"",POLA SNACK ORIGINAL (PKT) 10X(10x15g),1.0,14.0,14.0,Candy World Marketing (S) PTE LTD,0.0,0.0,,Tian Ma -PO CWM-2026-05-1-2.pdf
"",POLA SNACK SEAWEED (PKT) 10X(10x15g),1.0,14.0,14.0,Candy World Marketing (S) PTE LTD,0.0,0.0,,Tian Ma -PO CWM-2026-05-1-2.pdf
"",CWM SBERRY PRUNE (DRIED) 10X70G(),1.0,8.0,8.0,Candy World Marketing (S) PTE LTD,0.0,0.0,,Tian Ma - PO CWM-2026-05-1 (1).pdf
"",CWM BLACK PLUM SLICE 10X70G,5.0,40.0,40.0,Candy World Marketing (S) PTE LTD,0.0,0.0,,Tian Ma - PO CWM-2026-05-1.pdf
"",CWM CHERRY PLUM 10X80G,5.0,40.0,40.0,Candy World Marketing (S) PTE LTD,0.0,0.0,,Tian Ma - PO CWM-2026-05-1.pdf
"",CWM CURED PRUNE 10X50G,5.0,40.0,40.0,Candy World Marketing (S) PTE LTD,0.0,0.0,,Tian Ma - PO CWM-2026-05-1.pdf
"",CWM PEACH DICE 10X70G,5.0,40.0,40.0,Candy World Marketing (S) PTE LTD,0.0,0.0,,Tian Ma - PO CWM-2026-05-1.pdf
"",CWM LEMON KUMQUAT 10X70G,5.0,40.0,40.0,Candy World Marketing (S) PTE LTD,0.0,0.0,,Tian Ma - PO CWM-2026-05-1.pdf
"",CWM SEEDLESS LICORICE OLIVES 10X60G,5.0,40.0,40.0,Candy World Marketing (S) PTE LTD,0.0,0.0,,Tian Ma - PO CWM-2026-05-1.pdf
"",CWM PAPAYA 10X110G,5.0,40.0,40.0,Candy World Marketing (S) PTE LTD,0.0,0.0,,Tian Ma - PO CWM-2026-05-1.pdf
"",CWM PRUNE FLESH 10X60G,5.0,40.0,40.0,Candy World Marketing (S) PTE LTD,0.0,0.0,,Tian Ma - PO CWM-2026-05-1.pdf
"",CWM PRESERVED PLUM 10X80G,5.0,40.0,40.0,Candy World Marketing (S) PTE LTD,0.0,0.0,,Tian Ma - PO CWM-2026-05-1.pdf
"",CWM ORANGE PEEL 10X70G MANDARIN,5.0,40.0,40.0,Candy World Marketing (S) PTE LTD,0.0,0.0,,Tian Ma - PO CWM-2026-05-1.pdf
"",CWM RED SEEDLESS PLUM 10X70G,5.0,40.0,40.0,Candy World Marketing (S) PTE LTD,0.0,0.0,,Tian Ma - PO CWM-2026-05-1.pdf
"",CWM SEEDLESS PLUM 10X70G,5.0,40.0,40.0,Candy World Marketing (S) PTE LTD,0.0,0.0,,Tian Ma - PO CWM-2026-05-1.pdf
"",CWM SI QIN MEI 10X80G,5.0,40.0,40.0,Candy World Marketing (S) PTE LTD,0.0,0.0,,Tian Ma - PO CWM-2026-05-1.pdf
"",CWM SEEDLESS PRUNE 10X30G,5.0,40.0,40.0,Candy World Marketing (S) PTE LTD,0.0,0.0,,Tian Ma - PO CWM-2026-05-1.pdf
"",CWM SBERRY PRUNE (DRIED) 10X70G,5.0,40.0,40.0,Candy World Marketing (S) PTE LTD,0.0,0.0,,Tian Ma - PO CWM-2026-05-1.pdf
"",CWM WHITE PRUNE 10X70G,5.0,40.0,40.0,Candy World Marketing (S) PTE LTD,0.0,0.0,,Tian Ma - PO CWM-2026-05-1.pdf
"",CWM SMALL WHITE PRUNE 10X70G,5.0,40.0,40.0,Candy World Marketing (S) PTE LTD,0.0,0.0,,Tian Ma - PO CWM-2026-05-1.pdf
"",MILO PKT DRINKS 200 ML MY,1.0,11.3,11.3,Hock Leong Teck Kee Pte Ltd,0.0,0.0,,HL207391.pdf
"",HSC OLDENLANDIA WATER 325ML,1.0,12.5,12.5,Hock Leong Teck Kee Pte Ltd,0.0,0.0,,HL207391.pdf
"",PEPSI COLA 24X320ML (CAN),24.0,187.2,187.2,Hock Leong Teck Kee Pte Ltd,0.0,0.0,,HL207391.pdf
"",REDBULL (THAI) 250 ML,1.0,11.6,11.6,Hock Leong Teck Kee Pte Ltd,0.0,0.0,,HL207391.pdf
"",RIBENA CHEER PACK (O) 300MLX24,24.0,422.4,422.4,Hock Leong Teck Kee Pte Ltd,0.0,0.0,,HL207391.pdf
"",QOO WHITE GRAPE CAN 12X300ML,12.0,73.2,73.2,Hock Leong Teck Kee Pte Ltd,0.0,0.0,,HL207391.pdf
"",BAKED POTATO CRISP BBQ FLAVOUR 120Gx12PKTS,12.0,12.6,12.6,WINSTAR MARKETING PTE LTD,0.0,0.0,,WSI-26040886.pdf
"",SWEET POTATO CRISP SWEET POTATO FLAVOUR 120Gx12PKTS,12.0,12.6,12.6,WINSTAR MARKETING PTE LTD,0.0,0.0,,WSI-26040886.pdf
"",BAKED POTATO CRISP VEGETABLE FLAVOUR 120Gx12PKTS,12.0,12.6,12.6,WINSTAR MARKETING PTE LTD,0.0,0.0,,WhatsApp Image 2026-05-12 at 11.23.58 AM.jpeg
"",MINI 1 MORE CHOCOLATE COATED WAFER ROLLS 300Gx12BAGS,12.0,19.0,19.0,WINSTAR MARKETING PTE LTD,0.0,0.0,,WSI-26040886.pdf
"",TOPP CUP INSTANT CHICKEN MUSHROOM CONGEE 55Gx12CUPS,12.0,10.93,10.93,WINSTAR MARKETING PTE LTD,0.0,0.0,,WSI-26040886.pdf
"",TOPP CUP INSTANT SEAFOOD CONGEE 55Gx12CUPS,12.0,10.93,10.93,WINSTAR MARKETING PTE LTD,0.0,0.0,,WSI-26040886.pdf
"",TOPP CUP INSTANT VEGETABLE CONGEE 55Gx12CUPS,12.0,10.93,10.93,WINSTAR MARKETING PTE LTD,0.0,0.0,,WSI-26040886.pdf
"",150GM X 24PCKS CHOCOLATE POUND CAKE,24.0,18.24,18.24,BISCOTTI TRADING PTE LTD,0.0,0.0,,tian ma cn4712 060226.pdf
"",150GM X 24PCKS FRUIT POUND CAKE,24.0,18.24,18.24,BISCOTTI TRADING PTE LTD,0.0,0.0,,tian ma cn4712 060226.pdf
"",100GM X 12PCKS BISCUIT CHEESE CRACKER,1.0,7.0,7.0,BISCOTTI TRADING PTE LTD,0.0,0.0,,tian ma inv132213 060226.pdf
"",240GM10X12PCKS COLADA BISCORNIVAL NAIYU SODA,1.0,13.4,13.4,BISCOTTI TRADING PTE LTD,0.0,0.0,,tian ma inv132213 060226.pdf
"",88GM X 24PCK BISCUIT CREAM CRACKER SP,1.0,8.1,8.1,BISCOTTI TRADING PTE LTD,0.0,0.0,,tian ma inv132213 060226.pdf
"",200GMX1012PCK BISGRAND BUTTER CRACKER,1.0,13.4,13.4,BISCOTTI TRADING PTE LTD,0.0,0.0,,tian ma inv132213 060226.pdf
"",114GM X 12PCK BISCUIT MEFAR LEMON FLAVOURED,1.0,9.1,9.1,BISCOTTI TRADING PTE LTD,0.0,0.0,,tian ma inv132213 060226.pdf
"",200GMX1012PCK BISCOLADA LIGHT TREAT CCSP,1.0,13.4,13.4,BISCOTTI TRADING PTE LTD,0.0,0.0,,tian ma inv132213 060226.pdf
"",200GM10X24PCKS COLADA LIGHT TREAT CC SP,1.0,26.8,26.8,BISCOTTI TRADING PTE LTD,0.0,0.0,,tian ma inv132213 060226.pdf
"",111GM X 12PCKS BISCUIT MEFAR COCO SANDWICH,1.0,9.1,9.1,BISCOTTI TRADING PTE LTD,0.0,0.0,,tian ma inv132213 060226.pdf
"",120GM X 12PCK BISCUIT MEFAR COFFEE SAND(EXTRA 20),1.0,9.1,9.1,BISCOTTI TRADING PTE LTD,0.0,0.0,,tian ma inv132213 060226.pdf
"",120GM X 12PCK BISCUIT PINEAPPLE JAM,1.0,7.0,7.0,BISCOTTI TRADING PTE LTD,0.0,0.0,,tian ma inv132213 060226.pdf
"",200GM10X12PCK COLADA BIS SWEETIES SUGAR CKER,1.0,13.4,13.4,BISCOTTI TRADING PTE LTD,0.0,0.0,,tian ma inv132213 060226.pdf
"",190GM X 12PCK BISCUIT LAVISH CHEESE SWICH,1.0,13.4,13.4,BISCOTTI TRADING PTE LTD,0.0,0.0,,tian ma inv132213 060226.pdf
"",190GM X 12PCK BISCUIT LAVISH CHOCOLATE SWICH,1.0,13.4,13.4,BISCOTTI TRADING PTE LTD,0.0,0.0,,tian ma inv132213 060226.pdf
"",190GM X 12PCK BISCUIT LAVISH PEANUT BUTTER SWISH,1.0,13.4,13.4,BISCOTTI TRADING PTE LTD,0.0,0.0,,tian ma inv132213 060226.pdf
"",200GM X 12PCK BISCUIT LAVISH VEGETABLE CRACKER,1.0,12.4,12.4,BISCOTTI TRADING PTE LTD,0.0,0.0,,tian ma inv132213 060226.pdf
"",114GM X 12PCK BISCUIT MEFAR CHOCOLATE SANDWICH,1.0,9.1,9.1,BISCOTTI TRADING PTE LTD,0.0,0.0,,tian ma inv132213 060226.pdf
"",120GM X 12PCK BISCUIT MEFAR CORN FLAVOURED,1.0,9.1,9.1,BISCOTTI TRADING PTE LTD,0.0,0.0,,tian ma inv132213 060226.pdf
"",EV1215 BB X4S card Sin,200.0,176.0,176.0,EVERGREEN ENTERPRISE,0.0,0.0,,WhatsApp Image 2026-05-09 at 9.45.03 AM.jpeg
"",EV1212 BBB X4S card Sin,216.0,190.0,190.0,EVERGREEN ENTERPRISE,0.0,0.0,,WhatsApp Image 2026-05-09 at 9.45.03 AM.jpeg
"",GP ultra AA X6S,120.0,192.0,192.0,EVERGREEN ENTERPRISE,0.0,0.0,,WhatsApp Image 2026-05-09 at 9.45.03 AM.jpeg
"",GP ultra AAA X6S,120.0,192.0,192.0,EVERGREEN ENTERPRISE,0.0,0.0,,WhatsApp Image 2026-05-09 at 9.45.03 AM.jpeg
"",PET15L KICKAPOO JOY JUICE ORIG 5X12SG,12.0,237.6,237.6,YHS (SINGAPORE) PTE LTD,19.8,19.8,,WhatsApp Image 2026-05-09 at 9.45.02 AM (2).jpeg
"",15L PET YEOS LYCHEE DK 5HCS X12MYSG,12.0,237.6,237.6,YHS (SINGAPORE) PTE LTD,19.8,19.8,,WhatsApp Image 2026-05-09 at 9.45.02 AM (2).jpeg
"",15L PET YEOS WINTER MELON X12(LS) MYSG,12.0,237.6,35.0,YHS (SINGAPORE) PTE LTD,19.8,19.8,,WhatsApp Image 2026-05-12 at 11.24.30 AM.jpeg
"",300ML CAN YEOS GRASS JELLY DK X24(LS) SG,24.0,309.6,18.0,YHS (SINGAPORE) PTE LTD,12.9,12.9,,WhatsApp Image 2026-05-12 at 11.24.30 AM.jpeg
"",300ML CAN YEOS LYCHEE DK 5HCS X24MYSG,24.0,309.6,309.6,YHS (SINGAPORE) PTE LTD,12.9,12.9,,WhatsApp Image 2026-05-09 at 9.45.02 AM (2).jpeg
"",PET500ML KICKAPOO JOY JUICE MANGOx24 SG,24.0,960.0,960.0,YHS (SINGAPORE) PTE LTD,0.0,0.0,,WhatsApp Image 2026-05-09 at 9.45.02 AM (2).jpeg
"",DOLO 650MG 20S,1.0,3.6,3.6,Innorini Pte Ltd,0.0,0.0,,O26042000063 - Tian Ma Grp (1).pdf
"",DOLO 500MG 20S,1.0,3.4,3.4,Innorini Pte Ltd,0.0,0.0,,O26042000063 - Tian Ma Grp (1).pdf
"",SC Waching Machine Cleaner 200g 124,24.0,576.0,576.0,BIO CLEAN SUPPLY SDN BHD,0.0,0.0,,PL SI_202604_0020 for Tian Ma Group Holdings Pte. Ltd (1).pdf
"",Sure Clean Drain Clog Remover 750ml 118,18.0,324.0,324.0,BIO CLEAN SUPPLY SDN BHD,0.0,0.0,,PL SI_202604_0020 for Tian Ma Group Holdings Pte. Ltd (1).pdf
"",Sure Clean Dishwash Paste 950g Lime 118,18.0,324.0,324.0,BIO CLEAN SUPPLY SDN BHD,0.0,0.0,,PL SI_202604_0020 for Tian Ma Group Holdings Pte. Ltd (1).pdf
"",Sure Clean Dishwash Paste 950g Lemon 118,18.0,324.0,324.0,BIO CLEAN SUPPLY SDN BHD,0.0,0.0,,PL SI_202604_0020 for Tian Ma Group Holdings Pte. Ltd (1).pdf
"",FB Bio Dishwash Lime 900ml 116,16.0,256.0,256.0,BIO CLEAN SUPPLY SDN BHD,0.0,0.0,,PL SI_202604_0020 for Tian Ma Group Holdings Pte. Ltd (1).pdf
"",FB Bio Dishwash Lemon 900ml 116,16.0,256.0,256.0,BIO CLEAN SUPPLY SDN BHD,0.0,0.0,,PL SI_202604_0020 for Tian Ma Group Holdings Pte. Ltd (1).pdf
"",FS Bleach 1 Litre 112,12.0,144.0,144.0,BIO CLEAN SUPPLY SDN BHD,0.0,0.0,,PL SI_202604_0020 for Tian Ma Group Holdings Pte. Ltd (1).pdf
"",FS Bleach 1kg Lavender 112,12.0,144.0,144.0,BIO CLEAN SUPPLY SDN BHD,0.0,0.0,,PL SI_202604_0020 for Tian Ma Group Holdings Pte. Ltd (1).pdf
"",FS Bleach 1kg Lemon 112,12.0,144.0,144.0,BIO CLEAN SUPPLY SDN BHD,0.0,0.0,,PL SI_202604_0020 for Tian Ma Group Holdings Pte. Ltd (1).pdf
"",SC Stain Remover 1 Litre 112,12.0,144.0,144.0,BIO CLEAN SUPPLY SDN BHD,0.0,0.0,,PL SI_202604_0020 for Tian Ma Group Holdings Pte. Ltd (1).pdf
"",FB Floor Cleaner Lavender 12kg 112,12.0,144.0,144.0,BIO CLEAN SUPPLY SDN BHD,0.0,0.0,,PL SI_202604_0020 for Tian Ma Group Holdings Pte. Ltd (1).pdf
"",FB Floor Cleaner Relaxing Rose 12kg 112,12.0,144.0,144.0,BIO CLEAN SUPPLY SDN BHD,0.0,0.0,,PL SI_202604_0020 for Tian Ma Group Holdings Pte. Ltd (1).pdf
"",Inxpire Cleansing Moisturizing Shower Gel Royal Jelly Peach 2100ml 18,8.0,64.0,64.0,BIO CLEAN SUPPLY SDN BHD,0.0,0.0,,PL SI_202604_0020 for Tian Ma Group Holdings Pte. Ltd (1).pdf
"",Inxpire Cleansing Moisturizing Shower Gel Cherry Blossom Apple 2100ml 18,8.0,64.0,64.0,BIO CLEAN SUPPLY SDN BHD,0.0,0.0,,PL SI_202604_0020 for Tian Ma Group Holdings Pte. Ltd (1).pdf
"",SC Liquid Detergent Active Clean 700ml 118,18.0,324.0,324.0,BIO CLEAN SUPPLY SDN BHD,0.0,0.0,,PL SI_202604_0020 for Tian Ma Group Holdings Pte. Ltd (1).pdf
"",SC Liquid Detergent Odor Removal 700ml 118,18.0,324.0,324.0,BIO CLEAN SUPPLY SDN BHD,0.0,0.0,,PL SI_202604_0020 for Tian Ma Group Holdings Pte. Ltd (1).pdf
"",Sure Clean Sabun Cuci Berkualiti 5kg Lemon 13,75.0,300.19167396891925,300.19167396891925,BIO CLEAN SUPPLY SDN BHD,0.0,0.0,,Invoice SI_202604_0020 for Tian Ma Group Holdings Pte. Ltd.pdf
"",Sure Clean Sabun Cuci Berkualiti 5kg Lavender 13,75.0,300.19167396891925,300.19167396891925,BIO CLEAN SUPPLY SDN BHD,0.0,0.0,,Invoice SI_202604_0020 for Tian Ma Group Holdings Pte. Ltd.pdf
"",Sure Clean Dishwash Liquid Lime With Pump 4 Liter 14,50.0,126.9697792416604,126.9697792416604,BIO CLEAN SUPPLY SDN BHD,0.0,0.0,,Invoice SI_202604_0020 for Tian Ma Group Holdings Pte. Ltd.pdf
"",Sure Clean Dishwash Liquid Lemon With Pump 4 Liter 14,50.0,126.9697792416604,126.9697792416604,BIO CLEAN SUPPLY SDN BHD,0.0,0.0,,Invoice SI_202604_0020 for Tian Ma Group Holdings Pte. Ltd.pdf
"",SC Concentrated Floor Cleaner 3 Litre Lavender 16,50.0,78.36035031303497,78.36035031303497,BIO CLEAN SUPPLY SDN BHD,0.0,0.0,,Invoice SI_202604_0020 for Tian Ma Group Holdings Pte. Ltd.pdf
"",SC Liquid Detergent Active Clean 43kg 14,50.0,172.16516801141915,172.16516801141915,BIO CLEAN SUPPLY SDN BHD,0.0,0.0,,Invoice SI_202604_0020 for Tian Ma Group Holdings Pte. Ltd.pdf
"",SC Liquid Detergent Odor Removal 43kg 14,50.0,172.16516801141915,172.16516801141915,BIO CLEAN SUPPLY SDN BHD,0.0,0.0,,Invoice SI_202604_0020 for Tian Ma Group Holdings Pte. Ltd.pdf
"",SC Liquid Detergent Super White 43kg 14,50.0,172.16516801141915,172.16516801141915,BIO CLEAN SUPPLY SDN BHD,0.0,0.0,,Invoice SI_202604_0020 for Tian Ma Group Holdings Pte. Ltd.pdf
"",SC Laundry Detergent With Softener 2in1 Silky Soft 43kg 14,50.0,172.16516801141915,172.16516801141915,BIO CLEAN SUPPLY SDN BHD,0.0,0.0,,Invoice SI_202604_0020 for Tian Ma Group Holdings Pte. Ltd.pdf
"",SC Fabric Softener 42 Liter Spring Burst 14,25.0,86.08258400570958,86.08258400570958,BIO CLEAN SUPPLY SDN BHD,0.0,0.0,,Invoice SI_202604_0020 for Tian Ma Group Holdings Pte. Ltd.pdf
"",SC Fabric Softener 42 Liter Lavender 14,25.0,86.08258400570958,86.08258400570958,BIO CLEAN SUPPLY SDN BHD,0.0,0.0,,Invoice SI_202604_0020 for Tian Ma Group Holdings Pte. Ltd.pdf
"",SC Bleach 38kg Lemon 16,50.0,78.03520363123815,78.03520363123815,BIO CLEAN SUPPLY SDN BHD,0.0,0.0,,Invoice SI_202604_0020 for Tian Ma Group Holdings Pte. Ltd.pdf
"",JIAJIA HERBAL TEA HERITAGE ORIGINAL 24S,1.0,13.8,13.8,UNICO DISTRIBUTION SERVICES PTE LTD,0.0,0.0,,UDSPSI26009817 ∙ TIAN MA GROUP HOLDINGS PRIVATE LIMITED @ CHANGI STH.pdf
"",JIAJIA HERBAL TEA HERITAGE ORIGINAL 24S (Normal),1.0,15.3,13.8,UNICO DISTRIBUTION SERVICES PTE LTD,0.0,0.0,,WhatsApp Image 2026-05-12 at 10.18.26 AM.jpeg
"",JIAJIA HERBAL TEA HERITAGE ORIGINAL 24S (FOC PROMOTION),1.0,0.0,0.0,UNICO DISTRIBUTION SERVICES PTE LTD,0.0,0.0,,WhatsApp Image 2026-05-12 at 10.18.26 AM.jpeg
"",Halls xs Blueberry 24 x (12 x 20s),24.0,162.07119741100325,162.07119741100325,WEMBS MARKETING SDN BHD,0.0,0.0,,WhatsApp Image 2026-05-12 at 11.22.24 AM.jpeg
"",Halls xs MenthoLyptus 24 x (12 x 20s),24.0,162.07119741100325,162.07119741100325,WEMBS MARKETING SDN BHD,0.0,0.0,,WhatsApp Image 2026-05-12 at 11.22.24 AM.jpeg
"",Halls xs Lime 24 x (12 x 20s),24.0,162.07119741100325,162.07119741100325,WEMBS MARKETING SDN BHD,0.0,0.0,,WhatsApp Image 2026-05-12 at 11.22.24 AM.jpeg
"",Chipsmore Original Mini 72g,1.0,27.184466019417478,27.184466019417478,WEMBS MARKETING SDN BHD,0.0,0.0,,PI-WM26-039.pdf
"",Chipsmore Double Choc Mini 72g,1.0,27.184466019417478,27.184466019417478,WEMBS MARKETING SDN BHD,0.0,0.0,,PI-WM26-039.pdf
"",Chipsmore Hazelnut Mini 72g,1.0,27.184466019417478,27.184466019417478,WEMBS MARKETING SDN BHD,0.0,0.0,,PI-WM26-039.pdf
"",Chipsmore Original 135g,1.0,24.271844660194176,24.271844660194176,WEMBS MARKETING SDN BHD,0.0,0.0,,PI-WM26-039.pdf
"",Chipsmore Double Choc 135g,1.0,24.271844660194176,24.271844660194176,WEMBS MARKETING SDN BHD,0.0,0.0,,PI-WM26-039.pdf
"",Chipsmore Hazelnut 135g,1.0,24.271844660194176,24.271844660194176,WEMBS MARKETING SDN BHD,0.0,0.0,,PI-WM26-039.pdf
"",Chipsmore Original Handy Mp 16 x (8 x 24g),16.0,27.44336569579288,27.44336569579288,WEMBS MARKETING SDN BHD,0.0,0.0,,WhatsApp Image 2026-05-12 at 11.22.24 AM.jpeg
"",Chipsmore Double Choc Handy Mp 16 x (8 x 24g),16.0,27.44336569579288,27.44336569579288,WEMBS MARKETING SDN BHD,0.0,0.0,,WhatsApp Image 2026-05-12 at 11.22.24 AM.jpeg
"",Chipsmore Hazelnut Handy Mp 16 x (8 x 24g),16.0,27.44336569579288,27.44336569579288,WEMBS MARKETING SDN BHD,0.0,0.0,,WhatsApp Image 2026-05-12 at 11.22.24 AM.jpeg
"",Twisties Cherry Tomato Bomb 13g 16 x (24 x 13g),24.0,52.42718446601942,52.42718446601942,WEMBS MARKETING SDN BHD,0.0,0.0,,PI-WM26-039.pdf
"",Twisties Kaboom BBQ Curry 60g 6 x (10 x 60g),6.0,31.61812297734628,31.22977346278317,WEMBS MARKETING SDN BHD,0.0,0.0,,WhatsApp Image 2026-05-12 at 11.23.23 AM.jpeg
"",Twisties Cheeky Cheddar Cheese 60g 6 x (10 x 60g),6.0,31.61812297734628,31.22977346278317,WEMBS MARKETING SDN BHD,0.0,0.0,,WhatsApp Image 2026-05-12 at 11.23.23 AM.jpeg
"",Twisties Roast Chicken Dance 60g 6 x (10 x 60g),6.0,31.61812297734628,31.22977346278317,WEMBS MARKETING SDN BHD,0.0,0.0,,WhatsApp Image 2026-05-12 at 11.23.23 AM.jpeg
"",Twisties Flaming Cheese 60g 6 x (10 x 60g),6.0,31.61812297734628,31.22977346278317,WEMBS MARKETING SDN BHD,0.0,0.0,,WhatsApp Image 2026-05-12 at 11.23.23 AM.jpeg
"",Twisties Kaboom BBQ Curry 140g 18 x 140g,18.0,20.06472491909385,19.80582524271845,WEMBS MARKETING SDN BHD,0.0,0.0,,WhatsApp Image 2026-05-12 at 11.23.23 AM.jpeg
"",Twisties Cheeky Cheddar Cheese 140g 18 x 140g,18.0,20.06472491909385,19.80582524271845,WEMBS MARKETING SDN BHD,0.0,0.0,,WhatsApp Image 2026-05-12 at 11.23.23 AM.jpeg
"",Twisties Chipster Original 60g 3 x (10 x 60g),3.0,28.02588996763754,28.02588996763754,WEMBS MARKETING SDN BHD,0.0,0.0,,WhatsApp Image 2026-05-12 at 11.22.24 AM.jpeg
"",Twisties Chipster Hot Spicy 130g 12 x 130g,12.0,21.844660194174757,21.844660194174757,WEMBS MARKETING SDN BHD,0.0,0.0,,WhatsApp Image 2026-05-12 at 11.22.24 AM.jpeg
"",Twisties Chipster Flaming BBQ 130g 12 x 130g,12.0,21.844660194174757,21.844660194174757,WEMBS MARKETING SDN BHD,0.0,0.0,,PI-WM26-039.pdf
"",Cheezels Original Mp 15 x (8 x 13g),15.0,21.650485436893206,324.75728155339806,WEMBS MARKETING SDN BHD,0.0,0.0,,WhatsApp Image 2026-05-12 at 11.22.36 AM.jpeg
"",Chipsmore Almond Crunch 1x24x117g,24.0,21.87702265372168,21.87702265372168,WEMBS MARKETING SDN BHD,0.0,0.0,,PI-WM26-039.pdf
"",Mamee Monster Chicken 10 x (10 x 25g),10.0,14.854368932038835,14.854368932038835,WEMBS MARKETING SDN BHD,0.0,0.0,,PI-WM26-039.pdf
"",Mamee Monster Chicken (FOC) 10 x (10 x 25g),10.0,0.0,0.0,WEMBS MARKETING SDN BHD,0.0,0.0,,PI-WM26-039.pdf
"",Mamee Monster BBQ 10 x (10 x 25g),10.0,14.854368932038835,14.854368932038835,WEMBS MARKETING SDN BHD,0.0,0.0,,PI-WM26-039.pdf
"",Mamee Monster BBQ (FOC) 10 x (10 x 25g),10.0,0.0,0.0,WEMBS MARKETING SDN BHD,0.0,0.0,,PI-WM26-039.pdf
"",Mamee Monster Hot Spicy 10 x (10 x 25g),10.0,14.854368932038835,14.854368932038835,WEMBS MARKETING SDN BHD,0.0,0.0,,PI-WM26-039.pdf
"",Mamee Monster Hot Spicy (FOC) 10 x (10 x 25g),10.0,0.0,0.0,WEMBS MARKETING SDN BHD,0.0,0.0,,PI-WM26-039.pdf
"",Super Ring 6 x (10 x 60g),10.0,36.990291262135926,36.990291262135926,WEMBS MARKETING SDN BHD,0.0,0.0,,PI-WM26-039.pdf
"",Super Ring (FOC) 6 x (10 x 60g),10.0,0.0,0.0,WEMBS MARKETING SDN BHD,0.0,0.0,,PI-WM26-039.pdf
"",Ibumie Dry Noodles Original 12 x (5s x 80g),5.0,18.349514563106798,18.349514563106798,WEMBS MARKETING SDN BHD,0.0,0.0,,PI-WM26-039.pdf
"",Ibumie Dry Noodles Thai Tom Yam 12 x (5s x 80g),5.0,18.349514563106798,18.349514563106798,WEMBS MARKETING SDN BHD,0.0,0.0,,PI-WM26-039.pdf
"",Ribena Pasttile w Ziplock Mixberries 24 x (12 x 46g),12.0,279.0938511326861,279.0938511326861,WEMBS MARKETING SDN BHD,0.0,0.0,,PI-WM26-039.pdf
"",Ribena Pasttile w Ziplock Regular 24 x (12 x 46g),12.0,279.0938511326861,279.0938511326861,WEMBS MARKETING SDN BHD,0.0,0.0,,PI-WM26-039.pdf
"",Chipsmore Original Mini 72g 48 x 72g,48.0,27.184466019417478,27.184466019417478,WEMBS MARKETING SDN BHD,0.0,0.0,,WhatsApp Image 2026-05-12 at 11.22.24 AM.jpeg
"",Chipsmore Double Choc Mini 72g 48 x 72g,48.0,27.184466019417478,26.860841423948223,WEMBS MARKETING SDN BHD,0.0,0.0,,WhatsApp Image 2026-05-12 at 11.23.23 AM.jpeg
"",Chipsmore Hazelnut Mini 72g 48 x 72g,48.0,27.184466019417478,27.184466019417478,WEMBS MARKETING SDN BHD,0.0,0.0,,WhatsApp Image 2026-05-12 at 11.22.24 AM.jpeg
"",Chipsmore Original 135g 24 x 135g,24.0,24.271844660194176,24.271844660194176,WEMBS MARKETING SDN BHD,0.0,0.0,,WhatsApp Image 2026-05-12 at 11.22.24 AM.jpeg
"",Chipsmore Double Choc 135g 24 x 135g,24.0,24.271844660194176,24.271844660194176,WEMBS MARKETING SDN BHD,0.0,0.0,,WhatsApp Image 2026-05-12 at 11.22.24 AM.jpeg
"",Chipsmore Hazelnut 135g 24 x 135g,24.0,24.271844660194176,24.271844660194176,WEMBS MARKETING SDN BHD,0.0,0.0,,WhatsApp Image 2026-05-12 at 11.22.24 AM.jpeg
"",Twisties Cherry Tomato Bomb 60g 6 x (10 x 60g),6.0,31.61812297734628,31.22977346278317,WEMBS MARKETING SDN BHD,0.0,0.0,,WhatsApp Image 2026-05-12 at 11.23.23 AM.jpeg
"",Twisties Roast Chicken Dance 140g 18 x 140g,18.0,20.06472491909385,20.06472491909385,WEMBS MARKETING SDN BHD,0.0,0.0,,WhatsApp Image 2026-05-12 at 11.22.24 AM.jpeg
"",Twisties Cherry Tomato Bomb 140g 18 x 140g,18.0,20.06472491909385,20.06472491909385,WEMBS MARKETING SDN BHD,0.0,0.0,,WhatsApp Image 2026-05-12 at 11.22.24 AM.jpeg
"",Twisties Kaboom BBQ Curry MP 30 x (8 x 13g),30.0,42.62135922330097,42.62135922330097,WEMBS MARKETING SDN BHD,0.0,0.0,,WhatsApp Image 2026-05-12 at 11.22.24 AM.jpeg
"",Twisties Cheeky Cheddar Cheese MP 30 x (8 x 13g),30.0,42.62135922330097,42.62135922330097,WEMBS MARKETING SDN BHD,0.0,0.0,,WhatsApp Image 2026-05-12 at 11.22.24 AM.jpeg
"",Ibumie Dry Noodles Prawn Har Mee 12 x (5s x 80g),12.0,18.349514563106798,18.349514563106798,WEMBS MARKETING SDN BHD,0.0,0.0,,WB260502 Tian Ma - 40FT Truck (Mixed).pdf
"",Hacks Regular (50x100gm),50.0,38.4,1920.0,Razon Trading Pte Ltd,0.0,0.0,,WhatsApp Image 2026-05-12 at 10.17.32 AM.jpeg
"",Hacks Honey Lemon (50x100gm),50.0,38.4,1920.0,Razon Trading Pte Ltd,0.0,0.0,,WhatsApp Image 2026-05-12 at 10.17.32 AM.jpeg
"",Hacks Blackcurrant (50x100gm),50.0,38.4,1920.0,Razon Trading Pte Ltd,0.0,0.0,,WhatsApp Image 2026-05-12 at 10.17.32 AM.jpeg
"",Hacks Clove Apple (50x100gm),50.0,38.4,1920.0,Razon Trading Pte Ltd,0.0,0.0,,WhatsApp Image 2026-05-12 at 10.17.32 AM.jpeg
"",Hacks Mandarin Ginger (50x100gm),50.0,38.4,1920.0,Razon Trading Pte Ltd,0.0,0.0,,WhatsApp Image 2026-05-12 at 10.17.32 AM.jpeg
"",Hacks Clover Apple (50x100gm),1.0,38.4,38.4,Razon Trading Pte Ltd,0.0,0.0,,INV20260014.pdf
"",CORNTOZ FP Chili Cheez(P) 15g810 2KG,10.0,2.56378158596797,2.56378158596797,JB YAP BROTHERS FOOD SDN BHD,0.0,0.0,,20260425145412440 (2).pdf
"",JOYSTIX BCoated W Choco SBerry flv (15g2)126 22KG,6.0,8.118587497784938,8.118587497784938,JB YAP BROTHERS FOOD SDN BHD,0.0,0.0,,20260425145412440 (2).pdf
"",KHY Black Spicy Latiao 81212Not Ret 38KG,12.0,28.873025343558112,344.8543689320388,JB YAP BROTHERS FOOD SDN BHD,0.0,0.0,,WhatsApp Image 2026-05-12 at 11.26.18 AM.jpeg
"",Yellow Spicy 61212 40KG,12.0,28.873025343558112,344.8543689320388,JB YAP BROTHERS FOOD SDN BHD,0.0,0.0,,WhatsApp Image 2026-05-12 at 11.26.18 AM.jpeg
"",Jomei Big Spicy Snack 12122Not Ret 38KG,1.0,28.873025343558112,28.737864077669904,JB YAP BROTHERS FOOD SDN BHD,0.0,0.0,,WhatsApp Image 2026-05-12 at 11.26.18 AM.jpeg
"",BIKA Ayam H 60g106 3 KG,6.0,27.702497289089543,27.702497289089543,JB YAP BROTHERS FOOD SDN BHD,0.0,0.0,,20260425145412440 (1).pdf
"",BF Sour PowderLPop 72g1224 2KG,288.0,21.45968099859049,5840.776699029127,JB YAP BROTHERS FOOD SDN BHD,0.0,0.0,,WhatsApp Image 2026-05-12 at 11.26.18 AM.jpeg
"",BORO Original 195g36 72KG,36.0,34.53057760682288,1237.2815533980583,JB YAP BROTHERS FOOD SDN BHD,0.0,0.0,,WhatsApp Image 2026-05-12 at 11.26.18 AM.jpeg
"",BORO Pandan 195g36,36.0,34.53057760682288,1237.2815533980583,JB YAP BROTHERS FOOD SDN BHD,0.0,0.0,,WhatsApp Image 2026-05-12 at 11.26.18 AM.jpeg
"",CORNTOZ FP Chili Cheez(P) 15g810 2 KG,10.0,7.884807033573021,7.884807033573021,JB YAP BROTHERS FOOD SDN BHD,0.0,0.0,,20260425145412440 (1).pdf
"",FIZZY Kola 120g48,48.0,31.99443348880764,1528.5436893203885,JB YAP BROTHERS FOOD SDN BHD,0.0,0.0,,WhatsApp Image 2026-05-12 at 11.26.18 AM.jpeg
"",120g48 FRUIT PLUS Apple,48.0,31.99443348880764,1528.5436893203885,JB YAP BROTHERS FOOD SDN BHD,0.0,0.0,,WhatsApp Image 2026-05-12 at 11.26.18 AM.jpeg
"",120g48 FRUIT PLUS BCurrant 58KG,48.0,31.99443348880764,1528.5436893203885,JB YAP BROTHERS FOOD SDN BHD,0.0,0.0,,WhatsApp Image 2026-05-12 at 11.26.18 AM.jpeg
"",120g48 FRUIT PLUS Lychee,48.0,31.99443348880764,1528.5436893203885,JB YAP BROTHERS FOOD SDN BHD,0.0,0.0,,WhatsApp Image 2026-05-12 at 11.26.18 AM.jpeg
"",120g48 FRUIT PLUS Mango,48.0,31.99443348880764,1528.5436893203885,JB YAP BROTHERS FOOD SDN BHD,0.0,0.0,,WhatsApp Image 2026-05-12 at 11.26.18 AM.jpeg
"",120g48 FRUIT PLUS SBerry,48.0,31.99443348880764,1528.5436893203885,JB YAP BROTHERS FOOD SDN BHD,0.0,0.0,,WhatsApp Image 2026-05-12 at 11.26.18 AM.jpeg
"",40g1015 Kuaci RamaRama Marjerin 62KG,150.0,44.13866205391908,6589.805825242719,JB YAP BROTHERS FOOD SDN BHD,0.0,0.0,,WhatsApp Image 2026-05-12 at 11.26.18 AM.jpeg
"",JOYSTIX BCoated W Choco SBerry flv (15g2)126,72.0,24.971265161996204,1792.621359223301,JB YAP BROTHERS FOOD SDN BHD,0.0,0.0,,WhatsApp Image 2026-05-12 at 11.26.18 AM.jpeg
"",JOYSTIX B Coated W Choco Vanilla flv (15g2)126 22KG,6.0,24.971265161996204,24.971265161996204,JB YAP BROTHERS FOOD SDN BHD,0.0,0.0,,20260425145412440 (1).pdf
"",MAMEE Cup Chicken 63g628,6.0,22.922841066676206,136.89320388349515,JB YAP BROTHERS FOOD SDN BHD,0.0,0.0,,WhatsApp Image 2026-05-12 at 11.26.18 AM.jpeg
"",MAMEE Cup Curry 63g628 40KG,8.0,22.922841066676206,22.922841066676206,JB YAP BROTHERS FOOD SDN BHD,0.0,0.0,,20260425145412440 (1).pdf
"",MAMEE Cup Tomyam 60g628,6.0,22.922841066676206,136.89320388349515,JB YAP BROTHERS FOOD SDN BHD,0.0,0.0,,WhatsApp Image 2026-05-12 at 11.26.18 AM.jpeg
"",MAMEE Cup Vege 64g628,6.0,22.922841066676206,136.89320388349515,JB YAP BROTHERS FOOD SDN BHD,0.0,0.0,,WhatsApp Image 2026-05-12 at 11.26.18 AM.jpeg
"",MENTOS Bottle Mix Grape 120g68,48.0,8.291240385819053,3780.1685477092137,JB YAP BROTHERS FOOD SDN BHD,0.0,0.0,,WhatsApp Image 2026-05-12 at 11.25.46 AM.jpeg
"",MENTOS Bottle Mint 120g68 6KG,8.0,8.291240385819053,8.291240385819053,JB YAP BROTHERS FOOD SDN BHD,0.0,0.0,,20260425145412440 (1).pdf
"",MENTOS Bottle Sour Mix 120g68,48.0,8.291240385819053,396.11650485436894,JB YAP BROTHERS FOOD SDN BHD,0.0,0.0,,WhatsApp Image 2026-05-12 at 11.26.18 AM.jpeg
"",MENTOS Bottle Yogurt 120g68,48.0,8.291240385819053,3780.1685477092137,JB YAP BROTHERS FOOD SDN BHD,0.0,0.0,,WhatsApp Image 2026-05-12 at 11.25.46 AM.jpeg
"",NICKEY Sarsi Pop 5030 17KG,30.0,54.6246425418667,1631.0679611650487,JB YAP BROTHERS FOOD SDN BHD,0.0,0.0,,WhatsApp Image 2026-05-12 at 11.26.18 AM.jpeg
"",JOYSTIX B Coated W Choco flv Cream 40g126 3KG,6.0,24.971265161996204,24.971265161996204,JB YAP BROTHERS FOOD SDN BHD,0.0,0.0,,20260425145412440 (1).pdf
"",JOYSTIX BCoated W SBerry flv Cream 40g126 3KG,6.0,24.971265161996204,24.971265161996204,JB YAP BROTHERS FOOD SDN BHD,0.0,0.0,,20260425145412440 (1).pdf
"",80g616 RINDA Mixed Fruit Nata Pudding,96.0,19.508800907809537,60.0,JB YAP BROTHERS FOOD SDN BHD,60.0,60.0,,CamScanner 12-05-2026 13.54.pdf
"",80g616 RINDA Mango Nata Pudding 77kg,16.0,19.508800907809537,19.508800907809537,JB YAP BROTHERS FOOD SDN BHD,0.0,0.0,,20260425145412440 (1).pdf
"",SHOYUEMI Mee Seaweed 14g824 27kg,24.0,28.17070851087697,28.17070851087697,JB YAP BROTHERS FOOD SDN BHD,0.0,0.0,,20260425145412440 (1).pdf
"",SNEK KU Tam Tam (20g8)24 44kg,24.0,28.17070851087697,28.17070851087697,JB YAP BROTHERS FOOD SDN BHD,0.0,0.0,,20260425145412440 (1).pdf
"",SHOYUEMI Curry 50g106,60.0,25.94670520738668,79.8,JB YAP BROTHERS FOOD SDN BHD,79.8,79.8,,CamScanner 12-05-2026 13.54.pdf
"",SHOYUEMI Original 50g106 23kg,6.0,25.94670520738668,25.94670520738668,JB YAP BROTHERS FOOD SDN BHD,0.0,0.0,,20260425145412440 (1).pdf
"",SHOYUEMI Spicy 50g106,60.0,25.94670520738668,79.8,JB YAP BROTHERS FOOD SDN BHD,79.8,79.8,,CamScanner 12-05-2026 13.54.pdf
"",MIMI 60g106,60.0,25.94670520738668,79.8,JB YAP BROTHERS FOOD SDN BHD,79.8,79.8,,CamScanner 12-05-2026 13.54.pdf
"",TAM TAM 60g106 J 43kg,6.0,25.94670520738668,25.94670520738668,JB YAP BROTHERS FOOD SDN BHD,0.0,0.0,,20260425145412440 (1).pdf
"",RM2801212 Tfish Ncrisp Peanut Cdy 8 12kg,8.0,85.25345996712767,85.25345996712767,JB YAP BROTHERS FOOD SDN BHD,0.0,0.0,,20260425145412440 (1).pdf
"",HSWang Wang Ball Cake 45g104 2kg,4.0,15.867158071685088,15.867158071685088,JB YAP BROTHERS FOOD SDN BHD,0.0,0.0,,20260425145412440 (1).pdf
"",KHY Abang Latioa Stick 26g1212 38kg,12.0,2.4060854452965095,2.4060854452965095,JB YAP BROTHERS FOOD SDN BHD,0.0,0.0,,20260425145412440 (1).pdf
"",KHY Black Spicy Latiao 81212Not Ret,144.0,28.737864077669904,88.8,JB YAP BROTHERS FOOD SDN BHD,88.8,88.8,,CamScanner 12-05-2026 13.54.pdf
"",Yellow Spicy 61212,144.0,28.737864077669904,88.8,JB YAP BROTHERS FOOD SDN BHD,88.8,88.8,,CamScanner 12-05-2026 13.54.pdf
"",Jomei Big Spicy Snack 12122Not Ret,144.0,28.737864077669904,88.8,JB YAP BROTHERS FOOD SDN BHD,88.8,88.8,,CamScanner 12-05-2026 13.54.pdf
"",AKIKO Fruity MMallow Twist 85g40(B),40.0,25.24271844660194,78.0,JB YAP BROTHERS FOOD SDN BHD,78.0,78.0,,CamScanner 12-05-2026 13.54.pdf
"",AKIKO VFood Pastel Marshmallow 60g50,50.0,31.55339805825243,97.5,JB YAP BROTHERS FOOD SDN BHD,97.5,97.5,,CamScanner 12-05-2026 13.54.pdf
"",BIKA Ayam H 60g106,60.0,27.572815533980584,15787.762758079658,JB YAP BROTHERS FOOD SDN BHD,85.2,85.2,,WhatsApp Image 2026-05-12 at 11.25.46 AM.jpeg
"",BF Sour PowderLPop 72g1224,288.0,21.359223300970875,66.0,JB YAP BROTHERS FOOD SDN BHD,66.0,66.0,,CamScanner 12-05-2026 13.54.pdf
"",BORO Original 195g36,36.0,34.368932038834956,106.2,JB YAP BROTHERS FOOD SDN BHD,106.2,106.2,,CamScanner 12-05-2026 13.54.pdf
"",CORNTOZ FP Chili Cheez(P) 15g810,80.0,8.090614886731393,25.0,JB YAP BROTHERS FOOD SDN BHD,25.0,25.0,,CamScanner 12-05-2026 13.54.pdf
"",CORNTOZ FP Hotz Spicy(M) 15g810,80.0,8.090614886731393,647.2491909385113,JB YAP BROTHERS FOOD SDN BHD,25.0,25.0,,WhatsApp Image 2026-05-12 at 11.26.18 AM.jpeg
"",120g48 FRUIT PLUS BCurrant,48.0,31.84466019417476,98.4,JB YAP BROTHERS FOOD SDN BHD,98.4,98.4,,CamScanner 12-05-2026 13.54.pdf
"",40g1015 Kuaci RamaRama Marjerin,150.0,43.932038834951456,135.75,JB YAP BROTHERS FOOD SDN BHD,135.75,135.75,,CamScanner 12-05-2026 13.54.pdf
"",JOYSTIX B Coated W Choco Vanilla flv (15g2)126,6.0,24.854368932038835,24.854368932038835,JB YAP BROTHERS FOOD SDN BHD,76.8,76.8,,26-04695.PDF
"",MAMEE Cup Curry 63g628,6.0,22.815533980582526,136.89320388349515,JB YAP BROTHERS FOOD SDN BHD,70.5,70.5,,WhatsApp Image 2026-05-12 at 11.26.18 AM.jpeg
"",MENTOS Bottle Mint 120g68,48.0,8.25242718446602,396.11650485436894,JB YAP BROTHERS FOOD SDN BHD,25.5,25.5,,WhatsApp Image 2026-05-12 at 11.26.18 AM.jpeg
"",NICKEY Sarsi Pop 5030,30.0,54.368932038834956,168.0,JB YAP BROTHERS FOOD SDN BHD,168.0,168.0,,CamScanner 12-05-2026 13.54.pdf
"",JOYSTIX B Coated W Choco flv Cream 40g126,6.0,24.854368932038835,24.854368932038835,JB YAP BROTHERS FOOD SDN BHD,76.8,76.8,,26-04695.PDF
"",JOYSTIX BCoated W SBerry flv Cream 40g126,72.0,24.854368932038835,76.8,JB YAP BROTHERS FOOD SDN BHD,76.8,76.8,,CamScanner 12-05-2026 13.54.pdf
"",80g616 RINDA Mango Nata Pudding,96.0,19.417475728155342,60.0,JB YAP BROTHERS FOOD SDN BHD,60.0,60.0,,CamScanner 12-05-2026 13.54.pdf
"",SHOYUEMI Original 14g824,192.0,29.514563106796118,91.2,JB YAP BROTHERS FOOD SDN BHD,91.2,91.2,,CamScanner 12-05-2026 13.54.pdf
"",SHOYUEMI Mee Seaweed 14g824,192.0,29.514563106796118,91.2,JB YAP BROTHERS FOOD SDN BHD,91.2,91.2,,CamScanner 12-05-2026 13.54.pdf
"",SHOYUEMI Spicy 14g824,192.0,29.514563106796118,91.2,JB YAP BROTHERS FOOD SDN BHD,91.2,91.2,,CamScanner 12-05-2026 13.54.pdf
"",SNEK KU Mimi (20g8)24,192.0,29.514563106796118,91.2,JB YAP BROTHERS FOOD SDN BHD,91.2,91.2,,CamScanner 12-05-2026 13.54.pdf
"",SNEK KU Tam Tam (20g8)24,192.0,29.514563106796118,91.2,JB YAP BROTHERS FOOD SDN BHD,91.2,91.2,,CamScanner 12-05-2026 13.54.pdf
"",SHOYUEMI Original 50g106,60.0,25.825242718446603,79.8,JB YAP BROTHERS FOOD SDN BHD,79.8,79.8,,CamScanner 12-05-2026 13.54.pdf
"",TAM TAM 60g106,60.0,25.825242718446603,79.8,JB YAP BROTHERS FOOD SDN BHD,79.8,79.8,,CamScanner 12-05-2026 13.54.pdf
"",RM2801212 Tfish Ncrisp Peanut Cdy 8,1152.0,89.32038834951457,981954.3709814051,JB YAP BROTHERS FOOD SDN BHD,276.0,276.0,,WhatsApp Image 2026-05-12 at 11.25.46 AM.jpeg
"",HSWang Wang Ball Cake 45g104,40.0,15.792880258899677,48.8,JB YAP BROTHERS FOOD SDN BHD,48.8,48.8,,CamScanner 12-05-2026 13.54.pdf
"",KHY Abang Latioa Stick 26g1212,144.0,2.3948220064724923,7.4,JB YAP BROTHERS FOOD SDN BHD,7.4,7.4,,CamScanner 12-05-2026 13.54.pdf
"",CORNTOZ Chili Cheez 100g105,50.0,26.811383531995997,12816.747935451991,JB YAP BROTHERS FOOD SDN BHD,0.0,0.0,,WhatsApp Image 2026-05-12 at 11.25.46 AM.jpeg
"",CORNTOZ Hotz Spicy 100g105,50.0,26.811383531995997,12816.747935451991,JB YAP BROTHERS FOOD SDN BHD,0.0,0.0,,WhatsApp Image 2026-05-12 at 11.25.46 AM.jpeg
"",CORNTOZ Smoky BBQZ 100g105,50.0,26.811383531995997,12816.747935451991,JB YAP BROTHERS FOOD SDN BHD,0.0,0.0,,WhatsApp Image 2026-05-12 at 11.25.46 AM.jpeg
"",DAN HUA CAKE 102g1010,100.0,117.90548179733179,112725.61437204762,JB YAP BROTHERS FOOD SDN BHD,0.0,0.0,,WhatsApp Image 2026-05-12 at 11.25.46 AM.jpeg
"",DOUBLE DECKER Cheese Ring 70g105,50.0,26.32684045611655,12585.119960714906,JB YAP BROTHERS FOOD SDN BHD,0.0,0.0,,WhatsApp Image 2026-05-12 at 11.25.46 AM.jpeg
"",DOUBLE DECKER Chicken 65g105,50.0,26.32684045611655,12585.119960714906,JB YAP BROTHERS FOOD SDN BHD,0.0,0.0,,WhatsApp Image 2026-05-12 at 11.25.46 AM.jpeg
"",DOUBLE DECKER Prawn 80g105,50.0,26.32684045611655,12585.119960714906,JB YAP BROTHERS FOOD SDN BHD,0.0,0.0,,WhatsApp Image 2026-05-12 at 11.25.46 AM.jpeg
"",MAMEE Cup Chicken 60g68,48.0,24.227153793972285,11118.14278738004,JB YAP BROTHERS FOOD SDN BHD,0.0,0.0,,WhatsApp Image 2026-05-12 at 11.25.46 AM.jpeg
"",MAMEE Cup Curry 65g68,48.0,24.227153793972285,11118.14278738004,JB YAP BROTHERS FOOD SDN BHD,0.0,0.0,,WhatsApp Image 2026-05-12 at 11.25.46 AM.jpeg
"",MAMEE Cup Tomyam 60g68,48.0,24.227153793972285,11118.14278738004,JB YAP BROTHERS FOOD SDN BHD,0.0,0.0,,WhatsApp Image 2026-05-12 at 11.25.46 AM.jpeg
"",MAMEE Cup Veg 65g68,48.0,24.227153793972285,11118.14278738004,JB YAP BROTHERS FOOD SDN BHD,0.0,0.0,,WhatsApp Image 2026-05-12 at 11.25.46 AM.jpeg
"",PAGODA Shandong (110g10)6,60.0,46.51613528442679,26683.542689712096,JB YAP BROTHERS FOOD SDN BHD,0.0,0.0,,WhatsApp Image 2026-05-12 at 11.25.46 AM.jpeg
"",JACKER Potato BBQ 110g14,14.0,14.019446328778628,1876.4954326700313,JB YAP BROTHERS FOOD SDN BHD,0.0,0.0,,WhatsApp Image 2026-05-12 at 11.25.46 AM.jpeg
"",JACKER Potato S Cream 110g14,14.0,14.019446328778628,14.019446328778628,JB YAP BROTHERS FOOD SDN BHD,0.0,0.0,,20260302122343955.pdf
"",JACKER Potato Original 110g14,14.0,14.019446328778628,1876.4954326700313,JB YAP BROTHERS FOOD SDN BHD,0.0,0.0,,WhatsApp Image 2026-05-12 at 11.25.46 AM.jpeg
"",KHY Abang Latioa Stick 26g1212 (Not Ret),144.0,29.847853474173856,41092.65574215663,JB YAP BROTHERS FOOD SDN BHD,0.0,0.0,,WhatsApp Image 2026-05-12 at 11.25.46 AM.jpeg
"",HIMALAYA Actiwhoosh Mints 15g1212,144.0,60.083341409051265,82718.9823381075,JB YAP BROTHERS FOOD SDN BHD,0.0,0.0,,WhatsApp Image 2026-05-12 at 11.25.46 AM.jpeg
"",HIMALAYA Altice Fresh 15g1212,12.0,60.083341409051265,60.083341409051265,JB YAP BROTHERS FOOD SDN BHD,0.0,0.0,,20260302122343955.pdf
"",HIMALAYA Honey Lime Mints 15g1212,144.0,60.083341409051265,82718.9823381075,JB YAP BROTHERS FOOD SDN BHD,0.0,0.0,,WhatsApp Image 2026-05-12 at 11.25.46 AM.jpeg
"",WOODSPeppermint Lozenges 15g1518,270.0,120.94195173950963,312197.44946963154,JB YAP BROTHERS FOOD SDN BHD,0.0,0.0,,WhatsApp Image 2026-05-12 at 11.25.46 AM.jpeg
"",WOODSCherry Flv 15g1518,270.0,120.94195173950963,312197.44946963154,JB YAP BROTHERS FOOD SDN BHD,0.0,0.0,,WhatsApp Image 2026-05-12 at 11.25.46 AM.jpeg
"",WOODSLemon Flv 15g1518,270.0,120.94195173950963,312197.44946963154,JB YAP BROTHERS FOOD SDN BHD,0.0,0.0,,WhatsApp Image 2026-05-12 at 11.25.46 AM.jpeg
"",DAHFA Fish Fillet 280g20 NOT RETURNABLE,20.0,95.61650030687728,18283.168139247176,JB YAP BROTHERS FOOD SDN BHD,0.0,0.0,,WhatsApp Image 2026-05-12 at 11.25.46 AM.jpeg
"",DAHFA Fish Fillet 50g108 NOT RETURNABLE,8.0,93.54911651645833,93.54911651645833,JB YAP BROTHERS FOOD SDN BHD,0.0,0.0,,20260302122343955.pdf
"",CORNTOZ FP Hotz Spicy (M) 15g810,10.0,8.075717931324094,8.075717931324094,JB YAP BROTHERS FOOD SDN BHD,0.0,0.0,,20260302122343955.pdf
"",DOLPHIN Konjac Drink Grape 130g104,4.0,18.089608166165974,18.089608166165974,JB YAP BROTHERS FOOD SDN BHD,0.0,0.0,,20260302122343955.pdf
"",DOLPHIN Konjac Drink Lychee 130g104,4.0,18.089608166165974,18.089608166165974,JB YAP BROTHERS FOOD SDN BHD,0.0,0.0,,20260302122343955.pdf
"",DOLPHIN Konjac Jelly Mango 20g1524,24.0,30.623122395580967,30.623122395580967,JB YAP BROTHERS FOOD SDN BHD,0.0,0.0,,20260302122343955.pdf
"",DOLPHIN Konjac Jelly Peach 20g1524,24.0,30.623122395580967,30.623122395580967,JB YAP BROTHERS FOOD SDN BHD,0.0,0.0,,20260302122343955.pdf
"",LIGO Raisin Seedless 30g144Not Ret,144.0,72.10000969086151,72.10000969086151,JB YAP BROTHERS FOOD SDN BHD,0.0,0.0,,20260302122343955.pdf
"",LIGO Raisin GSeedless 30g144Not Ret,144.0,74.42581645508287,74.42581645508287,JB YAP BROTHERS FOOD SDN BHD,0.0,0.0,,20260302122343955.pdf
"",LOT 100 Gummy Mango 130g24,24.0,35.662370384727204,35.662370384727204,JB YAP BROTHERS FOOD SDN BHD,0.0,0.0,,20260302122343955.pdf
"",LOT 100 Gummy SBerry 130g24,24.0,35.662370384727204,35.662370384727204,JB YAP BROTHERS FOOD SDN BHD,0.0,0.0,,20260302122343955.pdf
"",LOT 100 Sour Apple 95g24,24.0,28.297315631359627,28.297315631359627,JB YAP BROTHERS FOOD SDN BHD,0.0,0.0,,20260302122343955.pdf
"",LOT 100 Sour Blackcurrant 95g24,24.0,28.297315631359627,28.297315631359627,JB YAP BROTHERS FOOD SDN BHD,0.0,0.0,,20260302122343955.pdf
"",LOT 100 Sour Mango 95g24,24.0,28.297315631359627,28.297315631359627,JB YAP BROTHERS FOOD SDN BHD,0.0,0.0,,20260302122343955.pdf
"",LOT 100 Sour Orange 95g24,24.0,28.297315631359627,28.297315631359627,JB YAP BROTHERS FOOD SDN BHD,0.0,0.0,,20260302122343955.pdf
"",LOT 100 Sour SBerry 95g24,24.0,28.297315631359627,28.297315631359627,JB YAP BROTHERS FOOD SDN BHD,0.0,0.0,,20260302122343955.pdf
"",YLF Pikin Plum Candy 40g1212,12.0,71.32474076945441,71.32474076945441,JB YAP BROTHERS FOOD SDN BHD,0.0,0.0,,20260302122343955.pdf
"",REDONDO WStick Cappuccino 100g24,24.0,40.31398391316988,40.31398391316988,JB YAP BROTHERS FOOD SDN BHD,0.0,0.0,,20260302122343955.pdf
"",REDONDO WStick Choco 100g24,24.0,40.31398391316988,40.31398391316988,JB YAP BROTHERS FOOD SDN BHD,0.0,0.0,,20260302122343955.pdf
"",REDONDO WStick Cookies Cream 100g24,24.0,40.31398391316988,40.31398391316988,JB YAP BROTHERS FOOD SDN BHD,0.0,0.0,,20260302122343955.pdf
"",REDONDO WStick Green Tea 100g24,24.0,40.31398391316988,40.31398391316988,JB YAP BROTHERS FOOD SDN BHD,0.0,0.0,,20260302122343955.pdf
"",REDONDO WStick SBerry 100g24,24.0,40.31398391316988,40.31398391316988,JB YAP BROTHERS FOOD SDN BHD,0.0,0.0,,20260302122343955.pdf
"",REDONDO WStick Vanilla 100g24,24.0,40.31398391316988,40.31398391316988,JB YAP BROTHERS FOOD SDN BHD,0.0,0.0,,20260302122343955.pdf
"",JACKER Potato BBQ (60g12)3,3.0,22.288981490454503,22.288981490454503,JB YAP BROTHERS FOOD SDN BHD,0.0,0.0,,20260302122343955.pdf
"",JACKER Potato H S (60g12)3,3.0,22.288981490454503,22.288981490454503,JB YAP BROTHERS FOOD SDN BHD,0.0,0.0,,20260302122343955.pdf
"",JACKER Potato Natural (60g12)3,3.0,22.288981490454503,22.341860908640246,JB YAP BROTHERS FOOD SDN BHD,69.0,69.0,,WhatsApp Image 2026-05-12 at 11.26.01 AM.jpeg
"",JACKER Potato Tomato (60g12)3,3.0,22.288981490454503,22.341860908640246,JB YAP BROTHERS FOOD SDN BHD,69.0,69.0,,WhatsApp Image 2026-05-12 at 11.26.01 AM.jpeg
"",SWIZZLEF Mini Roll BBerry 18g2412,288.0,23.258067642213394,23.31324616553765,JB YAP BROTHERS FOOD SDN BHD,72.0,72.0,,WhatsApp Image 2026-05-12 at 11.26.01 AM.jpeg
"",SWIZZLEF Mini Roll Coconut 18g2412,288.0,23.258067642213394,23.31324616553765,JB YAP BROTHERS FOOD SDN BHD,72.0,72.0,,WhatsApp Image 2026-05-12 at 11.26.01 AM.jpeg
"",SWIZZLEF Mini Roll Choco 18g2412,288.0,23.258067642213394,23.31324616553765,JB YAP BROTHERS FOOD SDN BHD,72.0,72.0,,WhatsApp Image 2026-05-12 at 11.26.01 AM.jpeg
"",SWIZZLEF Mini Roll SBerry 18g2412,288.0,23.258067642213394,23.31324616553765,JB YAP BROTHERS FOOD SDN BHD,72.0,72.0,,WhatsApp Image 2026-05-12 at 11.26.01 AM.jpeg
"",SAMYANG HOT CHICKEN BIG BOWL 953385,16.0,37.6,37.6,SING LONG FOODSTUFF TRADING CO PTE LTD,0.0,0.0,,Sing Long Offer Quotation 22.04.2026 - Tian Ma.pdf
"",SAMYANG HOT CHICKEN CHEESE BIG BOWL953385,16.0,37.6,37.6,SING LONG FOODSTUFF TRADING CO PTE LTD,0.0,0.0,,Sing Long Offer Quotation 22.04.2026 - Tian Ma.pdf
"",SAMYANG HOT CHICKEN CARBONARA BIG BOWL,16.0,37.6,37.6,SING LONG FOODSTUFF TRADING CO PTE LTD,0.0,0.0,,Sing Long Offer Quotation 22.04.2026 - Tian Ma.pdf
"",SAMYANG HOT CHICKENCREAMCARBONARA BIG BOWL,16.0,37.6,37.6,SING LONG FOODSTUFF TRADING CO PTE LTD,0.0,0.0,,Sing Long Offer Quotation 22.04.2026 - Tian Ma.pdf
"",SAMYANG HOT CHICKEN ROSE BIG BOWL,16.0,37.6,37.6,SING LONG FOODSTUFF TRADING CO PTE LTD,0.0,0.0,,Sing Long Offer Quotation 22.04.2026 - Tian Ma.pdf
"",SAMYANG HOT CHICKEN CARBONARA RAMEN,8.0,56.0,56.0,SING LONG FOODSTUFF TRADING CO PTE LTD,0.0,0.0,,Sing Long Offer Quotation 22.04.2026 - Tian Ma.pdf
"",SAMYANG HOT CHICKEN CHEESE RAMEN 953287,8.0,56.0,56.0,SING LONG FOODSTUFF TRADING CO PTE LTD,0.0,0.0,,Sing Long Offer Quotation 22.04.2026 - Tian Ma.pdf
"",SAMYANG HOT CHICKEN RAMEN 953379,8.0,52.0,52.0,SING LONG FOODSTUFF TRADING CO PTE LTD,0.0,0.0,,Sing Long Offer Quotation 22.04.2026 - Tian Ma.pdf
"",SL SEASONEDSEAWEED (PERILLAOIL LAVER) (L2),12.0,33.6,33.6,SING LONG FOODSTUFF TRADING CO PTE LTD,0.0,0.0,,Sing Long Offer Quotation 22.04.2026 - Tian Ma.pdf
"",SL PERILLA OIL LAVER,12.0,46.8,46.8,SING LONG FOODSTUFF TRADING CO PTE LTD,0.0,0.0,,Sing Long Offer Quotation 22.04.2026 - Tian Ma.pdf
"",SAMYANG HOT CHICKEN CARBONARA BIG BOWL 105G X 16,16.0,37.6,37.6,SING LONG FOODSTUFF TRADING COMPANY PTE LTD,0.0,0.0,,WhatsApp Image 2026-05-09 at 9.44.56 AM.jpeg
"",SL SEASONEDSEAWEED(PERILLAOIL LAVER) 4GX8SX12(L2),12.0,33.6,33.6,SING LONG FOODSTUFF TRADING COMPANY PTE LTD,0.0,0.0,,WhatsApp Image 2026-05-09 at 9.44.56 AM.jpeg
"",COKE ORIGINAL (CAN) 24 X 320ML,24.0,223.2,223.2,SY FOODSTUFFS TRADING PTE LTD,0.0,0.0,,IN2604-0794 (1).pdf
"",[DRINK] NESCAFE ORIGINAL 24 X 240ML,24.0,13.2,13.2,SY FOODSTUFFS TRADING PTE LTD,0.0,0.0,,IN2604-0815 (1).pdf
"",[DRINK] MILO (CAN) 24 X 240ML,24.0,13.2,13.2,SY FOODSTUFFS TRADING PTE LTD,0.0,0.0,,IN2604-0815 (1).pdf
"",BREEZE FD LUXURY PERFUME 4 X 36KG,4.0,24.2,24.2,SY FOODSTUFFS TRADING PTE LTD,0.0,0.0,,IN2604-0815 (1).pdf
"",,1.0,0.0,,,0.0,0.0,,
"",DOWNY DETERGENT GEL BALL (GARDEN BLOOM),9.0,24.3,24.3,LEFOOBEVERAGE PTE LTD,0.0,0.0,,WhatsApp Image 2026-05-12 at 10.10.28 AM.jpeg
"",Cream Crackers 130g x 24,24.0,17.5,17.5,Lee Foods (Tai Hock) Pte Ltd,0.0,0.0,,WhatsApp Image 2026-05-12 at 10.10.50 AM.jpeg
"",Lemon Puff 100g x 24,24.0,12.9,12.9,Lee Foods (Tai Hock) Pte Ltd,0.0,0.0,,WhatsApp Image 2026-05-12 at 10.10.50 AM.jpeg
"",Small Marie 24 x 135g,24.0,18.7,18.7,Lee Foods (Tai Hock) Pte Ltd,0.0,0.0,,WhatsApp Image 2026-05-12 at 10.10.50 AM.jpeg
"",Spray Cheese 110g x 24,24.0,18.7,18.7,Lee Foods (Tai Hock) Pte Ltd,0.0,0.0,,WhatsApp Image 2026-05-12 at 10.10.50 AM.jpeg
"",Wafer Chocolate Cubes 90g x 24,24.0,14.3,14.3,Lee Foods (Tai Hock) Pte Ltd,0.0,0.0,,WhatsApp Image 2026-05-12 at 10.10.50 AM.jpeg
"",Sugar Crackers 130g x 24,24.0,17.5,17.5,Lee Foods (Tai Hock) Pte Ltd,0.0,0.0,,WhatsApp Image 2026-05-12 at 10.10.50 AM.jpeg
"",Pandan Coconut 160g x 24,24.0,21.6,21.6,Lee Foods (Tai Hock) Pte Ltd,0.0,0.0,,WhatsApp Image 2026-05-12 at 10.10.50 AM.jpeg
"",Butter Coconut Flavoured Bisc 160g x 24,24.0,21.6,21.6,Lee Foods (Tai Hock) Pte Ltd,0.0,0.0,,WhatsApp Image 2026-05-12 at 10.10.50 AM.jpeg
"",Original Crackers 130g x 24,24.0,17.5,17.5,Lee Foods (Tai Hock) Pte Ltd,0.0,0.0,,WhatsApp Image 2026-05-12 at 10.10.50 AM.jpeg
"",Gift Assorted 118g x 24,24.0,21.6,21.6,Lee Foods (Tai Hock) Pte Ltd,0.0,0.0,,WhatsApp Image 2026-05-12 at 10.11.14 AM.jpeg
"",Biscuit SKM Hony 2480,1.0,2.2,2.2,LOKE KEE BISCUITS AND CAKE SHOP SDN BHD,0.0,0.0,,WhatsApp Image 2026-05-12 at 10.12.03 AM.jpeg
"",Red Pack SKM 12138,1.0,1.6,1.6,LOKE KEE BISCUITS AND CAKE SHOP SDN BHD,0.0,0.0,,WhatsApp Image 2026-05-12 at 10.12.03 AM.jpeg
"",Black Sugar Peanut 200gm 12135,1.0,2.8,2.8,LOKE KEE BISCUITS AND CAKE SHOP SDN BHD,0.0,0.0,,WhatsApp Image 2026-05-12 at 10.12.03 AM.jpeg
"",Lou Poh Ben 2480,1.0,1.4,1.4,LOKE KEE BISCUITS AND CAKE SHOP SDN BHD,0.0,0.0,,WhatsApp Image 2026-05-12 at 10.12.03 AM.jpeg
"",Heong Peah (D) 2483,1.0,2.5,2.5,LOKE KEE BISCUITS AND CAKE SHOP SDN BHD,0.0,0.0,,WhatsApp Image 2026-05-12 at 10.12.03 AM.jpeg
"",Heong Peah (Ori) 2496,1.0,1.8,1.8,LOKE KEE BISCUITS AND CAKE SHOP SDN BHD,0.0,0.0,,WhatsApp Image 2026-05-12 at 10.12.03 AM.jpeg
"",Heong Peah (CO) 12136,1.0,1.95,1.95,LOKE KEE BISCUITS AND CAKE SHOP SDN BHD,0.0,0.0,,WhatsApp Image 2026-05-12 at 10.12.03 AM.jpeg
"",Original Crispy Thin 12137,1.0,0.95,0.95,LOKE KEE BISCUITS AND CAKE SHOP SDN BHD,0.0,0.0,,WhatsApp Image 2026-05-12 at 10.12.03 AM.jpeg
"",Hup Toh Soh 2481,1.0,1.85,1.85,LOKE KEE BISCUITS AND CAKE SHOP SDN BHD,0.0,0.0,,WhatsApp Image 2026-05-12 at 10.12.03 AM.jpeg
"",Doritos Nacho Cheese 75g,64.0,39.68,39.68,Liverpool International Pte Ltd,0.0,0.0,,WhatsApp Image 2026-05-12 at 10.12.27 AM.jpeg
"",Dettol Liquid Originall Squeeze 100ml,96.0,43.2,43.2,Liverpool International Pte Ltd,0.0,0.0,,WhatsApp Image 2026-05-12 at 10.12.27 AM.jpeg
"",Dettol Liquid Aloe Coco Handwash 250ml 200ml Refill,16.0,31.36,31.36,Liverpool International Pte Ltd,0.0,0.0,,WhatsApp Image 2026-05-12 at 10.12.27 AM.jpeg
"",Dettol Skincare Handwash 200ml 175ml,24.0,30.0,30.0,Liverpool International Pte Ltd,0.0,0.0,,WhatsApp Image 2026-05-12 at 10.12.27 AM.jpeg
"",Dettol Original Handwash 200ml 175ml,24.0,30.0,30.0,Liverpool International Pte Ltd,0.0,0.0,,WhatsApp Image 2026-05-12 at 10.12.27 AM.jpeg
"",Dettol Liquid Handwash Strawberry 250ml 200ml Refill,16.0,31.36,31.36,Liverpool International Pte Ltd,0.0,0.0,,WhatsApp Image 2026-05-12 at 10.12.27 AM.jpeg
"",Dettol Liquid Handwash 175ml X 3s,50.0,37.8,37.8,Liverpool International Pte Ltd,0.0,0.0,,WhatsApp Image 2026-05-12 at 10.12.27 AM.jpeg
"",Cadbury Gems Surprise 1469g,108.0,62.64,62.64,Liverpool International Pte Ltd,0.0,0.0,,WhatsApp Image 2026-05-12 at 10.12.27 AM.jpeg
"",Ferrero Moments T16 928g,24.0,75.6,75.6,Liverpool International Pte Ltd,0.0,0.0,,WhatsApp Image 2026-05-12 at 10.12.27 AM.jpeg
"",Kitkat 285g,504.0,141.12,141.12,Liverpool International Pte Ltd,0.0,0.0,,WhatsApp Image 2026-05-12 at 10.12.27 AM.jpeg
"",60GMSX5PX6B MAMA CREAMY SHRIMP TOM YAM NOODLES,5.0,57.5,57.5,MENG CHONG FOODSTUFFS PRIVATE LIMITED,0.0,0.0,,WhatsApp Image 2026-05-12 at 10.13.34 AM.jpeg
"",55GX5PX6B MAMA RVERM TY KOONG,5.0,60.0,60.0,MENG CHONG FOODSTUFFS PRIVATE LIMITED,0.0,0.0,,WhatsApp Image 2026-05-12 at 10.13.34 AM.jpeg
"",55GMX5PX6B MAMA MAMA CLEAR SOUP RICE VERMICELLI,5.0,60.0,60.0,MENG CHONG FOODSTUFFS PRIVATE LIMITED,0.0,0.0,,WhatsApp Image 2026-05-12 at 10.16.24 AM.jpeg
"",DOVE SHOWER BEAUTY MOISTURE MYSG 12X1L,12.0,96.96,96.96,U DISTRIBUTION PTE LTD,0.0,0.0,,WhatsApp Image 2026-05-12 at 10.17.54 AM.jpeg
"",DOVE SHOWER EXFOLIATING MYSG 12X1L,12.0,96.96,96.96,U DISTRIBUTION PTE LTD,0.0,0.0,,WhatsApp Image 2026-05-12 at 10.17.54 AM.jpeg
"",DOVE REVIVE BW MYSG 4X3X1000ML,3.0,96.96,96.96,U DISTRIBUTION PTE LTD,0.0,0.0,,WhatsApp Image 2026-05-12 at 10.17.54 AM.jpeg
"",DOVE AQUA BODYWASH NFG STK 12X1000G,12.0,96.96,96.96,U DISTRIBUTION PTE LTD,0.0,0.0,,WhatsApp Image 2026-05-12 at 10.17.54 AM.jpeg
"",LUX LIQ BRIGHTENING GLOW RF 12X800ML,12.0,56.64,56.64,U DISTRIBUTION PTE LTD,0.0,0.0,,WhatsApp Image 2026-05-12 at 10.17.54 AM.jpeg
"",SUNSILK HFSOLUTION SNR MYSG 12X625ML,12.0,94.56,94.56,U DISTRIBUTION PTE LTD,0.0,0.0,,WhatsApp Image 2026-05-12 at 10.17.54 AM.jpeg
"",SUNSILK SH SMOMANAGEABLE SNR 12X625ML,12.0,94.56,94.56,U DISTRIBUTION PTE LTD,0.0,0.0,,WhatsApp Image 2026-05-12 at 10.17.54 AM.jpeg
"",JNJ PCHIPS NORI SEAWEED 70GX20S SG,20.0,500.0,500.0,URC FOODS (SINGAPORE) PTE LTD,0.0,0.0,,WhatsApp Image 2026-05-12 at 11.16.50 AM.jpeg
"",CreamO Strawberry Yoghurt 85g x 24 (SG),24.0,316.8,316.8,URC FOODS (SINGAPORE) PTE LTD,0.0,0.0,,WhatsApp Image 2026-05-12 at 11.17.06 AM.jpeg
"",CreamO Choco Vani 85g x 24 (SG),24.0,316.8,316.8,URC FOODS (SINGAPORE) PTE LTD,0.0,0.0,,WhatsApp Image 2026-05-12 at 11.17.06 AM.jpeg
"",CreamO Brown Choco 85g x24 (SG),24.0,316.8,316.8,URC FOODS (SINGAPORE) PTE LTD,0.0,0.0,,WhatsApp Image 2026-05-12 at 11.17.06 AM.jpeg
"",ROLLER COASTER CHEESE 100GX14X1 CAN SG,1.0,16.25,16.25,URC FOODS (SINGAPORE) PTE LTD,16.25,16.25,,WhatsApp Image 2026-05-12 at 11.17.40 AM.jpeg
"",ROLLER COASTER BBQ 100GX14X1 CAN SG,1.0,16.25,16.25,URC FOODS (SINGAPORE) PTE LTD,16.25,16.25,,WhatsApp Image 2026-05-12 at 11.17.40 AM.jpeg
"",JNJ PCHIPS SAL 15GX8SX10 FP SPORE,10.0,24.0,24.0,URC FOODS (SINGAPORE) PTE LTD,0.0,0.0,,WhatsApp Image 2026-05-12 at 11.18.03 AM.jpeg
"",Tiger Original (Small) 8 x (12 x 532g),8.0,22.265372168284788,22.265372168284788,WEMBS MARKETING SDN BHD,0.0,0.0,,WhatsApp Image 2026-05-12 at 11.22.24 AM.jpeg
"",Tiger Chocolate (Small) 8 x (12 x 532g),8.0,22.265372168284788,22.265372168284788,WEMBS MARKETING SDN BHD,0.0,0.0,,WhatsApp Image 2026-05-12 at 11.22.24 AM.jpeg
"",Tiger Original (Mld Pack) 24 x 1444g,24.0,17.02265372168285,17.02265372168285,WEMBS MARKETING SDN BHD,0.0,0.0,,WhatsApp Image 2026-05-12 at 11.22.24 AM.jpeg
"",Tiger Chocolate Multpack 24 x 1444g,24.0,17.02265372168285,17.02265372168285,WEMBS MARKETING SDN BHD,0.0,0.0,,WhatsApp Image 2026-05-12 at 11.22.24 AM.jpeg
"",Tiger Chocolate Multipack 12 x 3724g,12.0,20.58252427184466,20.58252427184466,WEMBS MARKETING SDN BHD,0.0,0.0,,WhatsApp Image 2026-05-12 at 11.22.24 AM.jpeg
"",Tiger Marie 2497g 12 x 2497g,12.0,12.815533980582526,12.815533980582526,WEMBS MARKETING SDN BHD,0.0,0.0,,WhatsApp Image 2026-05-12 at 11.22.24 AM.jpeg
"",Twisties Chipster SC Onion 60g 3 x (10 x 60g),3.0,28.02588996763754,28.02588996763754,WEMBS MARKETING SDN BHD,0.0,0.0,,WhatsApp Image 2026-05-12 at 11.22.24 AM.jpeg
"",Cheezels Original 60g 6 x (10 x 60g),6.0,31.84466019417476,31.84466019417476,WEMBS MARKETING SDN BHD,0.0,0.0,,WhatsApp Image 2026-05-12 at 11.22.24 AM.jpeg
"",Cheezels Bbq Cheese 60g 6 x (10 x 60g),6.0,31.84466019417476,31.84466019417476,WEMBS MARKETING SDN BHD,0.0,0.0,,WhatsApp Image 2026-05-12 at 11.22.24 AM.jpeg
"",Cheezels Original 140g 12 x 140g,12.0,13.430420711974111,13.430420711974111,WEMBS MARKETING SDN BHD,0.0,0.0,,WhatsApp Image 2026-05-12 at 11.22.24 AM.jpeg
"",Linghams Chili Sauce 12 x 280ml,12.0,217.0873786407767,217.0873786407767,WEMBS MARKETING SDN BHD,0.0,0.0,,WhatsApp Image 2026-05-12 at 11.22.36 AM.jpeg
"",Linghams Garlic Chili Sauce 12 x 280ml,12.0,235.72815533980582,235.72815533980582,WEMBS MARKETING SDN BHD,0.0,0.0,,WhatsApp Image 2026-05-12 at 11.22.36 AM.jpeg
"",Linghams Thai Chili Sauce 12 x 280ml,12.0,235.72815533980582,235.72815533980582,WEMBS MARKETING SDN BHD,0.0,0.0,,WhatsApp Image 2026-05-12 at 11.22.36 AM.jpeg
"",Linghams Sriracha Chili Sauce 12 x 280ml,12.0,235.72815533980582,235.72815533980582,WEMBS MARKETING SDN BHD,0.0,0.0,,WhatsApp Image 2026-05-12 at 11.22.36 AM.jpeg
"",Ribena Concentrate Regular 12 x 600ml,12.0,399.22330097087377,399.22330097087377,WEMBS MARKETING SDN BHD,0.0,0.0,,WhatsApp Image 2026-05-12 at 11.22.36 AM.jpeg
"",Ribena Pastille w Ziplock Mixberries 24 x (12 x 46g),24.0,6698.252427184466,6698.252427184466,WEMBS MARKETING SDN BHD,0.0,0.0,,WhatsApp Image 2026-05-12 at 11.22.36 AM.jpeg
"",Ribena Pastille w Ziplock Regular 24 x (12 x 46g),24.0,6698.252427184466,6698.252427184466,WEMBS MARKETING SDN BHD,0.0,0.0,,WhatsApp Image 2026-05-12 at 11.22.36 AM.jpeg
"",CDM Fruit Nut 130g 6 x (12 x 130g),6.0,935.3398058252427,935.3398058252427,WEMBS MARKETING SDN BHD,0.0,0.0,,WhatsApp Image 2026-05-12 at 11.22.36 AM.jpeg
"",CDM Black Forest 130g 6 x (12 x 130g),6.0,935.3398058252427,935.3398058252427,WEMBS MARKETING SDN BHD,0.0,0.0,,WhatsApp Image 2026-05-12 at 11.22.36 AM.jpeg
"",Candy 24 x (12 x 20s),24.0,162.07119741100325,162.07119741100325,WEMBS MARKETING SDN BHD,0.0,0.0,,WhatsApp Image 2026-05-12 at 11.22.52 AM.jpeg
"",Cookies Mini 48 x 72g,48.0,27.184466019417478,27.184466019417478,WEMBS MARKETING SDN BHD,0.0,0.0,,WhatsApp Image 2026-05-12 at 11.22.52 AM.jpeg
"",Cookies 24 x 135g,24.0,24.271844660194176,24.271844660194176,WEMBS MARKETING SDN BHD,0.0,0.0,,WhatsApp Image 2026-05-12 at 11.22.52 AM.jpeg
"",Cookies MP 16 x (8 x 24g),16.0,27.44336569579288,27.44336569579288,WEMBS MARKETING SDN BHD,0.0,0.0,,WhatsApp Image 2026-05-12 at 11.22.52 AM.jpeg
"",Biscuits 8 x (12 x 532g),8.0,22.265372168284788,22.265372168284788,WEMBS MARKETING SDN BHD,0.0,0.0,,WhatsApp Image 2026-05-12 at 11.22.52 AM.jpeg
"",Biscuits 24 x 1444g,24.0,17.02265372168285,17.02265372168285,WEMBS MARKETING SDN BHD,0.0,0.0,,WhatsApp Image 2026-05-12 at 11.22.52 AM.jpeg
"",Biscuits MP 12 x 3724g,12.0,20.58252427184466,20.58252427184466,WEMBS MARKETING SDN BHD,0.0,0.0,,WhatsApp Image 2026-05-12 at 11.22.52 AM.jpeg
"",Marie Biscuits 12 x 2497g,12.0,12.815533980582526,12.815533980582526,WEMBS MARKETING SDN BHD,0.0,0.0,,WhatsApp Image 2026-05-12 at 11.22.52 AM.jpeg
"",Cheese Snacks 18 x 140g,18.0,20.06472491909385,20.06472491909385,WEMBS MARKETING SDN BHD,0.0,0.0,,WhatsApp Image 2026-05-12 at 11.22.52 AM.jpeg
"",Cheese Snacks MP 30 x (8 x 13g),30.0,42.62135922330097,42.62135922330097,WEMBS MARKETING SDN BHD,0.0,0.0,,WhatsApp Image 2026-05-12 at 11.22.52 AM.jpeg
"",Cheese Snacks 3 x (10 x 60g),3.0,21.844660194174757,21.844660194174757,WEMBS MARKETING SDN BHD,0.0,0.0,,WhatsApp Image 2026-05-12 at 11.22.52 AM.jpeg
"",Cheese Snacks 12 x 130g,12.0,31.84466019417476,31.84466019417476,WEMBS MARKETING SDN BHD,0.0,0.0,,WhatsApp Image 2026-05-12 at 11.22.52 AM.jpeg
"",Cheese Snacks 6 x (10 x 60g),6.0,13.430420711974111,13.430420711974111,WEMBS MARKETING SDN BHD,0.0,0.0,,WhatsApp Image 2026-05-12 at 11.22.52 AM.jpeg
"",Cheese Snacks 12 x 140g,12.0,21.650485436893206,21.650485436893206,WEMBS MARKETING SDN BHD,0.0,0.0,,WhatsApp Image 2026-05-12 at 11.22.52 AM.jpeg
"",Cheese Snacks MP 15 x (8 x 13g),15.0,18.09061488673139,18.09061488673139,WEMBS MARKETING SDN BHD,0.0,0.0,,WhatsApp Image 2026-05-12 at 11.22.52 AM.jpeg
"",Chill Sauce 12 x 280ml,12.0,19.64401294498382,19.64401294498382,WEMBS MARKETING SDN BHD,0.0,0.0,,WhatsApp Image 2026-05-12 at 11.22.52 AM.jpeg
"",Chill Sauce 12 x 600ml,12.0,33.26860841423948,33.26860841423948,WEMBS MARKETING SDN BHD,0.0,0.0,,WhatsApp Image 2026-05-12 at 11.22.52 AM.jpeg
"",Blackcurrant Concentrate 24 x (12 x 46g),24.0,279.0938511326861,279.0938511326861,WEMBS MARKETING SDN BHD,0.0,0.0,,WhatsApp Image 2026-05-12 at 11.22.52 AM.jpeg
"",Blackcurrant Candy 6 x (12 x 130g),6.0,155.88996763754045,155.88996763754045,WEMBS MARKETING SDN BHD,0.0,0.0,,WhatsApp Image 2026-05-12 at 11.22.52 AM.jpeg
"",Chocolate 6 x (12 x 130g),6.0,0.0,0.0,WEMBS MARKETING SDN BHD,0.0,0.0,,WhatsApp Image 2026-05-12 at 11.22.52 AM.jpeg
"",HALLS CANDY 24 x (12 x 20s),24.0,163.1,163.1,WEMBS MARKETING SDN BHD,0.0,0.0,,WhatsApp Image 2026-05-12 at 11.23.05 AM.jpeg
"",CHIPSMORE MINI 48 x 72g,48.0,27.3,27.3,WEMBS MARKETING SDN BHD,0.0,0.0,,WhatsApp Image 2026-05-12 at 11.23.05 AM.jpeg
"",CHIPSMORE 24 x 135g,24.0,24.4,24.4,WEMBS MARKETING SDN BHD,0.0,0.0,,WhatsApp Image 2026-05-12 at 11.23.05 AM.jpeg
"",CHIPSMORE MP 16 x (8 x 24g),16.0,27.6,27.6,WEMBS MARKETING SDN BHD,0.0,0.0,,WhatsApp Image 2026-05-12 at 11.23.05 AM.jpeg
"",TIGER BISCUITS 8 x (12 x 532g),8.0,22.4,22.4,WEMBS MARKETING SDN BHD,0.0,0.0,,WhatsApp Image 2026-05-12 at 11.23.05 AM.jpeg
"",TIGER BISCUITS 24 x 1444g,24.0,17.1,17.1,WEMBS MARKETING SDN BHD,0.0,0.0,,WhatsApp Image 2026-05-12 at 11.23.05 AM.jpeg
"",TIGER BISCUITS MP 12 x 3724g,12.0,20.7,20.7,WEMBS MARKETING SDN BHD,0.0,0.0,,WhatsApp Image 2026-05-12 at 11.23.05 AM.jpeg
"",TIGER MARIE 12 x 2497g,12.0,12.8,12.8,WEMBS MARKETING SDN BHD,0.0,0.0,,WhatsApp Image 2026-05-12 at 11.23.05 AM.jpeg
"",TWISTIES 18 x 140g,18.0,20.1,20.1,WEMBS MARKETING SDN BHD,0.0,0.0,,WhatsApp Image 2026-05-12 at 11.23.05 AM.jpeg
"",TWISTIES MP 30 x (8 x 13g),30.0,42.8,42.8,WEMBS MARKETING SDN BHD,0.0,0.0,,WhatsApp Image 2026-05-12 at 11.23.05 AM.jpeg
"",TWISTIES CHIPSTER 3 x (10 x 60g),3.0,28.2,28.2,WEMBS MARKETING SDN BHD,0.0,0.0,,WhatsApp Image 2026-05-12 at 11.23.05 AM.jpeg
"",TWISTIES CHIPSTER 12 x 130g,12.0,21.9,21.9,WEMBS MARKETING SDN BHD,0.0,0.0,,WhatsApp Image 2026-05-12 at 11.23.05 AM.jpeg
"",CHEEZELS 6 x (10 x 60g),6.0,32.0,32.0,WEMBS MARKETING SDN BHD,0.0,0.0,,WhatsApp Image 2026-05-12 at 11.23.05 AM.jpeg
"",CHEEZELS 12 x 140g,12.0,13.5,13.5,WEMBS MARKETING SDN BHD,0.0,0.0,,WhatsApp Image 2026-05-12 at 11.23.05 AM.jpeg
"",CHEEZELS MP 15 x (8 x 13g),15.0,21.7,21.7,WEMBS MARKETING SDN BHD,0.0,0.0,,WhatsApp Image 2026-05-12 at 11.23.05 AM.jpeg
"",LINGHAMS CHILLI SAUCE 12 x 280ml,12.0,18.2,18.2,WEMBS MARKETING SDN BHD,0.0,0.0,,WhatsApp Image 2026-05-12 at 11.23.05 AM.jpeg
"",RIBENA CONCENTRATE 12 x 600ml,12.0,33.4,33.4,WEMBS MARKETING SDN BHD,0.0,0.0,,WhatsApp Image 2026-05-12 at 11.23.05 AM.jpeg
"",RIBENA CANDY 24 x (12 x 46g),24.0,280.9,280.9,WEMBS MARKETING SDN BHD,0.0,0.0,,WhatsApp Image 2026-05-12 at 11.23.05 AM.jpeg
"",CADBURY CHOCOLATE 6 x (12 x 130g),6.0,156.9,156.9,WEMBS MARKETING SDN BHD,0.0,0.0,,WhatsApp Image 2026-05-12 at 11.23.05 AM.jpeg
"",CDM Doybag Hazelnut (10s) 16 x 120g,16.0,38.57605177993528,38.57605177993528,WEMBS MARKETING SDN BHD,0.0,0.0,,WhatsApp Image 2026-05-12 at 11.23.23 AM.jpeg
"",CDM Chipsmore Sharebag 125g 16 x 125g,16.0,38.57605177993528,38.57605177993528,WEMBS MARKETING SDN BHD,0.0,0.0,,WhatsApp Image 2026-05-12 at 11.23.23 AM.jpeg
"",CDM Oreo Sharebag 125g 16 x 125g,16.0,38.57605177993528,38.57605177993528,WEMBS MARKETING SDN BHD,0.0,0.0,,WhatsApp Image 2026-05-12 at 11.23.23 AM.jpeg
"",Tiger Original (Mid Pack) 24 x 1444g,24.0,16.796116504854368,16.796116504854368,WEMBS MARKETING SDN BHD,0.0,0.0,,WhatsApp Image 2026-05-12 at 11.23.23 AM.jpeg
"",Tiger Chocolate (Mid Pack) 24 x 1444g,24.0,16.796116504854368,16.796116504854368,WEMBS MARKETING SDN BHD,0.0,0.0,,WhatsApp Image 2026-05-12 at 11.23.23 AM.jpeg
"",Twisties Chipster Hot Spicy 60g 3 x (10 x 60g),3.0,27.66990291262136,27.66990291262136,WEMBS MARKETING SDN BHD,0.0,0.0,,WhatsApp Image 2026-05-12 at 11.23.23 AM.jpeg
"",Twisties Chipster Flaming BBQ 60g 3 x (10 x 60g),3.0,27.66990291262136,27.66990291262136,WEMBS MARKETING SDN BHD,0.0,0.0,,WhatsApp Image 2026-05-12 at 11.23.23 AM.jpeg
"",Twisties Chipster SC Onion 130g,12.0,259.16558654022685,259.16558654022685,WEMBS MARKETING SDN BHD,0.0,0.0,,WhatsApp Image 2026-05-12 at 11.23.30 AM.jpeg
"",Twisties Chipster Hot Spicy 130g,12.0,259.16558654022685,259.16558654022685,WEMBS MARKETING SDN BHD,0.0,0.0,,WhatsApp Image 2026-05-12 at 11.23.30 AM.jpeg
"",Twisties Chipster Flaming BBQ 130g,12.0,259.16558654022685,259.16558654022685,WEMBS MARKETING SDN BHD,0.0,0.0,,WhatsApp Image 2026-05-12 at 11.23.30 AM.jpeg
"",Ibumie Dry Noodles Original,12.0,220.31017626433078,220.31017626433078,WEMBS MARKETING SDN BHD,0.0,0.0,,WhatsApp Image 2026-05-12 at 11.23.30 AM.jpeg
"",Ibumie Dry Noodles Thai Tom Yam,12.0,220.31017626433078,220.31017626433078,WEMBS MARKETING SDN BHD,0.0,0.0,,WhatsApp Image 2026-05-12 at 11.23.30 AM.jpeg
"",BAKE STORY KOKOPIE CHOCO COATED CAKE WITH VANILLA 20Gx10PCSx9BAGS,10.0,16.8,16.8,WINSTAR MARKETING PTE LTD,0.0,0.0,,WhatsApp Image 2026-05-12 at 11.23.58 AM.jpeg
"",BAKE STORY MINI MUFFIN PANDAN WITH CREAM FILLING 20GX10PCSX9BAGS,10.0,16.8,16.8,WINSTAR MARKETING PTE LTD,0.0,0.0,,WhatsApp Image 2026-05-12 at 11.23.58 AM.jpeg
"",BAKE STORY MINI MUFFIN ORIGINAL WITH CREAM FILLING 20GX10PCSX9BAGS,10.0,16.8,16.8,WINSTAR MARKETING PTE LTD,0.0,0.0,,WhatsApp Image 2026-05-12 at 11.23.58 AM.jpeg
"",BAKED POTATO CRISP SOUR CREAM FLAVOUR 120Gx12PKTS,12.0,12.6,12.6,WINSTAR MARKETING PTE LTD,0.0,0.0,,WhatsApp Image 2026-05-12 at 11.23.58 AM.jpeg
"",LELEK FISH CRACKERS AMPLANG 70G 70Gx24PKTS,24.0,28.0,28.0,WINSTAR MARKETING PTE LTD,0.0,0.0,,WhatsApp Image 2026-05-12 at 11.23.58 AM.jpeg
"",LELEK PRAWN CRACKERS AMPLANG 70G 70Gx24PKTS,24.0,28.0,28.0,WINSTAR MARKETING PTE LTD,0.0,0.0,,WhatsApp Image 2026-05-12 at 11.23.58 AM.jpeg
"",IKAS KARA SQUID HONEY 6S 5Gx6Sx12PKTSX4BAGS,12.0,36.8,36.8,WINSTAR MARKETING PTE LTD,0.0,0.0,,WhatsApp Image 2026-05-12 at 11.23.58 AM.jpeg
"",IKAS KARA SQUID ORIGINAL 6S 5Gx6Sx12PKTSX4BAGS,12.0,36.8,36.8,WINSTAR MARKETING PTE LTD,0.0,0.0,,WhatsApp Image 2026-05-12 at 11.23.58 AM.jpeg
"",IKAS KARA SQUID SPICY 6S 5Gx6Sx12PKTSX4BAGS,12.0,36.8,36.8,WINSTAR MARKETING PTE LTD,0.0,0.0,,WhatsApp Image 2026-05-12 at 11.23.58 AM.jpeg
"",MINI 1MORE CHOCOLATE COATED WAFER ROLLS 300Gx12BAGS,1.0,19.0,19.0,WINSTAR MARKETING PTE LTD,0.0,0.0,,WhatsApp Image 2026-05-12 at 11.23.58 AM.jpeg
"",325ML CAN PD SPKLG VIT PEACH DK 6X4 SG,24.0,14.5,14.5,YHS (SINGAPORE) PTE LTD,14.5,14.5,,WhatsApp Image 2026-05-12 at 11.24.14 AM.jpeg
"",330ML TB YEOS OOLONG TEA X24 SG,24.0,12.9,12.9,YHS (SINGAPORE) PTE LTD,12.9,12.9,,WhatsApp Image 2026-05-12 at 11.24.14 AM.jpeg
"",325ML CAN PD SPKLG VIT WGRAPE DK 6X4 SG,24.0,25.0,25.0,YHS (SINGAPORE) PTE LTD,0.0,0.0,,WhatsApp Image 2026-05-12 at 11.24.14 AM.jpeg
"",300ML CAN YEOS SOY BEAN DK 5HCS X24 SG,24.0,13.2,13.2,YHS (SINGAPORE) PTE LTD,13.2,13.2,,WhatsApp Image 2026-05-12 at 11.24.24 AM.jpeg
"",250ML TB YEOS WINTER MELON 4X6 SG,24.0,9.3,9.3,YHS (SINGAPORE) PTE LTD,9.3,9.3,,WhatsApp Image 2026-05-12 at 11.24.24 AM.jpeg
"",250ML TB YEOS SOY BEAN MILK 4X6 SG,24.0,10.0,10.0,YHS (SINGAPORE) PTE LTD,0.0,0.0,,WhatsApp Image 2026-05-12 at 11.24.30 AM.jpeg
"",PET500ML KICKAPOO JOY JUICE ORIG5X24SG,24.0,40.0,40.0,YHS (SINGAPORE) PTE LTD,0.0,0.0,,WhatsApp Image 2026-05-12 at 11.24.30 AM.jpeg
"",PET15L KICKAPOO JOY JUICE ORIG5X12SG,12.0,35.0,35.0,YHS (SINGAPORE) PTE LTD,0.0,0.0,,WhatsApp Image 2026-05-12 at 11.24.30 AM.jpeg
"",15L PET LONGAN RED DATE DK RAYA X12 SG,12.0,35.0,35.0,YHS (SINGAPORE) PTE LTD,0.0,0.0,,WhatsApp Image 2026-05-12 at 11.24.30 AM.jpeg
"",300ML CAN YEOS WINTER MELON X24(LS) MYSG,24.0,18.0,18.0,YHS (SINGAPORE) PTE LTD,0.0,0.0,,WhatsApp Image 2026-05-12 at 11.24.30 AM.jpeg
"",Unknown,1.0,0.0,0.0,YHS (SINGAPORE) PTE LTD,0.0,0.0,,WhatsApp Image 2026-05-12 at 11.24.30 AM.jpeg
"",250ML TB YEOS CHRY TEA 4X6 SG FI20,24.0,288.0,288.0,YHS (SINGAPORE) PTE LTD,0.0,0.0,,WhatsApp Image 2026-05-12 at 11.24.36 AM.jpeg
"",250ML TB YEOS LYCHEE DK 4X6 SG FI20,24.0,288.0,288.0,YHS (SINGAPORE) PTE LTD,0.0,0.0,,WhatsApp Image 2026-05-12 at 11.24.36 AM.jpeg
"",250ML TB YEOS WINTER MELON 4X6 SG FI20,24.0,288.0,288.0,YHS (SINGAPORE) PTE LTD,0.0,0.0,,WhatsApp Image 2026-05-12 at 11.24.36 AM.jpeg
"",250ML TB YEOS SOY BEAN MILK 4X6 SG FI20,24.0,288.0,288.0,YHS (SINGAPORE) PTE LTD,0.0,0.0,,WhatsApp Image 2026-05-12 at 11.24.36 AM.jpeg
"",DAHFA Fish Fillet 50g108,8.0,93.72168284789645,93.72168284789645,TAP BROTHERS FOOD SDN BHD,289.6,289.6,,WhatsApp Image 2026-05-12 at 11.26.09 AM.jpeg
"",CORNTOZ FP Chili Cheez(P) 15g810,10.0,8.090614886731393,8.090614886731393,TAP BROTHERS FOOD SDN BHD,24.25,24.25,,WhatsApp Image 2026-05-12 at 11.26.09 AM.jpeg
"",CORNTOZ FP Hotz Spicy(M) 15g810,10.0,8.090614886731393,8.090614886731393,TAP BROTHERS FOOD SDN BHD,24.25,24.25,,WhatsApp Image 2026-05-12 at 11.26.09 AM.jpeg
"",DOLPHIN Konjac Drink Grape 130g104,4.0,18.12297734627832,18.12297734627832,TAP BROTHERS FOOD SDN BHD,56.0,56.0,,WhatsApp Image 2026-05-12 at 11.26.09 AM.jpeg
"",DOLPHIN Konjac Drink Lychee 130g104,4.0,18.12297734627832,18.12297734627832,TAP BROTHERS FOOD SDN BHD,56.0,56.0,,WhatsApp Image 2026-05-12 at 11.26.09 AM.jpeg
"",DOLPHIN Konjac Jelly Mango 20g1524,24.0,30.679611650485437,30.679611650485437,TAP BROTHERS FOOD SDN BHD,94.8,94.8,,WhatsApp Image 2026-05-12 at 11.26.09 AM.jpeg
"",LIGO Raisin Seedless 30g144Not Ret,144.0,72.23300970873787,72.23300970873787,TAP BROTHERS FOOD SDN BHD,223.2,223.2,,WhatsApp Image 2026-05-12 at 11.26.09 AM.jpeg
"",LIGO Raisin GSeedless 30g144Not Ret,144.0,74.56310679611651,74.56310679611651,TAP BROTHERS FOOD SDN BHD,230.4,230.4,,WhatsApp Image 2026-05-12 at 11.26.09 AM.jpeg
"",LOT 100 Gummy Mango 130g24,24.0,35.72815533980583,35.72815533980583,TAP BROTHERS FOOD SDN BHD,110.4,110.4,,WhatsApp Image 2026-05-12 at 11.26.09 AM.jpeg
"",LOT 100 Gummy SBerry 130g24,24.0,35.72815533980583,35.72815533980583,TAP BROTHERS FOOD SDN BHD,110.4,110.4,,WhatsApp Image 2026-05-12 at 11.26.09 AM.jpeg
"",LOT 100 Sour Apple 95g24,24.0,28.349514563106794,28.349514563106794,TAP BROTHERS FOOD SDN BHD,87.6,87.6,,WhatsApp Image 2026-05-12 at 11.26.09 AM.jpeg
"",LOT 100 Sour Blackcurrant 95g24,24.0,28.349514563106794,28.349514563106794,TAP BROTHERS FOOD SDN BHD,87.6,87.6,,WhatsApp Image 2026-05-12 at 11.26.09 AM.jpeg
"",LOT 100 Sour Mango 95g24,24.0,28.349514563106794,28.349514563106794,TAP BROTHERS FOOD SDN BHD,87.6,87.6,,WhatsApp Image 2026-05-12 at 11.26.09 AM.jpeg
"",LOT 100 Sour Orange 95g24,24.0,28.349514563106794,28.349514563106794,TAP BROTHERS FOOD SDN BHD,87.6,87.6,,WhatsApp Image 2026-05-12 at 11.26.09 AM.jpeg
"",LOT 100 Sour SBerry 95g24,24.0,28.349514563106794,28.349514563106794,TAP BROTHERS FOOD SDN BHD,87.6,87.6,,WhatsApp Image 2026-05-12 at 11.26.09 AM.jpeg
"",NICKEY Sarsi Pop 5030,30.0,54.368932038834956,54.368932038834956,TAP BROTHERS FOOD SDN BHD,168.0,168.0,,WhatsApp Image 2026-05-12 at 11.26.09 AM.jpeg
"",YLF Pikin Plum Candy 40g1212,12.0,71.45631067961166,71.45631067961166,TAP BROTHERS FOOD SDN BHD,220.8,220.8,,WhatsApp Image 2026-05-12 at 11.26.09 AM.jpeg
"",REDONDO WStick Cappuccino 100g24,24.0,40.38834951456311,40.38834951456311,TAP BROTHERS FOOD SDN BHD,118.56,118.56,,WhatsApp Image 2026-05-12 at 11.26.09 AM.jpeg
"",REDONDO WStick Choco 100g24,24.0,40.38834951456311,40.38834951456311,TAP BROTHERS FOOD SDN BHD,118.56,118.56,,WhatsApp Image 2026-05-12 at 11.26.09 AM.jpeg
"",REDONDO WStick Cookies Cream 100g24,24.0,40.38834951456311,40.38834951456311,TAP BROTHERS FOOD SDN BHD,118.56,118.56,,WhatsApp Image 2026-05-12 at 11.26.09 AM.jpeg
"",REDONDO WStick Green Tea 100g24,24.0,40.38834951456311,40.38834951456311,TAP BROTHERS FOOD SDN BHD,118.56,118.56,,WhatsApp Image 2026-05-12 at 11.26.09 AM.jpeg
"",REDONDO WStick SBerry 100g24,24.0,40.38834951456311,40.38834951456311,TAP BROTHERS FOOD SDN BHD,118.56,118.56,,WhatsApp Image 2026-05-12 at 11.26.09 AM.jpeg
"",REDONDO WStick Vanilla 100g24,24.0,40.38834951456311,40.38834951456311,TAP BROTHERS FOOD SDN BHD,118.56,118.56,,WhatsApp Image 2026-05-12 at 11.26.09 AM.jpeg
"",80g616 RINDA Mixed Fruit Nata Pudding,16.0,19.417475728155342,19.417475728155342,TAP BROTHERS FOOD SDN BHD,60.0,60.0,,WhatsApp Image 2026-05-12 at 11.26.09 AM.jpeg
"",JACKER Potato BBQ (60g12)3,3.0,22.330097087378643,22.330097087378643,TAP BROTHERS FOOD SDN BHD,69.0,69.0,,WhatsApp Image 2026-05-12 at 11.26.09 AM.jpeg
"",JACKER Potato H S (60g12)3,3.0,22.330097087378643,22.330097087378643,TAP BROTHERS FOOD SDN BHD,69.0,69.0,,WhatsApp Image 2026-05-12 at 11.26.09 AM.jpeg
"",AKIKO Fruity MMallow Twist 85g40(B) 37KG,40.0,1009.7087378640778,1009.7087378640778,JB YAP BROTHERS FOOD SDN BHD,0.0,0.0,,WhatsApp Image 2026-05-12 at 11.26.18 AM.jpeg
"",AKIKO VFood Pastel Marshmallow 60g50 37KG,50.0,1577.6699029126214,1577.6699029126214,JB YAP BROTHERS FOOD SDN BHD,0.0,0.0,,WhatsApp Image 2026-05-12 at 11.26.18 AM.jpeg
"",BIKA Ayam H 60g106 3KG,60.0,1654.368932038835,1654.368932038835,JB YAP BROTHERS FOOD SDN BHD,0.0,0.0,,WhatsApp Image 2026-05-12 at 11.26.18 AM.jpeg
"",CORNTOZ OZ FP Chili Cheez(P) 15g810 2KG,80.0,647.2491909385113,647.2491909385113,JB YAP BROTHERS FOOD SDN BHD,0.0,0.0,,WhatsApp Image 2026-05-12 at 11.26.18 AM.jpeg
"",JOYSTIX BCoated W Choco Vanilla flv (15g2)126,72.0,1792.621359223301,1792.621359223301,JB YAP BROTHERS FOOD SDN BHD,0.0,0.0,,WhatsApp Image 2026-05-12 at 11.26.18 AM.jpeg
"",MENTOS Bottle Mix Grape 120g68 6KG,48.0,396.11650485436894,396.11650485436894,JB YAP BROTHERS FOOD SDN BHD,0.0,0.0,,WhatsApp Image 2026-05-12 at 11.26.18 AM.jpeg
"",JOYSTIX BCoated W Choco flv Cream 40g126 3KG,72.0,1792.621359223301,1792.621359223301,JB YAP BROTHERS FOOD SDN BHD,0.0,0.0,,WhatsApp Image 2026-05-12 at 11.26.18 AM.jpeg
"",BAYGON AEROSOL MIK TWINPACK6X2X600ML BAYGON MULTI INSECT KILLER 2SX600ML,12.0,972.0,972.0,DKSH Singapore Pte Ltd,0.0,0.0,,WhatsApp Image 2026-05-12 at 12.49.05 PM.jpeg
"",BAYGON MIK AEROSOL 12 X 300ML BAYGON MULTI INSECT KILLER 300ML,12.0,604.44,604.44,DKSH Singapore Pte Ltd,0.0,0.0,,WhatsApp Image 2026-05-12 at 12.49.05 PM.jpeg
"",BAYGON DEFENSE FIK 12X600ML BAYGON DEFENSE FIX 12X600ML,12.0,710.52,710.52,DKSH Singapore Pte Ltd,0.0,0.0,,WhatsApp Image 2026-05-12 at 12.49.05 PM.jpeg
"",CADBURY CHOCOLATE 120GM X 24 BITE SIZE HAZELNUT,24.0,58.0,58.0,BHAVNA PTE LTD,0.0,0.0,,WhatsApp Image 2026-05-12 at 12.19.19 PM.jpeg
"",CADBURY CHOCOLATE 125GM X 16 DOYPACK MILK,16.0,38.4,38.4,BHAVNA PTE LTD,0.0,0.0,,WhatsApp Image 2026-05-12 at 12.19.19 PM.jpeg
"",CADBURY CHOCOLATE 125GM X 16 DOYPACK ROASTED ALMOND,16.0,38.4,38.4,BHAVNA PTE LTD,0.0,0.0,,WhatsApp Image 2026-05-12 at 12.19.19 PM.jpeg
"",CADBURY MILK MOULDED BAR 130GM X 12 X 6 CHIPSMORE,6.0,118.0,118.0,BHAVNA PTE LTD,0.0,0.0,,WhatsApp Image 2026-05-12 at 12.19.19 PM.jpeg
"",CADBURY MILK MOULDED BAR 130GM X 12 X 6 FRUIT NUT,6.0,118.0,118.0,BHAVNA PTE LTD,0.0,0.0,,WhatsApp Image 2026-05-12 at 12.19.19 PM.jpeg
"",CADBURY MILK MOULDED BAR 130GM X 12 X 6 ROAST ALMOND,6.0,118.0,118.0,BHAVNA PTE LTD,0.0,0.0,,WhatsApp Image 2026-05-12 at 12.19.19 PM.jpeg
"",CADBURY MILK MOULDED BAR 135GM X 12 X 6 MILK,6.0,118.0,118.0,BHAVNA PTE LTD,0.0,0.0,,WhatsApp Image 2026-05-12 at 12.19.19 PM.jpeg
"",KINDER BUENO T2 X 15 X 8 CHOCOLATE,8.0,95.25,95.25,BHAVNA PTE LTD,0.0,0.0,,WhatsApp Image 2026-05-12 at 12.19.19 PM.jpeg
"",MARS CHOCOLATE (EU) 227GM X 24 MINIS,24.0,59.0,59.0,BHAVNA PTE LTD,0.0,0.0,,WhatsApp Image 2026-05-12 at 12.19.19 PM.jpeg
"",SNICKERS CHOCOLATE (EU) 50GM X 12 X 24 SINGLES,24.0,144.0,144.0,BHAVNA PTE LTD,0.0,0.0,,WhatsApp Image 2026-05-12 at 12.19.19 PM.jpeg
"",ADIDAS DEO SPRAY 150MLX 12 DYNAMIC PULSE,12.0,27.2,27.2,BHAVNA PTE LTD,0.0,0.0,,CamScanner 12-05-2026 13.50.pdf
"",100 Plus Isotonic Drink 244 x 325ml,24.0,9.805825242718447,9.805825242718447,SKY PLUS TRADING (M) SDN BHD,0.0,0.0,,CamScanner 12-05-2026 14.01.pdf
"",Milo Original RTD Box 4 x 51 x 200ml,4.0,10.841423948220065,10.841423948220065,SKY PLUS TRADING (M) SDN BHD,0.0,0.0,,CamScanner 12-05-2026 14.01.pdf
"",Apollo Banana Cake 12 x 24pcs x 18g (3050),12.0,32.03883495145631,32.03883495145631,SKY PLUS TRADING (M) SDN BHD,0.0,0.0,,CamScanner 12-05-2026 14.01.pdf
"",Apollo Blueberry Cake 12 x 24pcs x 18g (3080),12.0,32.03883495145631,32.03883495145631,SKY PLUS TRADING (M) SDN BHD,0.0,0.0,,CamScanner 12-05-2026 14.01.pdf
"",Kickapoo Carbonated Drink 24 x 320ml,24.0,8.44332298136646,8.44332298136646,SKY PLUS TRADING (M) SDN BHD,0.0,0.0,,CamScanner 12-05-2026 13.59.pdf
"",Maggi Hot Cup Tom Yam 9(6 x 60g),9.0,34.61438923395445,34.61438923395445,SKY PLUS TRADING (M) SDN BHD,0.0,0.0,,CamScanner 12-05-2026 13.59.pdf
"",Milo ActiveGo Softpack 24 x 400g,24.0,50.46583850931677,50.46583850931677,SKY PLUS TRADING (M) SDN BHD,0.0,0.0,,CamScanner 12-05-2026 13.59.pdf
"",Indomie Mi Goreng Hot Spicy 8 x 5s x 80g,8.0,11.160714285714285,11.160714285714285,SKY PLUS TRADING (M) SDN BHD,0.0,0.0,,CamScanner 12-05-2026 13.59.pdf
"",Mamee Express Cup Curry 24 x 65g,24.0,12.454710144927535,12.454710144927535,SKY PLUS TRADING (M) SDN BHD,0.0,0.0,,CamScanner 12-05-2026 13.59.pdf
"",Mamee Express Cup Chicken 24 x 64g,24.0,12.454710144927535,12.454710144927535,SKY PLUS TRADING (M) SDN BHD,0.0,0.0,,CamScanner 12-05-2026 13.59.pdf
"",Mamee Express Cup Tomyam 24 x 68g,24.0,12.422360248447204,12.422360248447204,SKY PLUS TRADING (M) SDN BHD,0.0,0.0,,CamScanner 12-05-2026 13.59.pdf
"",Pokka Ice Lemon Tea 4 x 6 x 250ml,4.0,8.022774327122153,8.022774327122153,SKY PLUS TRADING (M) SDN BHD,0.0,0.0,,CamScanner 12-05-2026 13.59.pdf
"",Dettol Original Anti Bacterial Bodywash Refill 12 x 750g,12.0,35.261387163561075,35.261387163561075,SKY PLUS TRADING (M) SDN BHD,0.0,0.0,,CamScanner 12-05-2026 13.59.pdf
"",Dettol Lasting Fresh Anti Bacterial Bodywash Refill 12 x 750g,12.0,35.261387163561075,35.261387163561075,SKY PLUS TRADING (M) SDN BHD,0.0,0.0,,CamScanner 12-05-2026 13.59.pdf
"",Dettol Instant Cool Anti Bacterial Bodywash Refill 12 x 750g,12.0,35.261387163561075,35.261387163561075,SKY PLUS TRADING (M) SDN BHD,0.0,0.0,,CamScanner 12-05-2026 13.59.pdf
"",Dettol Original Anti Bacterial Bodywash Refill 6 x 2 x 750g (Twin Pack),6.0,32.02639751552795,32.02639751552795,SKY PLUS TRADING (M) SDN BHD,0.0,0.0,,CamScanner 12-05-2026 13.59.pdf
"",Dettol Instant Cool Anti Bacterial Bodywash Refill 6 x 2 x 750g720g (Twin Pack),6.0,32.02639751552795,32.02639751552795,SKY PLUS TRADING (M) SDN BHD,0.0,0.0,,CamScanner 12-05-2026 13.59.pdf
"",Lifebuoy Body Wash Cool Refill 6 x (2 x 800ml) Twin Pack,6.0,39.79037267080745,39.79037267080745,SKY PLUS TRADING (M) SDN BHD,0.0,0.0,,CamScanner 12-05-2026 13.59.pdf
"",Lifebuoy Body Wash Lemon Fresh Refill 6 x (2 x 800ml) Twin Pack,6.0,39.79037267080745,39.79037267080745,SKY PLUS TRADING (M) SDN BHD,0.0,0.0,,CamScanner 12-05-2026 13.59.pdf
"",Lifebuoy Body Wash Total 10 Refill 6 x (2 x 800ml) Twin Pack,6.0,39.79037267080745,39.79037267080745,SKY PLUS TRADING (M) SDN BHD,0.0,0.0,,CamScanner 12-05-2026 13.59.pdf
"",SOFTLAN LAVENDER FRESH 16LX8,8.0,14.233954451345754,14.233954451345754,MJ TIAN SDN BHD,0.0,0.0,,CamScanner 12-05-2026 13.58.pdf
"",CHEEZELS BBQ CHEESE 60GX10X6,60.0,30.7324016563147,30.7324016563147,MJ TIAN SDN BHD,0.0,0.0,,CamScanner 12-05-2026 13.58.pdf
"",CHEEZELS ORIGINAL 60GMX10X6,60.0,30.7324016563147,30.7324016563147,MJ TIAN SDN BHD,0.0,0.0,,CamScanner 12-05-2026 13.58.pdf
"",CHEEZELS CHEEZY CHEESE (ORIGINAL) 140GX12,12.0,12.842908902691512,12.842908902691512,MJ TIAN SDN BHD,0.0,0.0,,CamScanner 12-05-2026 13.58.pdf
"",CHEEZELS ORIGINAL MULTIPACK 13GX8X15,120.0,20.21868530020704,20.21868530020704,MJ TIAN SDN BHD,0.0,0.0,,CamScanner 12-05-2026 13.58.pdf
"",CHIPSMORE DBL CHOCOLATE MINI 80G72GX48,48.0,28.95315734989648,28.95315734989648,MJ TIAN SDN BHD,0.0,0.0,,CamScanner 12-05-2026 13.58.pdf
"",CHIPSMORE ORIGINAL MINI 80G72GX48,48.0,28.95315734989648,28.95315734989648,MJ TIAN SDN BHD,0.0,0.0,,CamScanner 12-05-2026 13.58.pdf
"",CHIPSMORE ORIGINAL HANDY MP 24GX8X16 (4275553 4310368),128.0,28.0958850931677,28.0958850931677,MJ TIAN SDN BHD,0.0,0.0,,CamScanner 12-05-2026 13.58.pdf
"",TWISTIES TOMATO 60GX10X6,60.0,30.7324016563147,30.7324016563147,MJ TIAN SDN BHD,0.0,0.0,,CamScanner 12-05-2026 13.58.pdf
"",TWISTIES KABOOM BBQ CURRY 60GX10X6,60.0,30.7324016563147,30.7324016563147,MJ TIAN SDN BHD,0.0,0.0,,CamScanner 12-05-2026 13.58.pdf
"",TWISTIES CHEEKY CHEDDAR CHEESE 60GX10X6,60.0,30.7324016563147,30.7324016563147,MJ TIAN SDN BHD,0.0,0.0,,CamScanner 12-05-2026 13.58.pdf
"",TWISTIES ROAST CHICKEN DANCE 60GX10X6,60.0,30.7324016563147,30.7324016563147,MJ TIAN SDN BHD,0.0,0.0,,CamScanner 12-05-2026 13.58.pdf
"",TWISTER BBQ CURRY 140GX18,18.0,19.086438923395445,19.086438923395445,MJ TIAN SDN BHD,0.0,0.0,,CamScanner 12-05-2026 13.58.pdf
"",TWISTIES CHEEKY CHEDDAR CHEESE 140GX18,18.0,19.086438923395445,19.086438923395445,MJ TIAN SDN BHD,0.0,0.0,,CamScanner 12-05-2026 13.58.pdf
"",TWISTIES ROAST CHICKEN DANCE 140GX18,18.0,19.086438923395445,19.086438923395445,MJ TIAN SDN BHD,0.0,0.0,,CamScanner 12-05-2026 13.58.pdf
"",TWISTIES CHERRY TOMATO 140GX18,18.0,19.086438923395445,19.086438923395445,MJ TIAN SDN BHD,0.0,0.0,,CamScanner 12-05-2026 13.58.pdf
"",TWISTIES KABOOM BBQ CURRY 13GX30X8,240.0,40.43737060041408,40.43737060041408,MJ TIAN SDN BHD,0.0,0.0,,CamScanner 12-05-2026 13.58.pdf
"",TWISTIES CHIPSTER SOUR CREAM ONION 60GX10X3,30.0,27.173913043478258,27.173913043478258,MJ TIAN SDN BHD,0.0,0.0,,CamScanner 12-05-2026 13.58.pdf
"",TWISTIES CHIPSTER HOT SPICY 60GX10X3,30.0,27.173913043478258,27.173913043478258,MJ TIAN SDN BHD,0.0,0.0,,CamScanner 12-05-2026 13.58.pdf
"",TWISTIES CHIPSTER FLAMING BBQ 60GX10X3,30.0,27.173913043478258,27.173913043478258,MJ TIAN SDN BHD,0.0,0.0,,CamScanner 12-05-2026 13.58.pdf
"",TWISTIES CHIPSTER FLAMING BBQ 130GX12,12.0,21.350931677018632,21.350931677018632,MJ TIAN SDN BHD,0.0,0.0,,CamScanner 12-05-2026 13.58.pdf
"",TWISTIES CHIPSTER SOUR CREAM ONION 130GX12,12.0,21.350931677018632,21.350931677018632,MJ TIAN SDN BHD,0.0,0.0,,CamScanner 12-05-2026 13.58.pdf
"",TWISTIES CHIPSTER HOT SPICY 130GX12,12.0,21.350931677018632,21.350931677018632,MJ TIAN SDN BHD,0.0,0.0,,CamScanner 12-05-2026 13.58.pdf
"",JOYSTIX BCoated W Choco flv Cream 40g126,72.0,76.8,76.8,JB YAP BROTHERS FOOD SDN BHD,76.8,76.8,,CamScanner 12-05-2026 13.54.pdf
"",JACKER Potato SCream 110g14,14.0,1876.4954326700313,1876.4954326700313,JB YAP BROTHERS FOOD SDN BHD,0.0,0.0,,WhatsApp Image 2026-05-12 at 11.25.46 AM.jpeg
"",HIMALAYA Altifresh 15g1212,144.0,82718.9823381075,82718.9823381075,JB YAP BROTHERS FOOD SDN BHD,0.0,0.0,,WhatsApp Image 2026-05-12 at 11.25.46 AM.jpeg
"",3 Legs CW 200ml 8 x 6s x 200ml (NL) (1 ctn x 8 clusters x 6s x 200ml) SC0000000671,6.0,28.2,28.2,WEN KEN MARKETING (S) PTE LTD,0.0,0.0,,WhatsApp Image 2026-05-12 at 11.21.52 AM.jpeg
"",3 Legs CW 24 x 320ml 24 x 320ml(Lychee Flavor) NL (1 ctn x 24btl x 320ml) POMTR152685211E,24.0,24.0,24.0,WEN KEN MARKETING (S) PTE LTD,0.0,0.0,,WhatsApp Image 2026-05-12 at 11.21.52 AM.jpeg
"",MAGICLEAN BATHROOM TRIGGER LEMON 500MLX24,24.0,50.918466000644536,50.918466000644536,MJ TIAN SDN BHD,0.0,0.0,,WhatsApp Image 2026-05-12 at 10.12.56 AM (1).jpeg
"",MAGICLEAN KITCHEN TRIGGER LIME 500MLX24,24.0,50.918466000644536,50.918466000644536,MJ TIAN SDN BHD,0.0,0.0,,WhatsApp Image 2026-05-12 at 10.12.56 AM (1).jpeg
"",MAGGI HOT CUP TOM YAM 61GX6X9,54.0,31.26007089912987,31.26007089912987,MJ TIAN SDN BHD,0.0,0.0,,WhatsApp Image 2026-05-12 at 10.12.56 AM (1).jpeg
"",MAGGI HOT CUP CURRY 58GX6X9,9.0,31.26007089912987,31.26007089912987,MJ TIAN SDN BHD,0.0,0.0,,WhatsApp Image 2026-05-12 at 10.12.56 AM.jpeg
"",MAGICLEAN TOILET BLEACH LEMON 500MLX24,24.0,59.51659684176603,59.51659684176603,MJ TIAN SDN BHD,0.0,0.0,,WhatsApp Image 2026-05-12 at 10.12.56 AM.jpeg
"",KEREPEK UBI ORIGINAL TIAN MA 1000 CA120G24 20 X 30 (120G),24.0,20.962732919254655,20.962732919254655,KOKA FOOD SDN BHD,0.0,0.0,,WhatsApp Image 2026-05-12 at 10.09.54 AM.jpeg
"",TROPIKA TIUB KARI 3000 CA90G24,24.0,20.962732919254655,20.962732919254655,KOKA FOOD SDN BHD,0.0,0.0,,WhatsApp Image 2026-05-12 at 10.09.54 AM.jpeg
"",KEROPOK KENTANG POP TIAN MA (75G) 2500 CA75G24,24.0,20.962732919254655,20.962732919254655,KOKA FOOD SDN BHD,0.0,0.0,,WhatsApp Image 2026-05-12 at 10.09.54 AM.jpeg
"",KEROPOK PUMPKIN TIAN MA (75G) 3000 CA75G24,24.0,20.962732919254655,20.962732919254655,KOKA FOOD SDN BHD,0.0,0.0,,WhatsApp Image 2026-05-12 at 10.09.54 AM.jpeg
"",BIG REMPEYEK ORIGINAL KACANG TANAH BILIS () TIAN MA BTL MS3000 5000 CA350G6,6.0,26.20341614906832,26.20341614906832,KOKA FOOD SDN BHD,0.0,0.0,,WhatsApp Image 2026-05-12 at 10.09.54 AM.jpeg
"",KEROPOK IKAN AA (AA) TIAN MA (80G) 4000 CA80G24,24.0,21.350931677018632,21.350931677018632,KOKA FOOD SDN BHD,0.0,0.0,,WhatsApp Image 2026-05-12 at 10.09.54 AM.jpeg
"",KEROPOK IKAN TIAN MA (80G) 3000 CA8024,24.0,21.350931677018632,21.350931677018632,KOKA FOOD SDN BHD,0.0,0.0,,WhatsApp Image 2026-05-12 at 10.09.54 AM.jpeg
"",KEROPOK UDANG KECIL () TIAN MA3000 CA80G24 (80G),24.0,21.350931677018632,21.350931677018632,KOKA FOOD SDN BHD,0.0,0.0,,WhatsApp Image 2026-05-12 at 10.09.54 AM.jpeg
"",KEROPOK UDANG BESAR () TIAN MA (80G) 3000 CA80G12,12.0,10.675465838509316,10.675465838509316,KOKA FOOD SDN BHD,0.0,0.0,,WhatsApp Image 2026-05-12 at 10.09.54 AM.jpeg
