Barcode,Product Name,Packing Size,Previous Price,Discount,Pack Price,Supplier,Selling Price,Promotion Price,Other,Filename
"",DETTOL ANTISEPTIC LIQUID (INDIA) 1LT X 12 ORIGINAL (PET),12.0,57.0,0.0,57.0,BHAVNA PTE LTD,0.0,0.0,,Bhavna PTE Ltd..pdf
"",DOVE DEO (ARNFS) 150ML X 12 ORIGINAL,12.0,24.0,0.0,24.0,BHAVNA PTE LTD,0.0,0.0,,Bhavna PTE Ltd..pdf
"",DOVE SHAMPOO (UAE) 200ML X 24 DAILY CARE (NFS),24.0,31.2,0.0,31.2,BHAVNA PTE LTD,0.0,0.0,,Bhavna PTE Ltd..pdf
"",DOVE SHAMPOO (UAE) 200ML X 24 DAILY CARE 2IN1 (NFS),24.0,31.2,0.0,31.2,BHAVNA PTE LTD,0.0,0.0,,Bhavna PTE Ltd..pdf
"",DOVE SHAMPOO (UAE) 400ML X 12 DAILY CARE (NFS),12.0,28.35,0.0,28.35,BHAVNA PTE LTD,0.0,0.0,,Bhavna PTE Ltd..pdf
"",DOVE SHAMPOO (UAE) 400ML X 12 MOISTURIZING (NFS),12.0,28.35,0.0,28.35,BHAVNA PTE LTD,0.0,0.0,,Bhavna PTE Ltd..pdf
"",GILLETTE SHAVING FOAM 200ML X 6 CLASSIC,6.0,12.5,0.0,12.5,BHAVNA PTE LTD,0.0,0.0,,Bhavna PTE Ltd..pdf
"",GLADE SCENTED GEL 180GM X 12 APPLE,12.0,21.31,0.0,21.31,BHAVNA PTE LTD,0.0,0.0,,Bhavna PTE Ltd..pdf
"",GLADE SCENTED GEL 165GM X 12 LAVENDER,12.0,21.31,0.0,21.31,BHAVNA PTE LTD,0.0,0.0,,Bhavna PTE Ltd..pdf
"",HARPIC TOILET CLEANER (MY) 500ML X 12 LAVENDER,12.0,13.8,0.0,13.8,BHAVNA PTE LTD,0.0,0.0,,Bhavna PTE Ltd..pdf
"",LIFEBUOY BODYWASH (INDIA) 1LTR X 12 COOL FRESH,12.0,45.9,0.0,45.9,BHAVNA PTE LTD,0.0,0.0,,Bhavna PTE Ltd..pdf
"",CITY MEN DEO SPRAY (TURKEY) 150ML X 12 DYNAMIC,12.0,21.0,0.0,21.0,BHAVNA PTE LTD,0.0,0.0,,Bhavna PTE Ltd..pdf
"",CITY MEN DEO SPRAY (TURKEY) 150ML X 12 MUSK,12.0,21.0,0.0,21.0,BHAVNA PTE LTD,0.0,0.0,,Bhavna PTE Ltd..pdf
"",COLGATE TOOTHPASTE 180GM X 72 TRIPLE ACTION (PI),72.0,92.0,0.0,92.0,BHAVNA PTE LTD,0.0,0.0,,Bhavna PTE Ltd..pdf
"",DETTOL ANTISEPTIC LIQUID (INDIA) 550ML X 24 ORIGINAL,24.0,67.2,0.0,67.2,BHAVNA PTE LTD,0.0,0.0,,Bhavna PTE Ltd..pdf
"",DOVE BODYWASH (INDIA) 1LTR X 12 LAVENDER (NFS) (PI),12.0,48.65,0.0,48.65,BHAVNA PTE LTD,0.0,0.0,,Bhavna PTE Ltd..pdf
"",DOVE BODYWASH (INDIA) 1LTR X 12 ROSE (NFS) (PI),12.0,48.65,0.0,48.65,BHAVNA PTE LTD,0.0,0.0,,Bhavna PTE Ltd..pdf
"",DOVE BODYWASH (INDIA) 1LTR X 12 SAKURA (NFS) (PI),12.0,48.65,0.0,48.65,BHAVNA PTE LTD,0.0,0.0,,Bhavna PTE Ltd..pdf
"",DOVE BODYWASH (INDIA) 1LTR X 12 SENSITIVE SKIN (NFS) (PI),12.0,48.65,0.0,48.65,BHAVNA PTE LTD,0.0,0.0,,Bhavna PTE Ltd..pdf
"",LIFEBUOY BODYWASH (INDIA) 1LTR X 12 LEMON FRESH,12.0,45.9,0.0,45.9,BHAVNA PTE LTD,0.0,0.0,,Bhavna PTE Ltd..pdf
"",LIFEBUOY BODYWASH (INDIA) 1LTR X 12 TOTAL 10,12.0,45.9,0.0,45.9,BHAVNA PTE LTD,0.0,0.0,,Bhavna PTE Ltd..pdf
"",REVLON COLORSILK NEW 11 SOFT BLACK 1 X 12,12.0,37.08,0.0,37.08,BHAVNA PTE LTD,0.0,0.0,,Bhavna PTE Ltd..pdf
"",REVLON COLORSILK NEW 20 BROWN BLACK 1 X 12 (NBC),12.0,37.08,0.0,37.08,BHAVNA PTE LTD,0.0,0.0,,Bhavna PTE Ltd..pdf
"",REVLON COLORSILK NEW 30 DARK BROWN 1 X 12 (NBC),12.0,37.08,0.0,37.08,BHAVNA PTE LTD,0.0,0.0,,Bhavna PTE Ltd..pdf
"",REVLON COLORSILK NEW 33 DARK SOFT BROWN 1 X 12 (NBC),12.0,37.08,0.0,37.08,BHAVNA PTE LTD,0.0,0.0,,Bhavna PTE Ltd..pdf
"",REVLON COLORSILK NEW 41 MEDIUM BROWN 1 X 12 (NBC),12.0,37.08,0.0,37.08,BHAVNA PTE LTD,0.0,0.0,,Bhavna PTE Ltd..pdf
"",REVLON COLORSILK NEW 50 LIGHT ASH BROWN 1 X 12 (NBC),12.0,37.08,0.0,37.08,BHAVNA PTE LTD,0.0,0.0,,Bhavna PTE Ltd..pdf
"",VASELINE PJELLY (SOUTH AFRICA) 100ML X 144 ORIGINAL,144.0,151.65,0.0,151.65,BHAVNA PTE LTD,0.0,0.0,,Bhavna PTE Ltd..pdf
"",CADBURY CHOCOLATE 120GM X 24 BITE SIZE ALMOND,24.0,60.0,0.0,60.0,BHAVNA PTE LTD,0.0,0.0,,Bhavna PTE Ltd..pdf
"",CADBURY CHOCOLATE 125GM X 16 DOYPACK OREO,16.0,40.0,0.0,40.0,BHAVNA PTE LTD,0.0,0.0,,Bhavna PTE Ltd..pdf
"",CADBURY CHOCOLATE SHAREBAG 115GM X 10 X 16 MILK,160.0,40.0,0.0,40.0,BHAVNA PTE LTD,0.0,0.0,,Bhavna PTE Ltd..pdf
"",CADBURY CHOCOLATE 120GM X 24 BITE SIZE HAZELNUT,24.0,58.0,0.0,58.0,BHAVNA PTE LTD,0.0,0.0,,Bhavna PTE Ltd..pdf
"",CADBURY CHOCOLATE 125GM X 16 DOYPACK MILK,16.0,38.4,0.0,38.4,BHAVNA PTE LTD,0.0,0.0,,Bhavna PTE Ltd..pdf
"",CADBURY CHOCOLATE 125GM X 16 DOYPACK ROASTED ALMOND,16.0,38.4,0.0,38.4,BHAVNA PTE LTD,0.0,0.0,,Bhavna PTE Ltd..pdf
"",CADBURY CHOCOLATE 130GM X 12 X 6 CHIPSMORE,72.0,118.0,0.0,118.0,BHAVNA PTE LTD,0.0,0.0,,Bhavna PTE Ltd..pdf
"",CADBURY MILK MOULDED BAR 130GM X 12 X 6 FRUIT NUT,72.0,118.0,0.0,118.0,BHAVNA PTE LTD,0.0,0.0,,Bhavna PTE Ltd..pdf
"",CADBURY MILK MOULDED BAR 130GM X 12 X 6 ROAST ALMOND,72.0,118.0,0.0,118.0,BHAVNA PTE LTD,0.0,0.0,,Bhavna PTE Ltd..pdf
"",CADBURY MILK MOULDED BAR 135GM X 12 X 6 MILK,72.0,118.0,0.0,118.0,BHAVNA PTE LTD,0.0,0.0,,Bhavna PTE Ltd..pdf
"",KINDER BUENO T2 X 15 X 8 CHOCOLATE,120.0,95.25,0.0,95.25,BHAVNA PTE LTD,0.0,0.0,,Bhavna PTE Ltd..pdf
"",MARS CHOCOLATE (EU) 227GM X 24 MINIS,24.0,59.0,0.0,59.0,BHAVNA PTE LTD,0.0,0.0,,Bhavna PTE Ltd..pdf
"",SNICKERS CHOCOLATE (EU) 50GM X 12 X 24 SINGLES,288.0,144.0,0.0,144.0,BHAVNA PTE LTD,0.0,0.0,,Bhavna PTE Ltd..pdf
"",ADIDAS DEO SPRAY 150ML X 12 ICE DIVE,12.0,27.2,0.0,27.2,BHAVNA PTE LTD,0.0,0.0,,Bhavna PTE Ltd..pdf
"",DOWNY FABRIC SOFTNER 240ML X 24 GARDEN BLOOM CLEAN SLOB,24.0,11.52,0.0,11.52,BHAVNA PTE LTD,0.0,0.0,,Bhavna PTE Ltd..pdf
"",AER CAR FRESHENER 75GM X 4 X 15 COOL AQUA,60.0,52.5,0.0,52.5,BHAVNA PTE LTD,0.0,0.0,,Bhavna PTE Ltd..pdf
"",AER CAR FRESHENER 75GM X 4 X 15 MUSK AFTER SMOKE,60.0,52.5,0.0,52.5,BHAVNA PTE LTD,0.0,0.0,,Bhavna PTE Ltd..pdf
"",AER CAR FRESHENER 75GM X 4 X 15 ROSE BLOSSOM,60.0,52.5,0.0,52.5,BHAVNA PTE LTD,0.0,0.0,,Bhavna PTE Ltd..pdf
"",REVLON COLORSILK NEW 54 LIGHT GOLDEN BROWN 1 X 12 (NBC),12.0,37.08,0.0,37.08,BHAVNA PTE LTD,0.0,0.0,,Bhavna PTE Ltd..pdf
"",SCHICK DISPOSABLE RAZOR (73) X 12 EXACTAZ SENSITIVE,12.0,43.44,0.0,43.44,BHAVNA PTE LTD,0.0,0.0,,Bhavna PTE Ltd..pdf
"",BOUNTY CHOCOLATE (EU) 227GM X 24 MINIS,24.0,160.0,0.0,160.0,BHAVNA PTE LTD,0.0,0.0,,Bhavna PTE Ltd..pdf
"",SNICKERS CHOCOLATE (EGYPT) 40GM X 12 X 24 SINGLES,288.0,132.6,0.0,132.6,BHAVNA PTE LTD,0.0,0.0,,Bhavna PTE Ltd..pdf
"",TWIX CHOCOLATE (EGYPT) 50GM X 10 X 24 TWIN,240.0,115.0,0.0,115.0,BHAVNA PTE LTD,0.0,0.0,,Bhavna PTE Ltd..pdf
"",GLADE SCENTED GEL 180GM X 12 OCEAN ESCAPE,12.0,21.31,0.0,21.31,BHAVNA PTE LTD,0.0,0.0,,Bhavna PTE Ltd..pdf
"",HARPIC TOILET CLEANER (MY) 450ML X 12 POWER PLUS ORIGINAL,12.0,13.8,0.0,13.8,BHAVNA PTE LTD,0.0,0.0,,Bhavna PTE Ltd..pdf
"",HARPIC TOILET CLEANER (MY) 500ML X 12 LEMON,12.0,13.8,0.0,13.8,BHAVNA PTE LTD,0.0,0.0,,Bhavna PTE Ltd..pdf
"",PEPSODENT TOOTHPASTE (INDO) 120GM X 72 WHITE,72.0,34.5,0.0,34.5,BHAVNA PTE LTD,0.0,0.0,,Bhavna PTE Ltd..pdf
"",WHISPER SANITARY PAD 24CM X 10S X 24 THIN REGULAR WING SLOB,240.0,8.0,0.0,8.0,BHAVNA PTE LTD,0.0,0.0,,Bhavna PTE Ltd..pdf
"",REXONA ROLL ON (PHIL) 45ML X 24 ICE COOL M (PI),24.0,24.5,0.0,24.5,BHAVNA PTE LTD,0.0,0.0,,Bhavna PTE Ltd..pdf
"",REXONA ROLL ON (PHIL) 45ML X 24 PASSION W (PI),24.0,24.5,0.0,24.5,BHAVNA PTE LTD,0.0,0.0,,Bhavna PTE Ltd..pdf
"",REXONA ROLL ON (PHIL) 45ML X 24 QUANTUM M (PI),24.0,24.5,0.0,24.5,BHAVNA PTE LTD,0.0,0.0,,Bhavna PTE Ltd..pdf
"",REXONA ROLL ON (PHIL) 45ML X 24 SHOWER CLEAN W (PI),24.0,24.5,0.0,24.5,BHAVNA PTE LTD,0.0,0.0,,Bhavna PTE Ltd..pdf
"",REXONA ROLL ON (PHIL) 45ML X 24 SUNFLOWER CARE W (PI),24.0,24.5,0.0,24.5,BHAVNA PTE LTD,0.0,0.0,,Bhavna PTE Ltd..pdf
"",SCHICK REFILL CARTRIDGE 4 X 240 HYDRO,240.0,9.25,0.0,9.25,BHAVNA PTE LTD,0.0,0.0,,Bhavna PTE Ltd..pdf
"",SCHICK RAZOR (KIT 1) 1 X 60 HYDRO 3,60.0,6.04,0.0,6.04,BHAVNA PTE LTD,0.0,0.0,,Bhavna PTE Ltd..pdf
"",KINDER BUENO T6 X 11 X 4 CHOCOLATE,264.0,100.0,0.0,100.0,BHAVNA PTE LTD,0.0,0.0,,Bhavna PTE Ltd..pdf
"",CREAMSILK CONDITIONER (PHL) 170ML X 24 ULTIMATE REPAIR SHINE,24.0,58.55,0.0,58.55,BHAVNA PTE LTD,0.0,0.0,,Bhavna PTE Ltd..pdf
"",CREAMSILK CONDITIONER (PHL) 170ML X 24 ULTIMATE STRAIGHT,24.0,58.55,0.0,58.55,BHAVNA PTE LTD,0.0,0.0,,Bhavna PTE Ltd..pdf
"",DOVE FACE WASH (INDO) 100GM X 24 DEEP PURE,24.0,40.4,0.0,40.4,BHAVNA PTE LTD,0.0,0.0,,Bhavna PTE Ltd..pdf
"",DOVE SHAMPOO (UAE) 400ML X 12 HAIR FALL RESCUE (NFS),12.0,28.35,0.0,28.35,BHAVNA PTE LTD,0.0,0.0,,Bhavna PTE Ltd..pdf
"",DOVE SHAMPOO (UAE) 400ML X 12 INTENSIVE REPAIR (NFS),12.0,28.35,0.0,28.35,BHAVNA PTE LTD,0.0,0.0,,Bhavna PTE Ltd..pdf
"",LIFEBUOY BODYWASH (INDIA) 1LTR X 12 GENTLE SKINCARE,12.0,45.9,0.0,45.9,BHAVNA PTE LTD,0.0,0.0,,Bhavna PTE Ltd..pdf
"",SNICKERS CHOCOLATE (BR) 30GM X 12 X 20 SINGLES,240.0,76.8,0.0,76.8,BHAVNA PTE LTD,0.0,0.0,,Bhavna PTE Ltd..pdf
"",REVLON COLORSILK NEW 10 BLACK 1 X 12 (NBC),12.0,37.08,0.0,37.08,BHAVNA PTE LTD,0.0,0.0,,Bhavna PTE Ltd..pdf
"",100GM X 12PCKS BISCUIT CHEESE CRACKER,12.0,84.0,0.0,84.0,BISCOTTI TRADING PTE LTD,0.0,0.0,,BISCOTTI TRADING JAN TO MAY.pdf
"",240GM10X24PCKS COLADA BISCORNIVAL NAIYU,24.0,6432.0,0.0,6432.0,BISCOTTI TRADING PTE LTD,0.0,0.0,,BISCOTTI TRADING JAN TO MAY.pdf
"",200GMX1012PCK BISGRAND BUTTER CRACKER,12.0,160.8,0.0,160.8,BISCOTTI TRADING PTE LTD,0.0,0.0,,BISCOTTI TRADING JAN TO MAY.pdf
"",114GM X 12PCK BISCUIT MEFAR LEMON FLAVOURED,12.0,109.2,0.0,109.2,BISCOTTI TRADING PTE LTD,0.0,0.0,,BISCOTTI TRADING JAN TO MAY.pdf
"",200GMX1012PCK BISCOLADA LIGHT TREAT CCSP,12.0,160.8,0.0,160.8,BISCOTTI TRADING PTE LTD,0.0,0.0,,BISCOTTI TRADING JAN TO MAY.pdf
"",200GM10X24PCKS COLADA LIGHT TREAT CC SP,24.0,6432.0,0.0,6432.0,BISCOTTI TRADING PTE LTD,0.0,0.0,,BISCOTTI TRADING JAN TO MAY.pdf
"",111GM X 12PCKS BISCUIT MEFAR COCO SANDWICH,12.0,109.2,0.0,109.2,BISCOTTI TRADING PTE LTD,0.0,0.0,,BISCOTTI TRADING JAN TO MAY.pdf
"",120GM X 12PCK BISCUIT PINEAPPLE JAM,12.0,165.6,0.0,165.6,BISCOTTI TRADING PTE LTD,0.0,0.0,,BISCOTTI TRADING JAN TO MAY.pdf
"",175GM X 12PCK BPEANUT BUTTER SANDWICH,12.0,84.0,0.0,84.0,BISCOTTI TRADING PTE LTD,0.0,0.0,,BISCOTTI TRADING JAN TO MAY.pdf
"",190GM X 12PCK BISCUIT LAVISH BUTTER SWISH,12.0,160.8,0.0,160.8,BISCOTTI TRADING PTE LTD,0.0,0.0,,BISCOTTI TRADING JAN TO MAY.pdf
"",190GM X 12PCK BISCUIT LAVISH CHOCOLATE SWICH,12.0,160.8,0.0,160.8,BISCOTTI TRADING PTE LTD,0.0,0.0,,BISCOTTI TRADING JAN TO MAY.pdf
"",190GM X 12PCK BISCUIT LAVISH PEANUT BUTTER SWISH,12.0,109.2,0.0,109.2,BISCOTTI TRADING PTE LTD,0.0,0.0,,BISCOTTI TRADING JAN TO MAY.pdf
"",200GM X 12PCK BISCUIT LAVISH VEGETABLE CRACKER,12.0,148.8,0.0,148.8,BISCOTTI TRADING PTE LTD,0.0,0.0,,BISCOTTI TRADING JAN TO MAY.pdf
"",114GM X 12PCK BISCUIT MEFAR CHOCOLATE SANDWICH,12.0,109.2,0.0,109.2,BISCOTTI TRADING PTE LTD,0.0,0.0,,BISCOTTI TRADING JAN TO MAY.pdf
"",120GM X 12PCK BISCUIT MEFAR CORN FLAVOURED,12.0,86.4,0.0,86.4,BISCOTTI TRADING PTE LTD,0.0,0.0,,BISCOTTI TRADING JAN TO MAY.pdf
"",175GM X 10PCK BISCUIT POPCORN CRACKER,10.0,91.0,0.0,91.0,BISCOTTI TRADING PTE LTD,0.0,0.0,,BISCOTTI TRADING JAN TO MAY.pdf
"",152GM X 10PCK BISCUIT SUGAR CRACKER,10.0,68.0,0.0,68.0,BISCOTTI TRADING PTE LTD,0.0,0.0,,BISCOTTI TRADING JAN TO MAY.pdf
"",240GM10X12PCKS COLADA BISCORNIVAL NAIYU,12.0,1608.0,0.0,1608.0,BISCOTTI TRADING PTE LTD,0.0,0.0,,BISCOTTI TRADING JAN TO MAY.pdf
"",88GM X 24PCK BISCUIT CREAM CRACKER SP,24.0,194.4,0.0,194.4,BISCOTTI TRADING PTE LTD,0.0,0.0,,BISCOTTI TRADING JAN TO MAY.pdf
"",120GM X 12PCK BISCUIT MEFAR COFFEE SAND(EXTRA,12.0,109.2,0.0,109.2,BISCOTTI TRADING PTE LTD,0.0,0.0,,BISCOTTI TRADING JAN TO MAY.pdf
"",200GM10X12PCK COLADA BIS SWEETIES SUGAR CKER,12.0,1608.0,0.0,1608.0,BISCOTTI TRADING PTE LTD,0.0,0.0,,BISCOTTI TRADING JAN TO MAY.pdf
"",190GM X 12PCK BISCUIT LAVISH CHEESE SWICH,12.0,160.8,0.0,160.8,BISCOTTI TRADING PTE LTD,0.0,0.0,,BISCOTTI TRADING JAN TO MAY.pdf
"",CAMMER LAUNDRY FLORAL 42KG X 4,4.0,54.193548387096776,0.0,54.193548387096776,CAMMER INDUSTRIES SDN BHD,0.0,0.0,,CAMMER INDUSTRIES.pdf
"",CAMMER LAUNDRY LAVENDER 42 KG X 4,4.0,54.193548387096776,0.0,54.193548387096776,CAMMER INDUSTRIES SDN BHD,0.0,0.0,,CAMMER INDUSTRIES.pdf
"",CAMMER TOILET BOWL CLEANER 500ML X 24,24.0,334.4516129032258,0.0,334.4516129032258,CAMMER INDUSTRIES SDN BHD,0.0,0.0,,CAMMER INDUSTRIES.pdf
"",SURIA PLUS DISH PASTE 800G LEMON 12X800g,12.0,130.06451612903226,0.0,130.06451612903226,CAMMER INDUSTRIES SDN BHD,0.0,0.0,,CAMMER INDUSTRIES.pdf
"",SURIA PLUS DISH PASTE 800G LIME 12 X 800g,12.0,130.06451612903226,0.0,130.06451612903226,CAMMER INDUSTRIES SDN BHD,0.0,0.0,,CAMMER INDUSTRIES.pdf
"",CWM BLACK PLUM SLICE 10X70G,10.0,80.0,0.0,80.0,CANDY WORLD MARKETING (S) PTE LTD,0.0,0.0,,CANDY WORLD JAN TO MAY.pdf
"",CWM CHERRY PLUM 10X80G,10.0,80.0,0.0,80.0,CANDY WORLD MARKETING (S) PTE LTD,0.0,0.0,,CANDY WORLD JAN TO MAY.pdf
"",CWM CURED PRUNE 10X50G,10.0,80.0,0.0,80.0,CANDY WORLD MARKETING (S) PTE LTD,0.0,0.0,,CANDY WORLD JAN TO MAY.pdf
"",CWM PEACH DICE 10X70G,10.0,80.0,0.0,80.0,CANDY WORLD MARKETING (S) PTE LTD,0.0,0.0,,CANDY WORLD JAN TO MAY.pdf
"",CWM LEMON KUMQUAT 10X70G,10.0,80.0,0.0,80.0,CANDY WORLD MARKETING (S) PTE LTD,0.0,0.0,,CANDY WORLD JAN TO MAY.pdf
"",CWM SEEDLESS LICORICE OLIVES 10X60G,10.0,80.0,0.0,80.0,CANDY WORLD MARKETING (S) PTE LTD,0.0,0.0,,CANDY WORLD JAN TO MAY.pdf
"",CWM PAPAYA 10X110G,10.0,80.0,0.0,80.0,CANDY WORLD MARKETING (S) PTE LTD,0.0,0.0,,CANDY WORLD JAN TO MAY.pdf
"",CWM PRUNE FLESH 10X60G,10.0,80.0,0.0,80.0,CANDY WORLD MARKETING (S) PTE LTD,0.0,0.0,,CANDY WORLD JAN TO MAY.pdf
"",CWM PRESERVED PLUM 10X80G,10.0,80.0,0.0,80.0,CANDY WORLD MARKETING (S) PTE LTD,0.0,0.0,,CANDY WORLD JAN TO MAY.pdf
"",CWM ORANGE PEEL 10X70G,10.0,80.0,0.0,80.0,CANDY WORLD MARKETING (S) PTE LTD,0.0,0.0,,CANDY WORLD JAN TO MAY.pdf
"",CWM RED SEEDLESS PLUM 10X70G,10.0,80.0,0.0,80.0,CANDY WORLD MARKETING (S) PTE LTD,0.0,0.0,,CANDY WORLD JAN TO MAY.pdf
"",CWM SEEDLESS PLUM 10X70G,10.0,80.0,0.0,80.0,CANDY WORLD MARKETING (S) PTE LTD,0.0,0.0,,CANDY WORLD JAN TO MAY.pdf
"",CWM SI QIN MEI 10X80G,10.0,80.0,0.0,80.0,CANDY WORLD MARKETING (S) PTE LTD,0.0,0.0,,CANDY WORLD JAN TO MAY.pdf
"",CWM SEEDLESS PRUNE 10X30G,10.0,80.0,0.0,80.0,CANDY WORLD MARKETING (S) PTE LTD,0.0,0.0,,CANDY WORLD JAN TO MAY.pdf
"",CWM SBERRY PRUNE (DRIED) 10X70G (),10.0,80.0,0.0,80.0,CANDY WORLD MARKETING (S) PTE LTD,0.0,0.0,,CANDY WORLD JAN TO MAY.pdf
"",CWM WHITE PRUNE 10X70G,10.0,80.0,0.0,80.0,CANDY WORLD MARKETING (S) PTE LTD,0.0,0.0,,CANDY WORLD JAN TO MAY.pdf
"",CWM SMALL WHITE PRUNE 10X70G,10.0,80.0,0.0,80.0,CANDY WORLD MARKETING (S) PTE LTD,0.0,0.0,,CANDY WORLD JAN TO MAY.pdf
"",YAN YAN STRAWBERRY 10X50G44G (No Return),8.0,61.6,0.0,61.6,CANDY WORLD MARKETING (S) PTE LTD,0.0,0.0,,CANDY WORLD JAN TO MAY.pdf
"",YAN YAN VANILLA 10X50G44G (CUP) (No Return),8.0,61.6,0.0,61.6,CANDY WORLD MARKETING (S) PTE LTD,0.0,0.0,,CANDY WORLD JAN TO MAY.pdf
"",POLA SNACK ORIGINAL (PKT) 10X(10x15g),100.0,1400.0,0.0,1400.0,CANDY WORLD MARKETING (S) PTE LTD,0.0,0.0,,CANDY WORLD JAN TO MAY.pdf
"",POLA SNACK SEAWEED (PKT) 10X(10x15g),100.0,1400.0,0.0,1400.0,CANDY WORLD MARKETING (S) PTE LTD,0.0,0.0,,CANDY WORLD JAN TO MAY.pdf
"",CHEWY GINGER (ORI) 4 (20PKT X 125G),80.0,19200.0,0.0,19200.0,CANDY WORLD MARKETING (S) PTE LTD,0.0,0.0,,CANDY WORLD JAN TO MAY.pdf
"",NFC MULBERRY JUICE (PKT) 8X100ML,8.0,56.0,0.0,56.0,CANDY WORLD MARKETING (S) PTE LTD,0.0,0.0,,CANDY WORLD JAN TO MAY.pdf
"",LAVA BITES BUTTER CHOCO 15X200G,15.0,585.0,0.0,585.0,CANDY WORLD MARKETING (S) PTE LTD,0.0,0.0,,CANDY WORLD JAN TO MAY.pdf
"",LAVA BITES COOKIE CREAM 15X150G,15.0,585.0,0.0,585.0,CANDY WORLD MARKETING (S) PTE LTD,0.0,0.0,,CANDY WORLD JAN TO MAY.pdf
"",LAVA BITES DOUBLE CHOCO 15X200G,15.0,585.0,0.0,585.0,CANDY WORLD MARKETING (S) PTE LTD,0.0,0.0,,CANDY WORLD JAN TO MAY.pdf
"",LAVA BITES HOJICHA CREAM 15X150G,15.0,585.0,0.0,585.0,CANDY WORLD MARKETING (S) PTE LTD,0.0,0.0,,CANDY WORLD JAN TO MAY.pdf
"",LAVA BITES MATCHA 15X200G,15.0,585.0,0.0,585.0,CANDY WORLD MARKETING (S) PTE LTD,0.0,0.0,,CANDY WORLD JAN TO MAY.pdf
"",LAVA BITES MATCHA STRAWBERRY 15X150G,15.0,585.0,0.0,585.0,CANDY WORLD MARKETING (S) PTE LTD,0.0,0.0,,CANDY WORLD JAN TO MAY.pdf
"",LAVA BITES STRAWBERRY 15X200G,15.0,585.0,0.0,585.0,CANDY WORLD MARKETING (S) PTE LTD,0.0,0.0,,CANDY WORLD JAN TO MAY.pdf
"",YAN YAN CHOCOLATE 10X50G44G (No Return),8.0,54.76,0.0,54.76,CANDY WORLD MARKETING (S) PTE LTD,0.0,0.0,,CANDY WORLD JAN TO MAY.pdf
"",NUTELLA GO 12X48G NEW (no return) (80050100),4.0,60.8,0.0,60.8,CANDY WORLD MARKETING (S) PTE LTD,0.0,0.0,,CANDY WORLD JAN TO MAY.pdf
"",YAN YAN VANILLA 10X50G 44G (CUP) (No Return),8.0,78.4,0.0,78.4,CANDY WORLD MARKETING (S) PTE LTD,0.0,0.0,,CANDY WORLD JAN TO MAY.pdf
"",Coffeehock CoffeeO Kosong Mixture Bags 8s x 10g,8.0,7.6,0.0,7.6,COFFEEHOCK (2006) PTE LTD,0.0,0.0,,COFFEE HOCK JAN TO MAY.pdf
"",Coffeehock 2in1 CoffeeO Mixture Bag with Less Sugar 8s,8.0,7.6,0.0,7.6,COFFEEHOCK (2006) PTE LTD,0.0,0.0,,COFFEE HOCK JAN TO MAY.pdf
"",Coffeehock 2in1 Less Sugar TehO Ceylon Tea Bag with Brown Raw Sugar 10s,10.0,9.5,0.0,9.5,COFFEEHOCK (2006) PTE LTD,0.0,0.0,,COFFEE HOCK JAN TO MAY.pdf
"",BAYGON AEROSOL MIK TWINPACK6X2SX600ML 311918 BAYGON MULTI INSECT KILLER 2SX600ML,12.0,74.77,0.0,74.77,DKSH SINGAPORE PTE LTD,0.0,0.0,,DKSH.pdf
"",BAYGON MIK AEROSOL 12 X 300ML 3109281 BAYGON MULTI INSECT KILLER 300ML,12.0,46.5,0.0,46.5,DKSH SINGAPORE PTE LTD,0.0,0.0,,DKSH.pdf
"",BAYGON DEFENSE FIK 12X600ML 343826 BAYGON DEFENSE FIK 12X600ML,12.0,54.66,0.0,54.66,DKSH SINGAPORE PTE LTD,0.0,0.0,,DKSH.pdf
"",Cats TastePurrfect Balance Tuna in Gravy,1.0,0.97,0.0,0.97,DP PETS,0.0,0.0,,DP PETS JAN TO MAY.pdf
"",Cats Taste Purrfect Balance Tuna topped with Chicken in Gravy,1.0,0.97,0.0,0.97,DP PETS,0.0,0.0,,DP PETS JAN TO MAY.pdf
"",Cats Taste Purrfect Balance Tuna topped with Salmon in Gravy,1.0,0.97,0.0,0.97,DP PETS,0.0,0.0,,DP PETS JAN TO MAY.pdf
"",Cats TastePurrfect Balance Tuna topped with Duck in Gravy,1.0,0.97,0.0,0.97,DP PETS,0.0,0.0,,DP PETS JAN TO MAY.pdf
"",Amelisa Pet CoRawly Stick Chicken Goat Milk 4PCS PCK,4.0,4.2,0.0,4.2,DP PETS,0.0,0.0,,DP PETS JAN TO MAY.pdf
"",Amelisa Pet CoRawly Stick Plus Tuna Cranberry 4PCS PCK,4.0,4.2,0.0,4.2,DP PETS,0.0,0.0,,DP PETS JAN TO MAY.pdf
"",Cats TasteTuna in Jelly (Pouch) 12x75g,12.0,93.6,0.0,93.6,DP PETS,0.0,0.0,,DP PETS JAN TO MAY.pdf
"",Cats Taste Tuna topped with Chicken in Jelly (Pouch) 12x75g,12.0,93.6,0.0,93.6,DP PETS,0.0,0.0,,DP PETS JAN TO MAY.pdf
"",Cats Taste Tuna topped with Shirasu in Jelly (Pouch) 12x75g,12.0,93.6,0.0,93.6,DP PETS,0.0,0.0,,DP PETS JAN TO MAY.pdf
"",Cats TasteTuna topped with Salmon in Jelly (Pouch) 12x75g,12.0,93.6,0.0,93.6,DP PETS,0.0,0.0,,DP PETS JAN TO MAY.pdf
"",Cats Taste Tuna in Gravy (Pouch) 12x75g,12.0,93.6,0.0,93.6,DP PETS,0.0,0.0,,DP PETS JAN TO MAY.pdf
"",Cats Taste Tuna topped with Chicken in Gravy (Pouch) 12x75g,12.0,93.6,0.0,93.6,DP PETS,0.0,0.0,,DP PETS JAN TO MAY.pdf
"",Cats Taste Tuna topped with Salmon in Gravy (Pouch) 12x75g,12.0,93.6,0.0,93.6,DP PETS,0.0,0.0,,DP PETS JAN TO MAY.pdf
"",Amelisa Pet CoRawly Stick Salmon Egg Yolk 4PCS PCK,4.0,4.2,0.0,4.2,DP PETS,0.0,0.0,,DP PETS JAN TO MAY.pdf
"",Amelisa Pet CoRawly Stick Duck Carrot 4PCS PCK,4.0,4.2,0.0,4.2,DP PETS,0.0,0.0,,DP PETS JAN TO MAY.pdf
"",Amelisa Pet CoRawly Stick Cod Fish Fish Roe 4PCS PCK,4.0,4.2,0.0,4.2,DP PETS,0.0,0.0,,DP PETS JAN TO MAY.pdf
"",EV1215 100X24S card Sin,24.0,4224.0,0.0,4224.0,EVERGREEN ENTERPRISE,0.0,0.0,,EVERGREEN ENTERPRISE.pdf
"",E11212 1000x14 card Sin,14.0,2660.0,0.0,2660.0,EVERGREEN ENTERPRISE,0.0,0.0,,EVERGREEN ENTERPRISE.pdf
"",GP uitiva AA x6,6.0,1152.0,0.0,1152.0,EVERGREEN ENTERPRISE,0.0,0.0,,EVERGREEN ENTERPRISE.pdf
"",Go uofra Aoex,1.0,192.0,0.0,192.0,EVERGREEN ENTERPRISE,0.0,0.0,,EVERGREEN ENTERPRISE.pdf
"",EV1215 00x14 card Sin,14.0,12.32,0.0,12.32,EVERGREEN ENTERPRISE,0.0,0.0,,EVERGREEN ENTERPRISE.pdf
"",EV1212 000x4 card,4.0,3.52,0.0,3.52,EVERGREEN ENTERPRISE,0.0,0.0,,EVERGREEN ENTERPRISE.pdf
"",maxell Aikaine DAX8S,8.0,15.2,0.0,15.2,EVERGREEN ENTERPRISE,0.0,0.0,,EVERGREEN ENTERPRISE.pdf
"",maxell Arkaire ADO0x83,83.0,157.7,0.0,157.7,EVERGREEN ENTERPRISE,0.0,0.0,,EVERGREEN ENTERPRISE.pdf
"",Enalizer maxADA x 6S,6.0,15.0,0.0,15.0,EVERGREEN ENTERPRISE,0.0,0.0,,EVERGREEN ENTERPRISE.pdf
"",Endfrer max Aex13,13.0,32.5,0.0,32.5,EVERGREEN ENTERPRISE,0.0,0.0,,EVERGREEN ENTERPRISE.pdf
"",Everfizer max ne,1.0,240.0,0.0,240.0,EVERGREEN ENTERPRISE,0.0,0.0,,EVERGREEN ENTERPRISE.pdf
"",Ederizer max 1808,1.0,240.0,0.0,240.0,EVERGREEN ENTERPRISE,0.0,0.0,,EVERGREEN ENTERPRISE.pdf
"",EV1215 card sin,1.0,176.0,0.0,176.0,EVERGREEN ENTERPRISE,0.0,0.0,,EVERGREEN ENTERPRISE.pdf
"",Ex1212 000 card,1.0,1190.0,0.0,1190.0,EVERGREEN ENTERPRISE,0.0,0.0,,EVERGREEN ENTERPRISE.pdf
"",GD 00x63,63.0,12096.0,0.0,12096.0,EVERGREEN ENTERPRISE,0.0,0.0,,EVERGREEN ENTERPRISE.pdf
"",6 800x65,65.0,12480.0,0.0,12480.0,EVERGREEN ENTERPRISE,0.0,0.0,,EVERGREEN ENTERPRISE.pdf
"",PowerPac 3 Way Ext 2Meter,1.0,5.9,0.0,5.9,EVERSON ELECTRICAL (S) PTE LTD,0.0,0.0,,EVERSON ELECTRICAL.pdf
"",PowerPac 4 Way Ext 2Meter(1240386),1.0,6.9,0.0,6.9,EVERSON ELECTRICAL (S) PTE LTD,0.0,0.0,,EVERSON ELECTRICAL.pdf
"",PowerPac 3 Way Ext 3Meter WNeon,1.0,7.5,0.0,7.5,EVERSON ELECTRICAL (S) PTE LTD,0.0,0.0,,EVERSON ELECTRICAL.pdf
"",PowerPac 3 Way Adaptor (1240524),1.0,2.72,0.0,2.72,EVERSON ELECTRICAL (S) PTE LTD,0.0,0.0,,EVERSON ELECTRICAL.pdf
"",PowerPac 3 Way Adaptor W Switch,1.0,4.68,0.0,4.68,EVERSON ELECTRICAL (S) PTE LTD,0.0,0.0,,EVERSON ELECTRICAL.pdf
"",PowerPac LED Night Light with Switch (1240408),1.0,3.6,0.0,3.6,EVERSON ELECTRICAL (S) PTE LTD,0.0,0.0,,EVERSON ELECTRICAL.pdf
"",MILO PKT DRINKS 200 ML MY,4.0,45.2,0.0,45.2,HOCK LEONG TECK KEE PTE LTD,0.0,0.0,,HOCK LEONG TECK.pdf
"",HSC OLDENLANDIA WATER 325ML,24.0,300.0,0.0,300.0,HOCK LEONG TECK KEE PTE LTD,0.0,0.0,,HOCK LEONG TECK.pdf
"",PEPSI COLA 24X320ML (CAN),24.0,187.2,0.0,187.2,HOCK LEONG TECK KEE PTE LTD,0.0,0.0,,HOCK LEONG TECK.pdf
"",REDBULL (THAI) 250 ML,24.0,278.4,0.0,278.4,HOCK LEONG TECK KEE PTE LTD,0.0,0.0,,HOCK LEONG TECK.pdf
"",RIBENA CHEER PACK (O) 300MLX24,24.0,422.4,0.0,422.4,HOCK LEONG TECK KEE PTE LTD,0.0,0.0,,HOCK LEONG TECK.pdf
"",QOO WHITE GRAPE CAN 12X300ML,12.0,73.2,0.0,73.2,HOCK LEONG TECK KEE PTE LTD,0.0,0.0,,HOCK LEONG TECK.pdf
"",COKE ZERO CAN 24X320ML,24.0,276.0,0.0,276.0,HOCK LEONG TECK KEE PTE LTD,0.0,0.0,,HOCK LEONG TECK.pdf
"",100 PLUS 500ML BOT,24.0,307.2,0.0,307.2,HOCK LEONG TECK KEE PTE LTD,0.0,0.0,,HOCK LEONG TECK.pdf
"",MILO PKT DRINKS 200 ML,4.0,44.0,0.0,44.0,HOCK LEONG TECK KEE PTE LTD,0.0,0.0,,HOCK LEONG TECK.pdf
"",100PLUS 28X325ML,28.0,285.6,0.0,285.6,HOCK LEONG TECK KEE PTE LTD,0.0,0.0,,HOCK LEONG TECK.pdf
"",7UP 24X320ML CAN,24.0,187.2,0.0,187.2,HOCK LEONG TECK KEE PTE LTD,0.0,0.0,,HOCK LEONG TECK.pdf
"",COKE ZERO 15L X 12 BOT (S),12.0,141.6,0.0,141.6,HOCK LEONG TECK KEE PTE LTD,0.0,0.0,,HOCK LEONG TECK.pdf
"",MUG SARSAPARILLA CAN,24.0,192.0,0.0,192.0,HOCK LEONG TECK KEE PTE LTD,0.0,0.0,,HOCK LEONG TECK.pdf
"",MOUNTAIN DEW 24X320ML CAN,24.0,192.0,0.0,192.0,HOCK LEONG TECK KEE PTE LTD,0.0,0.0,,HOCK LEONG TECK.pdf
"",COKE 320MLX12 (MY),12.0,55.8,0.0,55.8,HOCK LEONG TECK KEE PTE LTD,0.0,0.0,,HOCK LEONG TECK.pdf
"",100 PLUS ZERO 500ML (MY),24.0,348.0,0.0,348.0,HOCK LEONG TECK KEE PTE LTD,0.0,0.0,,HOCK LEONG TECK.pdf
"",COKE (MY) 320MLX24,24.0,223.2,0.0,223.2,HOCK LEONG TECK KEE PTE LTD,0.0,0.0,,HOCK LEONG TECK.pdf
"",RIBENA CHEER PACK (O) 330ML,24.0,422.4,0.0,422.4,HOCK LEONG TECK KEE PTE LTD,0.0,0.0,,HOCK LEONG TECK.pdf
"",100 PLUS CAN (MY) X24,24.0,235.2,0.0,235.2,HOCK LEONG TECK KEE PTE LTD,0.0,0.0,,HOCK LEONG TECK.pdf
"",100 PLUS ORIGINAL 500ML(MY),24.0,307.2,0.0,307.2,HOCK LEONG TECK KEE PTE LTD,0.0,0.0,,HOCK LEONG TECK.pdf
"",FN SODA WATER CAN X24 320m,24.0,108.0,0.0,108.0,HOCK LEONG TECK KEE PTE LTD,0.0,0.0,,HOCK LEONG TECK.pdf
"",YEOS 24X250ML PKT CHRYSANTHEMUM,24.0,141.6,0.0,141.6,HOCK LEONG TECK KEE PTE LTD,0.0,0.0,,HOCK LEONG TECK.pdf
"",POKKA ICE LEMON TEA (CAN),24.0,264.0,0.0,264.0,HOCK LEONG TECK KEE PTE LTD,0.0,0.0,,HOCK LEONG TECK.pdf
"",POKKA SOURSOP JUICE (CAN),24.0,264.0,0.0,264.0,HOCK LEONG TECK KEE PTE LTD,0.0,0.0,,HOCK LEONG TECK.pdf
"",POKKA (PKT) LEMON TEA,4.0,32.8,0.0,32.8,HOCK LEONG TECK KEE PTE LTD,0.0,0.0,,HOCK LEONG TECK.pdf
"",1500ML POKKA ICE LEMON TEA BOT,12.0,222.0,0.0,222.0,HOCK LEONG TECK KEE PTE LTD,0.0,0.0,,HOCK LEONG TECK.pdf
"",500ML POKKA GREEN TEA BOT,24.0,420.0,0.0,420.0,HOCK LEONG TECK KEE PTE LTD,0.0,0.0,,HOCK LEONG TECK.pdf
"",1500ML POKKA PEACH TEA BOT,12.0,222.0,0.0,222.0,HOCK LEONG TECK KEE PTE LTD,0.0,0.0,,HOCK LEONG TECK.pdf
"",POKKA GREEN TEA CAN MY,24.0,237.6,0.0,237.6,HOCK LEONG TECK KEE PTE LTD,0.0,0.0,,HOCK LEONG TECK.pdf
"",POKKA OOLONG TEA (CAN),24.0,295.2,0.0,295.2,HOCK LEONG TECK KEE PTE LTD,0.0,0.0,,HOCK LEONG TECK.pdf
"",(HOUTEN BRAND) Chilli Tapioca Chips 1bag x 20pkts x 35g x 8s,20.0,60.44,0.0,60.44,SINGAPORE HOUTEN PTE LTD,0.0,0.0,,houten.pdf
"",115g316 RINDA Mixed Fruit Jelly,16.0,190.0886117492616,0.0,190.0886117492616,JB YAP BROTHERS FOOD SDN BHD,0.0,0.0,,JB YAP JAN TO MAY.pdf
"",120g48 FRUIT PLUS Apple,48.0,1550.114867082376,0.0,1550.114867082376,JB YAP BROTHERS FOOD SDN BHD,0.0,0.0,,JB YAP JAN TO MAY.pdf
"",120g48 FRUIT PLUS BCurrant,48.0,1550.114867082376,0.0,1550.114867082376,JB YAP BROTHERS FOOD SDN BHD,0.0,0.0,,JB YAP JAN TO MAY.pdf
"",120g48 FRUIT PLUS Lychee,48.0,1550.114867082376,0.0,1550.114867082376,JB YAP BROTHERS FOOD SDN BHD,0.0,0.0,,JB YAP JAN TO MAY.pdf
"",120g48 FRUIT PLUS Mango,48.0,1550.114867082376,0.0,1550.114867082376,JB YAP BROTHERS FOOD SDN BHD,0.0,0.0,,JB YAP JAN TO MAY.pdf
"",120g48 FRUIT PLUS SBerry,48.0,1550.114867082376,0.0,1550.114867082376,JB YAP BROTHERS FOOD SDN BHD,0.0,0.0,,JB YAP JAN TO MAY.pdf
"",120g48 MINT PLUS Cool Blue,48.0,1550.114867082376,0.0,1550.114867082376,JB YAP BROTHERS FOOD SDN BHD,0.0,0.0,,JB YAP JAN TO MAY.pdf
"",225g30 RINDA Mixed Fruits Jelly,30.0,398.7528716770594,0.0,398.7528716770594,JB YAP BROTHERS FOOD SDN BHD,0.0,0.0,,JB YAP JAN TO MAY.pdf
"",40g1015 Kuaci RamaRama Marjerin,15.0,668.2802756809976,0.0,668.2802756809976,JB YAP BROTHERS FOOD SDN BHD,0.0,0.0,,JB YAP JAN TO MAY.pdf
"",55g165 EJH Star Cereal,5.0,164.09583196586806,0.0,164.09583196586806,JB YAP BROTHERS FOOD SDN BHD,0.0,0.0,,JB YAP JAN TO MAY.pdf
"",55g165 EJH Vita Ball,5.0,164.09583196586806,0.0,164.09583196586806,JB YAP BROTHERS FOOD SDN BHD,0.0,0.0,,JB YAP JAN TO MAY.pdf
"",55g165 EJH Vita Koko,5.0,164.09583196586806,0.0,164.09583196586806,JB YAP BROTHERS FOOD SDN BHD,0.0,0.0,,JB YAP JAN TO MAY.pdf
"",55g165 EJH Vita Rainbow,5.0,164.09583196586806,0.0,164.09583196586806,JB YAP BROTHERS FOOD SDN BHD,0.0,0.0,,JB YAP JAN TO MAY.pdf
"",80g616 RINDA Mango Nata Pudding,16.0,315.0639973744667,0.0,315.0639973744667,JB YAP BROTHERS FOOD SDN BHD,0.0,0.0,,JB YAP JAN TO MAY.pdf
"",80g616 RINDA Mixed Fruit Nata Pudding,16.0,315.0639973744667,0.0,315.0639973744667,JB YAP BROTHERS FOOD SDN BHD,0.0,0.0,,JB YAP JAN TO MAY.pdf
"",AKIKO Fruity MMallow Twist 85g40(B),40.0,1023.9579914670167,0.0,1023.9579914670167,JB YAP BROTHERS FOOD SDN BHD,0.0,0.0,,JB YAP JAN TO MAY.pdf
"",AKIKO VFood Pastel Marshmallow 60g50,50.0,1599.9343616672136,0.0,1599.9343616672136,JB YAP BROTHERS FOOD SDN BHD,0.0,0.0,,JB YAP JAN TO MAY.pdf
"",BF Sour PowderLPop 72g1224,24.0,519.85559566787,0.0,519.85559566787,JB YAP BROTHERS FOOD SDN BHD,0.0,0.0,,JB YAP JAN TO MAY.pdf
"",BIKA Ayam H 60g106,6.0,167.7715786019035,0.0,167.7715786019035,JB YAP BROTHERS FOOD SDN BHD,0.0,0.0,,JB YAP JAN TO MAY.pdf
"",BIKA Ayam M 60g106,6.0,167.7715786019035,0.0,167.7715786019035,JB YAP BROTHERS FOOD SDN BHD,0.0,0.0,,JB YAP JAN TO MAY.pdf
"",BIKA Party Pack Ayam (H) 12g824,24.0,567.11519527404,0.0,567.11519527404,JB YAP BROTHERS FOOD SDN BHD,0.0,0.0,,JB YAP JAN TO MAY.pdf
"",BIKA Party Pack Ayam (M) 12g824,24.0,567.11519527404,0.0,567.11519527404,JB YAP BROTHERS FOOD SDN BHD,0.0,0.0,,JB YAP JAN TO MAY.pdf
"",BIKA Party Pack Fika Cheese 14g824,24.0,567.11519527404,0.0,567.11519527404,JB YAP BROTHERS FOOD SDN BHD,0.0,0.0,,JB YAP JAN TO MAY.pdf
"",BIKA Party Pack Vegetable 12g824,24.0,567.11519527404,0.0,567.11519527404,JB YAP BROTHERS FOOD SDN BHD,0.0,0.0,,JB YAP JAN TO MAY.pdf
"",BIKA SEAFOOD HotSpicy 60g106,6.0,167.7715786019035,0.0,167.7715786019035,JB YAP BROTHERS FOOD SDN BHD,0.0,0.0,,JB YAP JAN TO MAY.pdf
"",BORO Original 195g36,36.0,1254.7423695438135,0.0,1254.7423695438135,JB YAP BROTHERS FOOD SDN BHD,0.0,0.0,,JB YAP JAN TO MAY.pdf
"",BORO Pandan 195g36,36.0,1254.7423695438135,0.0,1254.7423695438135,JB YAP BROTHERS FOOD SDN BHD,0.0,0.0,,JB YAP JAN TO MAY.pdf
"",CORNTOZ Cheesey Pizza 80g105,5.0,136.1995405316705,0.0,136.1995405316705,JB YAP BROTHERS FOOD SDN BHD,0.0,0.0,,JB YAP JAN TO MAY.pdf
"",CORNTOZ FP Chili Cheez (P) 15g810,10.0,82.04791598293403,0.0,82.04791598293403,JB YAP BROTHERS FOOD SDN BHD,0.0,0.0,,JB YAP JAN TO MAY.pdf
"",CORNTOZ FP Chili Cheez(P) 15g810,10.0,82.04791598293403,0.0,82.04791598293403,JB YAP BROTHERS FOOD SDN BHD,0.0,0.0,,JB YAP JAN TO MAY.pdf
"",CORNTOZ FP Hotz Spicy (M) 15g810,10.0,82.04791598293403,0.0,82.04791598293403,JB YAP BROTHERS FOOD SDN BHD,0.0,0.0,,JB YAP JAN TO MAY.pdf
"",CORNTOZ FP Hotz Spicy(M) 15g810,10.0,82.04791598293403,0.0,82.04791598293403,JB YAP BROTHERS FOOD SDN BHD,0.0,0.0,,JB YAP JAN TO MAY.pdf
"",CORNTOZ Smoky BBQZ 100g105,5.0,136.1995405316705,0.0,136.1995405316705,JB YAP BROTHERS FOOD SDN BHD,0.0,0.0,,JB YAP JAN TO MAY.pdf
"",DAHFA Fish Fillet 280g20 NOT RETURNABLE,20.0,1942.8946504758778,0.0,1942.8946504758778,JB YAP BROTHERS FOOD SDN BHD,0.0,0.0,,JB YAP JAN TO MAY.pdf
"",DAHFA Fish Fillet 50g108 NOT RETURNABLE,8.0,760.3544469970464,0.0,760.3544469970464,JB YAP BROTHERS FOOD SDN BHD,0.0,0.0,,JB YAP JAN TO MAY.pdf
"",DAN HUA CAKE 102g1010,10.0,1197.8995733508368,0.0,1197.8995733508368,JB YAP BROTHERS FOOD SDN BHD,0.0,0.0,,JB YAP JAN TO MAY.pdf
"",DOLPHIN Konjac Drink Grape 180g104,4.0,73.51493272070888,0.0,73.51493272070888,JB YAP BROTHERS FOOD SDN BHD,0.0,0.0,,JB YAP JAN TO MAY.pdf
"",DOLPHIN Konjac Drink Lychee 130g104,4.0,73.51493272070888,0.0,73.51493272070888,JB YAP BROTHERS FOOD SDN BHD,0.0,0.0,,JB YAP JAN TO MAY.pdf
"",DOLPHIN Konjac Jelly Grape 20g1524,24.0,746.701673777486,0.0,746.701673777486,JB YAP BROTHERS FOOD SDN BHD,0.0,0.0,,JB YAP JAN TO MAY.pdf
"",DOLPHIN Konjac Jelly Lychee 20g1524,24.0,746.701673777486,0.0,746.701673777486,JB YAP BROTHERS FOOD SDN BHD,0.0,0.0,,JB YAP JAN TO MAY.pdf
"",DOLPHIN Konjac Jelly Mango 20g1524,24.0,746.701673777486,0.0,746.701673777486,JB YAP BROTHERS FOOD SDN BHD,0.0,0.0,,JB YAP JAN TO MAY.pdf
"",DOLPHIN Konjac Jelly Peach 20g1524,24.0,746.701673777486,0.0,746.701673777486,JB YAP BROTHERS FOOD SDN BHD,0.0,0.0,,JB YAP JAN TO MAY.pdf
"",DOLPHIN Jelly With Nata Mango 32g824,24.0,444.24023629799797,0.0,444.24023629799797,JB YAP BROTHERS FOOD SDN BHD,0.0,0.0,,JB YAP JAN TO MAY.pdf
"",DOLPHIN Jelly With Nata Mix 32g824,24.0,444.24023629799797,0.0,444.24023629799797,JB YAP BROTHERS FOOD SDN BHD,0.0,0.0,,JB YAP JAN TO MAY.pdf
"",DOUBLE DECKER Cheese Ring 70g105,5.0,133.73810305218248,0.0,133.73810305218248,JB YAP BROTHERS FOOD SDN BHD,0.0,0.0,,JB YAP JAN TO MAY.pdf
"",DOUBLE DECKER Chicken 65g105,5.0,133.73810305218248,0.0,133.73810305218248,JB YAP BROTHERS FOOD SDN BHD,0.0,0.0,,JB YAP JAN TO MAY.pdf
"",DOUBLE DECKER Prawn 80g105,5.0,133.73810305218248,0.0,133.73810305218248,JB YAP BROTHERS FOOD SDN BHD,0.0,0.0,,JB YAP JAN TO MAY.pdf
"",FIZZY Kola 120g48,48.0,1550.114867082376,0.0,1550.114867082376,JB YAP BROTHERS FOOD SDN BHD,0.0,0.0,,JB YAP JAN TO MAY.pdf
"",FUYUN Peeled Chestnut 108g50,50.0,2543.4853954709547,0.0,2543.4853954709547,JB YAP BROTHERS FOOD SDN BHD,0.0,0.0,,JB YAP JAN TO MAY.pdf
"",HSWang Wang Ball Cake 45g104,4.0,64.06301279947489,0.0,64.06301279947489,JB YAP BROTHERS FOOD SDN BHD,0.0,0.0,,JB YAP JAN TO MAY.pdf
"",Haw Flakes 1248 Not Ret,48.0,2759.960617000328,0.0,2759.960617000328,JB YAP BROTHERS FOOD SDN BHD,0.0,0.0,,JB YAP JAN TO MAY.pdf
"",HIMALAYA Actiwhoosh Mints 15g1212,12.0,732.523793895635,0.0,732.523793895635,JB YAP BROTHERS FOOD SDN BHD,0.0,0.0,,JB YAP JAN TO MAY.pdf
"",HIMALAYA Altice Fresh 15g1212,12.0,732.523793895635,0.0,732.523793895635,JB YAP BROTHERS FOOD SDN BHD,0.0,0.0,,JB YAP JAN TO MAY.pdf
"",HIMALAYA Honey Lime Mints 15g1212,12.0,732.523793895635,0.0,732.523793895635,JB YAP BROTHERS FOOD SDN BHD,0.0,0.0,,JB YAP JAN TO MAY.pdf
"",JACKER Potato BBQ (60g12)3,3.0,67.93567443386938,0.0,67.93567443386938,JB YAP BROTHERS FOOD SDN BHD,0.0,0.0,,JB YAP JAN TO MAY.pdf
"",JACKER Potato BBQ 110g14,14.0,199.40925500492287,0.0,199.40925500492287,JB YAP BROTHERS FOOD SDN BHD,0.0,0.0,,JB YAP JAN TO MAY.pdf
"",JACKER Potato Cheese 110g14,14.0,183.3278634722678,0.0,183.3278634722678,JB YAP BROTHERS FOOD SDN BHD,0.0,0.0,,JB YAP JAN TO MAY.pdf
"",JACKER Potato H S (60g12)3,3.0,67.93567443386938,0.0,67.93567443386938,JB YAP BROTHERS FOOD SDN BHD,0.0,0.0,,JB YAP JAN TO MAY.pdf
"",JACKER Potato H S 110g14,14.0,183.3278634722678,0.0,183.3278634722678,JB YAP BROTHERS FOOD SDN BHD,0.0,0.0,,JB YAP JAN TO MAY.pdf
"",JACKER Potato Natural (60g12)3,3.0,67.93567443386938,0.0,67.93567443386938,JB YAP BROTHERS FOOD SDN BHD,0.0,0.0,,JB YAP JAN TO MAY.pdf
"",JACKER Potato Original 110g14,14.0,199.40925500492287,0.0,199.40925500492287,JB YAP BROTHERS FOOD SDN BHD,0.0,0.0,,JB YAP JAN TO MAY.pdf
"",JACKER Potato S Cream 110g14,14.0,199.40925500492287,0.0,199.40925500492287,JB YAP BROTHERS FOOD SDN BHD,0.0,0.0,,JB YAP JAN TO MAY.pdf
"",JACKER Potato Seaweed 110g14,14.0,183.3278634722678,0.0,183.3278634722678,JB YAP BROTHERS FOOD SDN BHD,0.0,0.0,,JB YAP JAN TO MAY.pdf
"",JACKER Potato Tomato (60g12)3,3.0,67.93567443386938,0.0,67.93567443386938,JB YAP BROTHERS FOOD SDN BHD,0.0,0.0,,JB YAP JAN TO MAY.pdf
"",JACKER Wafer Cube Choco 80g30,30.0,827.042993107975,0.0,827.042993107975,JB YAP BROTHERS FOOD SDN BHD,0.0,0.0,,JB YAP JAN TO MAY.pdf
"",JACKER Wafer Cube Hazelnut 80g30,30.0,827.042993107975,0.0,827.042993107975,JB YAP BROTHERS FOOD SDN BHD,0.0,0.0,,JB YAP JAN TO MAY.pdf
"",JACKER Wafer Cube Peanut 80g30,30.0,827.042993107975,0.0,827.042993107975,JB YAP BROTHERS FOOD SDN BHD,0.0,0.0,,JB YAP JAN TO MAY.pdf
"",JCH MEISHIJIA Fo Shou Chen Pi 80g68,8.0,569.2156219232031,0.0,569.2156219232031,JB YAP BROTHERS FOOD SDN BHD,0.0,0.0,,JB YAP JAN TO MAY.pdf
"",JCH MEISHIJIA Hong Tang Chen Pi 80g68,8.0,567.11519527404,0.0,567.11519527404,JB YAP BROTHERS FOOD SDN BHD,0.0,0.0,,JB YAP JAN TO MAY.pdf
"",JCH MEISHIJIA Jiu Zhi Chuang Pi 65g68,8.0,567.11519527404,0.0,567.11519527404,JB YAP BROTHERS FOOD SDN BHD,0.0,0.0,,JB YAP JAN TO MAY.pdf
"",JCH MEISHIJIA Jiu Zhi Yang Mei 100g68,8.0,567.1348867738759,0.0,567.1348867738759,JB YAP BROTHERS FOOD SDN BHD,0.0,0.0,,JB YAP JAN TO MAY.pdf
"",JCH MEISHIJIA Ju Hua Chen Pi 80g68,8.0,567.11519527404,0.0,567.11519527404,JB YAP BROTHERS FOOD SDN BHD,0.0,0.0,,JB YAP JAN TO MAY.pdf
"",JCH MEISHIJIA Mei Gui Chen Pi 80g68,8.0,567.11519527404,0.0,567.11519527404,JB YAP BROTHERS FOOD SDN BHD,0.0,0.0,,JB YAP JAN TO MAY.pdf
"",Jomei Big Spicy Snack 12122Not Ret,12.0,349.721037085658,0.0,349.721037085658,JB YAP BROTHERS FOOD SDN BHD,0.0,0.0,,JB YAP JAN TO MAY.pdf
"",JOYSTIX B Coated W Choco SBerry flv (15g2)126,6.0,150.83688874302592,0.0,150.83688874302592,JB YAP BROTHERS FOOD SDN BHD,0.0,0.0,,JB YAP JAN TO MAY.pdf
"",JOYSTIX B Coated W Choco Vanilla flv (15g2)126,6.0,148.8677387594355,0.0,148.8677387594355,JB YAP BROTHERS FOOD SDN BHD,0.0,0.0,,JB YAP JAN TO MAY.pdf
"",JOYSTIX B Coated W SBerry flv Cream 40g126,6.0,150.83688874302592,0.0,150.83688874302592,JB YAP BROTHERS FOOD SDN BHD,0.0,0.0,,JB YAP JAN TO MAY.pdf
"",JOYSTIX BCoated W Choco SBerry flv (15g2)126,6.0,148.8677387594355,0.0,148.8677387594355,JB YAP BROTHERS FOOD SDN BHD,0.0,0.0,,JB YAP JAN TO MAY.pdf
"",JOYSTIX BCoated W Choco flv Cream 40g126,6.0,148.8677387594355,0.0,148.8677387594355,JB YAP BROTHERS FOOD SDN BHD,0.0,0.0,,JB YAP JAN TO MAY.pdf
"",JOYSTIX BCoated W Durian flv Cream 40g126,6.0,148.8677387594355,0.0,148.8677387594355,JB YAP BROTHERS FOOD SDN BHD,0.0,0.0,,JB YAP JAN TO MAY.pdf
"",JOYSTIX BCoated W Vanilla flv Cream 40g126,6.0,148.8677387594355,0.0,148.8677387594355,JB YAP BROTHERS FOOD SDN BHD,0.0,0.0,,JB YAP JAN TO MAY.pdf
"",KHY Abang Latioa Stick 26g1212,12.0,29.143419757138165,0.0,29.143419757138165,JB YAP BROTHERS FOOD SDN BHD,0.0,0.0,,JB YAP JAN TO MAY.pdf
"",KHY Abang Latioa Stick 26g1212 (Not Ret),12.0,363.89891696750897,0.0,363.89891696750897,JB YAP BROTHERS FOOD SDN BHD,0.0,0.0,,JB YAP JAN TO MAY.pdf
"",KHY Black Spicy Latiao 81212Not Ret,12.0,349.721037085658,0.0,349.721037085658,JB YAP BROTHERS FOOD SDN BHD,0.0,0.0,,JB YAP JAN TO MAY.pdf
"",KHY Mini Latiao 7212 (Not Ret),12.0,363.89891696750897,0.0,363.89891696750897,JB YAP BROTHERS FOOD SDN BHD,0.0,0.0,,JB YAP JAN TO MAY.pdf
"",Lemon Tablets 8g52020 Not Ret,20.0,2454.873646209386,0.0,2454.873646209386,JB YAP BROTHERS FOOD SDN BHD,0.0,0.0,,JB YAP JAN TO MAY.pdf
"",LIGO Raisin GSeedless 30g144Not Ret,144.0,10888.611749261569,0.0,10888.611749261569,JB YAP BROTHERS FOOD SDN BHD,0.0,0.0,,JB YAP JAN TO MAY.pdf
"",LIGO Raisin Seedless 30g144Not Ret,144.0,10548.342632097145,0.0,10548.342632097145,JB YAP BROTHERS FOOD SDN BHD,0.0,0.0,,JB YAP JAN TO MAY.pdf
"",LOT 100 Gummy Mango 130g244,24.0,869.576632753528,0.0,869.576632753528,JB YAP BROTHERS FOOD SDN BHD,0.0,0.0,,JB YAP JAN TO MAY.pdf
"",LOT 100 Gummy SBerry 130g24,24.0,869.576632753528,0.0,869.576632753528,JB YAP BROTHERS FOOD SDN BHD,0.0,0.0,,JB YAP JAN TO MAY.pdf
"",LOT 100 Sour Apple 95g24,24.0,689.990154250082,0.0,689.990154250082,JB YAP BROTHERS FOOD SDN BHD,0.0,0.0,,JB YAP JAN TO MAY.pdf
"",LOT 100 Sour Blackcurrant 95g24,24.0,689.990154250082,0.0,689.990154250082,JB YAP BROTHERS FOOD SDN BHD,0.0,0.0,,JB YAP JAN TO MAY.pdf
"",LOT 100 Sour Mango 95g24,24.0,689.990154250082,0.0,689.990154250082,JB YAP BROTHERS FOOD SDN BHD,0.0,0.0,,JB YAP JAN TO MAY.pdf
"",LOT 100 Sour Orange 95g24,24.0,689.990154250082,0.0,689.990154250082,JB YAP BROTHERS FOOD SDN BHD,0.0,0.0,,JB YAP JAN TO MAY.pdf
"",LOT 100 Sour SBerry 95g24,24.0,689.990154250082,0.0,689.990154250082,JB YAP BROTHERS FOOD SDN BHD,0.0,0.0,,JB YAP JAN TO MAY.pdf
"",MAMEE Cup Chicken 60g68,8.0,196.91499835904168,0.0,196.91499835904168,JB YAP BROTHERS FOOD SDN BHD,0.0,0.0,,JB YAP JAN TO MAY.pdf
"",MAMEE Cup Chicken 63g628,8.0,185.10009845749917,0.0,185.10009845749917,JB YAP BROTHERS FOOD SDN BHD,0.0,0.0,,JB YAP JAN TO MAY.pdf
"",MAMEE Cup Curry 63g628,8.0,185.10009845749917,0.0,185.10009845749917,JB YAP BROTHERS FOOD SDN BHD,0.0,0.0,,JB YAP JAN TO MAY.pdf
"",MAMEE Cup Curry 65g68,8.0,196.91499835904168,0.0,196.91499835904168,JB YAP BROTHERS FOOD SDN BHD,0.0,0.0,,JB YAP JAN TO MAY.pdf
"",MAMEE Cup Tomyam 60g628,8.0,185.10009845749917,0.0,185.10009845749917,JB YAP BROTHERS FOOD SDN BHD,0.0,0.0,,JB YAP JAN TO MAY.pdf
"",MAMEE Cup Tomyam 60g68,8.0,196.91499835904168,0.0,196.91499835904168,JB YAP BROTHERS FOOD SDN BHD,0.0,0.0,,JB YAP JAN TO MAY.pdf
"",MAMEE Cup Vege 64g628,8.0,185.10009845749917,0.0,185.10009845749917,JB YAP BROTHERS FOOD SDN BHD,0.0,0.0,,JB YAP JAN TO MAY.pdf
"",MAMEE Cup Veg 65g68,8.0,196.91499835904168,0.0,196.91499835904168,JB YAP BROTHERS FOOD SDN BHD,0.0,0.0,,JB YAP JAN TO MAY.pdf
"",MENTOS Bottle Mint 120g68,48.0,401.706596652445,0.0,401.706596652445,JB YAP BROTHERS FOOD SDN BHD,0.0,0.0,,JB YAP JAN TO MAY.pdf
"",MENTOS Bottle Mix Grape 120g68,48.0,401.706596652445,0.0,401.706596652445,JB YAP BROTHERS FOOD SDN BHD,0.0,0.0,,JB YAP JAN TO MAY.pdf
"",MENTOS Bottle Sour Mix 120g68,48.0,401.706596652445,0.0,401.706596652445,JB YAP BROTHERS FOOD SDN BHD,0.0,0.0,,JB YAP JAN TO MAY.pdf
"",MENTOS Bottle Yogurt 120g68,48.0,401.706596652445,0.0,401.706596652445,JB YAP BROTHERS FOOD SDN BHD,0.0,0.0,,JB YAP JAN TO MAY.pdf
"",MIMI 60g106,6.0,157.13816869051524,0.0,157.13816869051524,JB YAP BROTHERS FOOD SDN BHD,0.0,0.0,,JB YAP JAN TO MAY.pdf
"",NICKEY Sarsi Pop 5030,30.0,1654.08598621595,0.0,1654.08598621595,JB YAP BROTHERS FOOD SDN BHD,0.0,0.0,,JB YAP JAN TO MAY.pdf
"",PAGODA Shandong (110g10)6,6.0,283.55759763702,0.0,283.55759763702,JB YAP BROTHERS FOOD SDN BHD,0.0,0.0,,JB YAP JAN TO MAY.pdf
"",REDONDO WStick Cappuccino 100g24,24.0,982.999671808336,0.0,982.999671808336,JB YAP BROTHERS FOOD SDN BHD,0.0,0.0,,JB YAP JAN TO MAY.pdf
"",REDONDO WStick Choco 100g24,24.0,982.999671808336,0.0,982.999671808336,JB YAP BROTHERS FOOD SDN BHD,0.0,0.0,,JB YAP JAN TO MAY.pdf
"",REDONDO WStick Cookies Cream 100g24,24.0,982.999671808336,0.0,982.999671808336,JB YAP BROTHERS FOOD SDN BHD,0.0,0.0,,JB YAP JAN TO MAY.pdf
"",REDONDO WStick Green Tea 100g24,24.0,982.999671808336,0.0,982.999671808336,JB YAP BROTHERS FOOD SDN BHD,0.0,0.0,,JB YAP JAN TO MAY.pdf
"",REDONDO WStick SBerry 100g24,24.0,982.999671808336,0.0,982.999671808336,JB YAP BROTHERS FOOD SDN BHD,0.0,0.0,,JB YAP JAN TO MAY.pdf
"",REDONDO WStick Vanilla 100g24,24.0,982.999671808336,0.0,982.999671808336,JB YAP BROTHERS FOOD SDN BHD,0.0,0.0,,JB YAP JAN TO MAY.pdf
"",RM22060 GOODFOOD Black Pepper,60.0,2362.9799803085,0.0,2362.9799803085,JB YAP BROTHERS FOOD SDN BHD,0.0,0.0,,JB YAP JAN TO MAY.pdf
"",RM22060 GOODFOOD Sotong Panggang,60.0,2362.9799803085,0.0,2362.9799803085,JB YAP BROTHERS FOOD SDN BHD,0.0,0.0,,JB YAP JAN TO MAY.pdf
"",RM26036 WIN2 Koala Kids Cheese,36.0,914.4732523793896,0.0,914.4732523793896,JB YAP BROTHERS FOOD SDN BHD,0.0,0.0,,JB YAP JAN TO MAY.pdf
"",RM26036 WIN2 Koala Kids Choco,36.0,914.4732523793896,0.0,914.4732523793896,JB YAP BROTHERS FOOD SDN BHD,0.0,0.0,,JB YAP JAN TO MAY.pdf
"",RM26036 WIN2 Koala Kids Strawberry,36.0,914.4732523793896,0.0,914.4732523793896,JB YAP BROTHERS FOOD SDN BHD,0.0,0.0,,JB YAP JAN TO MAY.pdf
"",RM26036 WIN2 Potato Crisp BBQ,36.0,914.4732523793896,0.0,914.4732523793896,JB YAP BROTHERS FOOD SDN BHD,0.0,0.0,,JB YAP JAN TO MAY.pdf
"",RM26036 WIN2 Potato Crisp Himalayan Sa,36.0,914.4732523793896,0.0,914.4732523793896,JB YAP BROTHERS FOOD SDN BHD,0.0,0.0,,JB YAP JAN TO MAY.pdf
"",RM26036 WIN2 Potato Crisp Seafood,36.0,914.4732523793896,0.0,914.4732523793896,JB YAP BROTHERS FOOD SDN BHD,0.0,0.0,,JB YAP JAN TO MAY.pdf
"",RM26036 WIN2 Potato Crisp Sweet Potato,36.0,914.4732523793896,0.0,914.4732523793896,JB YAP BROTHERS FOOD SDN BHD,0.0,0.0,,JB YAP JAN TO MAY.pdf
"",RM26036 WIN2 Potato Crisp Tomato,36.0,914.4732523793896,0.0,914.4732523793896,JB YAP BROTHERS FOOD SDN BHD,0.0,0.0,,JB YAP JAN TO MAY.pdf
"",RM26036 WIN2 Potato Crisp Vegetable,36.0,914.4732523793896,0.0,914.4732523793896,JB YAP BROTHERS FOOD SDN BHD,0.0,0.0,,JB YAP JAN TO MAY.pdf
"",RM2801212 Tfish Ncrisp Peanut Cdy 8,8.0,724.6471939612734,0.0,724.6471939612734,JB YAP BROTHERS FOOD SDN BHD,0.0,0.0,,JB YAP JAN TO MAY.pdf
"",SHOYUEMI Black Pepper 14g824,24.0,718.3459140137841,0.0,718.3459140137841,JB YAP BROTHERS FOOD SDN BHD,0.0,0.0,,JB YAP JAN TO MAY.pdf
"",SHOYUEMI Black Pepper 50g106,6.0,157.13816869051524,0.0,157.13816869051524,JB YAP BROTHERS FOOD SDN BHD,0.0,0.0,,JB YAP JAN TO MAY.pdf
"",SHOYUEMI Curry 50g106,6.0,157.13816869051524,0.0,157.13816869051524,JB YAP BROTHERS FOOD SDN BHD,0.0,0.0,,JB YAP JAN TO MAY.pdf
"",SHOYUEMI Mee Seaweed 14g824,24.0,718.3459140137841,0.0,718.3459140137841,JB YAP BROTHERS FOOD SDN BHD,0.0,0.0,,JB YAP JAN TO MAY.pdf
"",SHOYUEMI Original 14g824,24.0,718.3459140137841,0.0,718.3459140137841,JB YAP BROTHERS FOOD SDN BHD,0.0,0.0,,JB YAP JAN TO MAY.pdf
"",SHOYUEMI Original 50g106,6.0,157.13816869051524,0.0,157.13816869051524,JB YAP BROTHERS FOOD SDN BHD,0.0,0.0,,JB YAP JAN TO MAY.pdf
"",SHOYUEMI Spicy 14g824,24.0,718.3459140137841,0.0,718.3459140137841,JB YAP BROTHERS FOOD SDN BHD,0.0,0.0,,JB YAP JAN TO MAY.pdf
"",SHOYUEMI Spicy 50g106,6.0,157.13816869051524,0.0,157.13816869051524,JB YAP BROTHERS FOOD SDN BHD,0.0,0.0,,JB YAP JAN TO MAY.pdf
"",SNEK KU Mimi (20g8)24,24.0,718.3459140137841,0.0,718.3459140137841,JB YAP BROTHERS FOOD SDN BHD,0.0,0.0,,JB YAP JAN TO MAY.pdf
"",SNEK KU Pick Fine (22g8)24,24.0,718.3459140137841,0.0,718.3459140137841,JB YAP BROTHERS FOOD SDN BHD,0.0,0.0,,JB YAP JAN TO MAY.pdf
"",SNEK KU Tam Tam (20g8)24,24.0,718.3459140137841,0.0,718.3459140137841,JB YAP BROTHERS FOOD SDN BHD,0.0,0.0,,JB YAP JAN TO MAY.pdf
"",SWIZZLEF Mini Roll BBerry 18g2412,12.0,283.55759763702,0.0,283.55759763702,JB YAP BROTHERS FOOD SDN BHD,0.0,0.0,,JB YAP JAN TO MAY.pdf
"",SWIZZLEF Mini Roll Choco 18g2412,12.0,283.55759763702,0.0,283.55759763702,JB YAP BROTHERS FOOD SDN BHD,0.0,0.0,,JB YAP JAN TO MAY.pdf
"",SWIZZLEF Mini Roll Coconut 18g2412,12.0,283.55759763702,0.0,283.55759763702,JB YAP BROTHERS FOOD SDN BHD,0.0,0.0,,JB YAP JAN TO MAY.pdf
"",SWIZZLEF Mini Roll SBerry 18g2412,12.0,283.55759763702,0.0,283.55759763702,JB YAP BROTHERS FOOD SDN BHD,0.0,0.0,,JB YAP JAN TO MAY.pdf
"",TAM TAM 60g106,6.0,157.13816869051524,0.0,157.13816869051524,JB YAP BROTHERS FOOD SDN BHD,0.0,0.0,,JB YAP JAN TO MAY.pdf
"",TAM TAM Chill Crab 70g106,6.0,157.13816869051524,0.0,157.13816869051524,JB YAP BROTHERS FOOD SDN BHD,0.0,0.0,,JB YAP JAN TO MAY.pdf
"",TRAIN Haw Ball 228g40,40.0,2126.68198227765,0.0,2126.68198227765,JB YAP BROTHERS FOOD SDN BHD,0.0,0.0,,JB YAP JAN TO MAY.pdf
"",TRAIN Slice Of Haw 180g40,40.0,2205.4479816212665,0.0,2205.4479816212665,JB YAP BROTHERS FOOD SDN BHD,0.0,0.0,,JB YAP JAN TO MAY.pdf
"",WOODSBCurrant Flv 15g1518,18.0,2211.749261568756,0.0,2211.749261568756,JB YAP BROTHERS FOOD SDN BHD,0.0,0.0,,JB YAP JAN TO MAY.pdf
"",WOODSCherry Flv 15g1518,18.0,2211.749261568756,0.0,2211.749261568756,JB YAP BROTHERS FOOD SDN BHD,0.0,0.0,,JB YAP JAN TO MAY.pdf
"",WOODSLemon Flv 15g1518,18.0,2211.749261568756,0.0,2211.749261568756,JB YAP BROTHERS FOOD SDN BHD,0.0,0.0,,JB YAP JAN TO MAY.pdf
"",WOODSPeppermint Lozenges 15g1518,18.0,2211.749261568756,0.0,2211.749261568756,JB YAP BROTHERS FOOD SDN BHD,0.0,0.0,,JB YAP JAN TO MAY.pdf
"",Yellow Spicy 61212,12.0,349.721037085658,0.0,349.721037085658,JB YAP BROTHERS FOOD SDN BHD,0.0,0.0,,JB YAP JAN TO MAY.pdf
"",YLF Pikin Plum Candy 40g1212,12.0,869.576632753528,0.0,869.576632753528,JB YAP BROTHERS FOOD SDN BHD,0.0,0.0,,JB YAP JAN TO MAY.pdf
"",KEREPEK UBI ORIGINAL TIAN MA 1000 CA120G24 20 X 30 (120G),24.0,501.6774193548387,0.0,501.6774193548387,KOKA FOOD SDN BHD,0.0,0.0,,KOKA FOOD.pdf
"",TROPIKA TIUB KARI 3000 CA90G24,24.0,501.6774193548387,0.0,501.6774193548387,KOKA FOOD SDN BHD,0.0,0.0,,KOKA FOOD.pdf
"",KEROPOK KENTANG POP TIAN MA 2500 CA75G24 (75G),24.0,501.6774193548387,0.0,501.6774193548387,KOKA FOOD SDN BHD,0.0,0.0,,KOKA FOOD.pdf
"",KEROPOK PUMPKIN TIAN MA (75G)3000 CA75G24,24.0,501.6774193548387,0.0,501.6774193548387,KOKA FOOD SDN BHD,0.0,0.0,,KOKA FOOD.pdf
"",BIG REMPEYEK ORIGINAL KACANG TANAH BILIS ()TIAN MA BTL MS3000 5000 CA350G6,6.0,156.7741935483871,0.0,156.7741935483871,KOKA FOOD SDN BHD,0.0,0.0,,KOKA FOOD.pdf
"",KEROPOK IKAN AA (AA) TIAN MA (80G) 4000 CA80G24,24.0,510.96774193548384,0.0,510.96774193548384,KOKA FOOD SDN BHD,0.0,0.0,,KOKA FOOD.pdf
"",KEROPOK IKAN TIAN MA (80G) 3000 CA8024,24.0,510.96774193548384,0.0,510.96774193548384,KOKA FOOD SDN BHD,0.0,0.0,,KOKA FOOD.pdf
"",KEROPOK UDANG KECIL () TIAN MA3000 CA80G24 (80G),24.0,510.96774193548384,0.0,510.96774193548384,KOKA FOOD SDN BHD,0.0,0.0,,KOKA FOOD.pdf
"",KEROPOK UDANG BESAR ()TIAN MA (80G) 3000 CA80G12,12.0,127.74193548387096,0.0,127.74193548387096,KOKA FOOD SDN BHD,0.0,0.0,,KOKA FOOD.pdf
"",Doritos Nacho Cheese 75g,64.0,39.68,0.0,39.68,LIVERPOOL INTERNATIONAL PTE LTD,0.0,0.0,,LIVERPOOL .pdf
"",Dettol Liquid OriginalL Squeeze 100ml,96.0,43.2,0.0,43.2,LIVERPOOL INTERNATIONAL PTE LTD,0.0,0.0,,LIVERPOOL .pdf
"",Dettol Liquid Aloe Coco Handwash 250ml 200ml Refill,16.0,31.36,0.0,31.36,LIVERPOOL INTERNATIONAL PTE LTD,0.0,0.0,,LIVERPOOL .pdf
"",Dettol Skincare Handwash 200ml 175ml,24.0,30.0,0.0,30.0,LIVERPOOL INTERNATIONAL PTE LTD,0.0,0.0,,LIVERPOOL .pdf
"",Dettol Original Handwash 200ml 175ml,24.0,30.0,0.0,30.0,LIVERPOOL INTERNATIONAL PTE LTD,0.0,0.0,,LIVERPOOL .pdf
"",Dettol Liquid Handwash Strawberry 250ml 200ml Refill,16.0,31.36,0.0,31.36,LIVERPOOL INTERNATIONAL PTE LTD,0.0,0.0,,LIVERPOOL .pdf
"",Dettol Handwash Liquid 175ml x 3s,60.0,37.8,0.0,37.8,LIVERPOOL INTERNATIONAL PTE LTD,0.0,0.0,,LIVERPOOL .pdf
"",Cadbury Gems Surprise 1469g,108.0,62.64,0.0,62.64,LIVERPOOL INTERNATIONAL PTE LTD,0.0,0.0,,LIVERPOOL .pdf
"",Ferrero Moments T16 928g,24.0,75.6,0.0,75.6,LIVERPOOL INTERNATIONAL PTE LTD,0.0,0.0,,LIVERPOOL .pdf
"",Kitkat 285g,504.0,141.12,0.0,141.12,LIVERPOOL INTERNATIONAL PTE LTD,0.0,0.0,,LIVERPOOL .pdf
"",Biscuit SKM Homy 80,1.0,2.2,0.0,2.2,LOKE KEE BISCUITS AND CAKE SHOP SDN BHD,0.0,0.0,,LOKE KEE.pdf
"",Red Pack SKM 12138,1.0,1.6,0.0,1.6,LOKE KEE BISCUITS AND CAKE SHOP SDN BHD,0.0,0.0,,LOKE KEE.pdf
"",Black Sugar Peanut 200gm 1235,1.0,2.8,0.0,2.8,LOKE KEE BISCUITS AND CAKE SHOP SDN BHD,0.0,0.0,,LOKE KEE.pdf
"",Lou Poh Ben 27,1.0,1.4,0.0,1.4,LOKE KEE BISCUITS AND CAKE SHOP SDN BHD,0.0,0.0,,LOKE KEE.pdf
"",Heong Peah (D) x23,1.0,2.5,0.0,2.5,LOKE KEE BISCUITS AND CAKE SHOP SDN BHD,0.0,0.0,,LOKE KEE.pdf
"",Heong Peah (Ori) 2479,1.0,1.8,0.0,1.8,LOKE KEE BISCUITS AND CAKE SHOP SDN BHD,0.0,0.0,,LOKE KEE.pdf
"",Heong Peah (CO),1.0,1.95,0.0,1.95,LOKE KEE BISCUITS AND CAKE SHOP SDN BHD,0.0,0.0,,LOKE KEE.pdf
"",Original Crispy Thin12137,1.0,0.95,0.0,0.95,LOKE KEE BISCUITS AND CAKE SHOP SDN BHD,0.0,0.0,,LOKE KEE.pdf
"",Hup Toh Soh 2481,1.0,1.85,0.0,1.85,LOKE KEE BISCUITS AND CAKE SHOP SDN BHD,0.0,0.0,,LOKE KEE.pdf
"",60GX5PX6B SILVER BAG MAMA SHRIMP TOM YUM NOODLES,6.0,62.73,0.0,62.73,MENG CHONG FOODSTUFFS PRIVATE LIMITED,0.0,0.0,,mengchong Jan to May.pdf
"",55GMX5PX6B MAMA CLEAR SOUP RICE VERMICELLI,6.0,65.45,0.0,65.45,MENG CHONG FOODSTUFFS PRIVATE LIMITED,0.0,0.0,,mengchong Jan to May.pdf
"",60GMSX5PX6B MAMA CREAMY SHRIMP TOM YAM NOODLES,6.0,62.73,0.0,62.73,MENG CHONG FOODSTUFFS PRIVATE LIMITED,0.0,0.0,,mengchong Jan to May.pdf
"",55GX5PX6B MAMA RVERM TY KOONG,6.0,65.45,0.0,65.45,MENG CHONG FOODSTUFFS PRIVATE LIMITED,0.0,0.0,,mengchong Jan to May.pdf
"",MAGICLEAN BATHROOM REFILL LEMON 500MLX24,24.0,1223.6390806830566,0.0,1223.6390806830566,MJ TIAN SDN BHD,0.0,0.0,,MJ TIAN.pdf
"",MAGICLEAN STAIN MOULD REFILL 400MLX12,12.0,327.59451337274237,0.0,327.59451337274237,MJ TIAN SDN BHD,0.0,0.0,,MJ TIAN.pdf
"",MAGICLEAN KITCHEN REFILL LIME 500MLX24,24.0,1223.6390806830566,0.0,1223.6390806830566,MJ TIAN SDN BHD,0.0,0.0,,MJ TIAN.pdf
"",MAGICLEAN TOILET BLEACH 500MLX12,12.0,284.6122545259641,0.0,284.6122545259641,MJ TIAN SDN BHD,0.0,0.0,,MJ TIAN.pdf
"",MAGICLEAN TOILET BLEACH LEMON 500MLX12,12.0,284.6122545259641,0.0,284.6122545259641,MJ TIAN SDN BHD,0.0,0.0,,MJ TIAN.pdf
"",SOFTLAN FLORAL FANTASY 16LX8,8.0,113.58675010560019,0.0,113.58675010560019,MJ TIAN SDN BHD,0.0,0.0,,MJ TIAN.pdf
"",SOFTLAN LAVENDER FRESH 16X8,8.0,113.58675010560019,0.0,113.58675010560019,MJ TIAN SDN BHD,0.0,0.0,,MJ TIAN.pdf
"",SOFTLAN SPRING FRESH 16LX8,8.0,113.58675010560019,0.0,113.58675010560019,MJ TIAN SDN BHD,0.0,0.0,,MJ TIAN.pdf
"",CHEEZELS BBQ CHEESE 60GX10X6,6.0,183.93308965963666,0.0,183.93308965963666,MJ TIAN SDN BHD,0.0,0.0,,MJ TIAN.pdf
"",CHEEZELS ORIGINAL 60GMX10X6,6.0,183.93308965963666,0.0,183.93308965963666,MJ TIAN SDN BHD,0.0,0.0,,MJ TIAN.pdf
"",CHEEZELS CHEEZY CHEESE (ORIGINAL) 140GX12,12.0,153.72934019973843,0.0,153.72934019973843,MJ TIAN SDN BHD,0.0,0.0,,MJ TIAN.pdf
"",CHEEZELS ORIGINAL MULTIPACK 13GX8X15,15.0,302.52152904545505,0.0,302.52152904545505,MJ TIAN SDN BHD,0.0,0.0,,MJ TIAN.pdf
"",CHIPSMORE DBL CHOCOLATE MINI 80G72GX48,48.0,1388.2107924837842,0.0,1388.2107924837842,MJ TIAN SDN BHD,0.0,0.0,,MJ TIAN.pdf
"",CHIPSMORE ORIGINAL MINI 80G72GX48,48.0,1388.2107924837842,0.0,1388.2107924837842,MJ TIAN SDN BHD,0.0,0.0,,MJ TIAN.pdf
"",CHIPSMORE ORIGINAL HANDY MP 24GX8X16 (42755534310368),16.0,448.40951121233525,0.0,448.40951121233525,MJ TIAN SDN BHD,0.0,0.0,,MJ TIAN.pdf
"",TWISTIES TOMATO 60GX10X6,6.0,183.93308965963666,0.0,183.93308965963666,MJ TIAN SDN BHD,0.0,0.0,,MJ TIAN.pdf
"",TWISTIES KABOOM BBQ CURRY 60GX10X6,6.0,183.93308965963666,0.0,183.93308965963666,MJ TIAN SDN BHD,0.0,0.0,,MJ TIAN.pdf
"",TWISTIES CHEEKY CHEDDAR CHEESE 60GX10X6,6.0,183.93308965963666,0.0,183.93308965963666,MJ TIAN SDN BHD,0.0,0.0,,MJ TIAN.pdf
"",TWISTIES ROAST CHICKEN DANCE 60GX10X6,6.0,183.93308965963666,0.0,183.93308965963666,MJ TIAN SDN BHD,0.0,0.0,,MJ TIAN.pdf
"",TWISTER BBQ CURRY 140GX18,18.0,342.69638810269146,0.0,342.69638810269146,MJ TIAN SDN BHD,0.0,0.0,,MJ TIAN.pdf
"",TWISTIES CHEEKY CHEDDAR CHEESE 140GX18,18.0,342.69638810269146,0.0,342.69638810269146,MJ TIAN SDN BHD,0.0,0.0,,MJ TIAN.pdf
"",TWISTIES ROAST CHICKEN DANCE 140GX18,18.0,342.69638810269146,0.0,342.69638810269146,MJ TIAN SDN BHD,0.0,0.0,,MJ TIAN.pdf
"",TWISTIES CHERRY TOMATO 140GX18,18.0,342.69638810269146,0.0,342.69638810269146,MJ TIAN SDN BHD,0.0,0.0,,MJ TIAN.pdf
"",TWISTIES KABOOM BBQ CURRY 13GX30X8,240.0,9680.688929454562,0.0,9680.688929454562,MJ TIAN SDN BHD,0.0,0.0,,MJ TIAN.pdf
"",TWISTIES CHIPSTER SOUR CREAM ONION 60GX10X3,3.0,81.31778700741832,0.0,81.31778700741832,MJ TIAN SDN BHD,0.0,0.0,,MJ TIAN.pdf
"",TWISTIES CHIPSTER HOT SPICY 60GX10X3,3.0,81.31778700741832,0.0,81.31778700741832,MJ TIAN SDN BHD,0.0,0.0,,MJ TIAN.pdf
"",TWISTIES CHIPSTER FLAMING BBQ 60GX10X3,3.0,81.31778700741832,0.0,81.31778700741832,MJ TIAN SDN BHD,0.0,0.0,,MJ TIAN.pdf
"",TWISTIES CHIPSTER FLAMING BBQ 130GX12,12.0,255.57018773760043,0.0,255.57018773760043,MJ TIAN SDN BHD,0.0,0.0,,MJ TIAN.pdf
"",TWISTIES CHIPSTER SOUR CREAM ONION 130GX12,12.0,255.57018773760043,0.0,255.57018773760043,MJ TIAN SDN BHD,0.0,0.0,,MJ TIAN.pdf
"",TWISTIES CHIPSTER HOT SPICY 130GX12,12.0,255.57018773760043,0.0,255.57018773760043,MJ TIAN SDN BHD,0.0,0.0,,MJ TIAN.pdf
"",TRANSPORT LABOUR GST CHARGER,1.0,3188.9286478368663,0.0,3188.9286478368663,MJ TIAN SDN BHD,0.0,0.0,,MJ TIAN.pdf
"",MAGGI HOT CUP CURRY 58GX6X9,9.0,281.7080478471277,0.0,281.7080478471277,MJ TIAN SDN BHD,0.0,0.0,,MJ TIAN.pdf
"",MAGICLEAN BATHROOM TRIGGER LEMON 500MLX24,24.0,1430.2637051933345,0.0,1430.2637051933345,MJ TIAN SDN BHD,0.0,0.0,,MJ TIAN.pdf
"",MAGICLEAN KITCHEN TRIGGER LIME 500MLX24,24.0,1430.2637051933345,0.0,1430.2637051933345,MJ TIAN SDN BHD,0.0,0.0,,MJ TIAN.pdf
"",MAGICLEAN STAIN MOULD TRIGGER 400MLX12,12.0,420.52912709550617,0.0,420.52912709550617,MJ TIAN SDN BHD,0.0,0.0,,MJ TIAN.pdf
"",MAGGI HOT CUP TOM YAM 61GX6X9,9.0,281.7080478471277,0.0,281.7080478471277,MJ TIAN SDN BHD,0.0,0.0,,MJ TIAN.pdf
"",SUPER RING CHEESE 14GX8X30,30.0,1006.7916486632744,0.0,1006.7916486632744,MJ TIAN SDN BHD,0.0,0.0,,MJ TIAN.pdf
"",ORIENTAL ROTA PRAWN CRACKERS (FAMILY PACK) 14GX8X30,30.0,1006.7916486632744,0.0,1006.7916486632744,MJ TIAN SDN BHD,0.0,0.0,,MJ TIAN.pdf
"",PLANTA MARGARINE 25KGX6,6.0,342.69638810269146,0.0,342.69638810269146,MJ TIAN SDN BHD,0.0,0.0,,MJ TIAN.pdf
"",POKKA JASMINE GREEN TEA (1500ML X 12),12.0,18.16,0.0,18.16,POKKA PTE LTD,0.0,0.0,,pokka.pdf
"",TB POKKA LEMON TEA (250ML X 6S X4),4.0,8.0,0.0,8.0,POKKA PTE LTD,0.0,0.0,,pokka.pdf
"",TB POKKA OOLONG TEA (250ML X 6S X4),4.0,8.0,0.0,8.0,POKKA PTE LTD,0.0,0.0,,pokka.pdf
"",POKKA CHINESE OOLONG TEA 300ML (SLEEK CAN),24.0,10.69,0.0,10.69,POKKA PTE LTD,0.0,0.0,,pokka.pdf
"",POKKA Jasmine Green Tea 6S 300ML (SLEEK CAN),6.0,10.69,0.0,10.69,POKKA PTE LTD,0.0,0.0,,pokka.pdf
"",POKKA ICE PEACH TEA (LOCAL) 05L,24.0,17.12,0.0,17.12,POKKA PTE LTD,0.0,0.0,,pokka.pdf
"",POKKA OOLONG TEA (500ML X 24 ),24.0,17.12,0.0,17.12,POKKA PTE LTD,0.0,0.0,,pokka.pdf
"",CLEAR MEN SHAMPOO 650 ML COOL SPRIT MENTOL,1.0,5.95,0.0,5.95,PYS DISTRIBUTION PTE LTD,0.0,0.0,,PYS DISTRIBUTION PTE LTD..pdf
"",DUREX LOVE 3S,3.0,6.78,0.0,6.78,PYS DISTRIBUTION PTE LTD,0.0,0.0,,PYS DISTRIBUTION PTE LTD..pdf
"",DUREX CLOSE FIT 3S,3.0,9.39,0.0,9.39,PYS DISTRIBUTION PTE LTD,0.0,0.0,,PYS DISTRIBUTION PTE LTD..pdf
"",DUREX EXTRA SAFE 3S,3.0,12.6,0.0,12.6,PYS DISTRIBUTION PTE LTD,0.0,0.0,,PYS DISTRIBUTION PTE LTD..pdf
"",EVERYDAY MILK POWDER 500G 14sctn,14.0,1099.56,0.0,1099.56,PYS DISTRIBUTION PTE LTD,0.0,0.0,,PYS DISTRIBUTION PTE LTD..pdf
"",HS SHAMPOO COOL MENTHOL 300ML,1.0,3.52,0.0,3.52,PYS DISTRIBUTION PTE LTD,0.0,0.0,,PYS DISTRIBUTION PTE LTD..pdf
"",HS SHAMPOO SMOOTH SILKY 300ML,1.0,3.52,0.0,3.52,PYS DISTRIBUTION PTE LTD,0.0,0.0,,PYS DISTRIBUTION PTE LTD..pdf
"",HS SHAMPOO APPLE FRESH 300ML,1.0,3.52,0.0,3.52,PYS DISTRIBUTION PTE LTD,0.0,0.0,,PYS DISTRIBUTION PTE LTD..pdf
"",CLEAR MEN SHAMPOO ICE COOL300ML,1.0,2.64,0.0,2.64,PYS DISTRIBUTION PTE LTD,0.0,0.0,,PYS DISTRIBUTION PTE LTD..pdf
"",CLEAR MEN SHAMPOO COOL SPORT MENTHOL 315ML,1.0,2.64,0.0,2.64,PYS DISTRIBUTION PTE LTD,0.0,0.0,,PYS DISTRIBUTION PTE LTD..pdf
"",HS SHAMPOO CLEAN BALANCE 300ML,1.0,3.52,0.0,3.52,PYS DISTRIBUTION PTE LTD,0.0,0.0,,PYS DISTRIBUTION PTE LTD..pdf
"",M2000 TRANSPARENT CHEAP LIGHTER 50SBOX A130,50.0,335.0,0.0,335.0,PYS DISTRIBUTION PTE LTD,0.0,0.0,,PYS DISTRIBUTION PTE LTD..pdf
"",A1002 WINDPROOF LIGHTER 50sBOX,50.0,605.0,0.0,605.0,PYS DISTRIBUTION PTE LTD,0.0,0.0,,PYS DISTRIBUTION PTE LTD..pdf
"",EVERYDAY MILK POWDER 250G 12sctn,12.0,534.96,0.0,534.96,PYS DISTRIBUTION PTE LTD,0.0,0.0,,PYS DISTRIBUTION PTE LTD..pdf
"",SUNSILK SHAMPOO HAIR FALL SOLUTION 300ML,1.0,2.8,0.0,2.8,PYS DISTRIBUTION PTE LTD,0.0,0.0,,PYS DISTRIBUTION PTE LTD..pdf
"",SUNSILK SHAMPOO PERFECT STRAIGHT 300ML,1.0,2.8,0.0,2.8,PYS DISTRIBUTION PTE LTD,0.0,0.0,,PYS DISTRIBUTION PTE LTD..pdf
"",SUNSILK SHAMPOO SMOOTH MANAGABLE 300ML,1.0,2.8,0.0,2.8,PYS DISTRIBUTION PTE LTD,0.0,0.0,,PYS DISTRIBUTION PTE LTD..pdf
"",SUNSILK SHAMPOO SOFT SMOOTH 300ML,1.0,2.8,0.0,2.8,PYS DISTRIBUTION PTE LTD,0.0,0.0,,PYS DISTRIBUTION PTE LTD..pdf
"",DETTOL ANTISEPTIC LIQUID (INDIA) 550ML,24.0,1526.4,0.0,1526.4,PYS DISTRIBUTION PTE LTD,0.0,0.0,,PYS DISTRIBUTION PTE LTD..pdf
"",Hacks Regular (50x100gm),50.0,1920.0,0.0,1920.0,RAZON TRADING PTE LTD,0.0,0.0,,Razon PTE Ltd..pdf
"",Hacks Clover Apple (50x100gm),50.0,1920.0,0.0,1920.0,RAZON TRADING PTE LTD,0.0,0.0,,Razon PTE Ltd..pdf
"",Hacks Mandarin Ginger (50x100gm),50.0,1920.0,0.0,1920.0,RAZON TRADING PTE LTD,0.0,0.0,,Razon PTE Ltd..pdf
"",Hacks Honey Lemon (50x100gm),50.0,1920.0,0.0,1920.0,RAZON TRADING PTE LTD,0.0,0.0,,Razon PTE Ltd..pdf
"",Hacks Blackcurrant (50x100gm),50.0,1920.0,0.0,1920.0,RAZON TRADING PTE LTD,0.0,0.0,,Razon PTE Ltd..pdf
"",ICE COOL YOUNG COCONUT WITH PULP (),24.0,360.0,0.0,360.0,SHENG SHENG FB INDUSTRIES PTE LTD,0.0,0.0,,Sheng Sheng PTE LTD..pdf
"",ICE COOL ROSE BANDUNG DRINK (),24.0,240.0,0.0,240.0,SHENG SHENG FB INDUSTRIES PTE LTD,0.0,0.0,,Sheng Sheng PTE LTD..pdf
"",DITHUMBS MENGLEMBU GROUNDNUT 115G 115g,3.0,187.5,0.0,187.5,SHENG SHENG FB INDUSTRIES PTE LTD,0.0,0.0,,Sheng Sheng PTE LTD..pdf
"",PATHUMBS MENGLEMBU GROUNDNUT (COMBO) 30GX6,25.0,1182.5,0.0,1182.5,SHENG SHENG FB INDUSTRIES PTE LTD,0.0,0.0,,Sheng Sheng PTE LTD..pdf
"",APOLLO MILK WAFER CREAM (1010BC),20.0,1144.0,0.0,1144.0,SHENG SHENG FB INDUSTRIES PTE LTD,0.0,0.0,,Sheng Sheng PTE LTD..pdf
"",APOLLO CHOCOLATE WAFER CREAM (1011BC),20.0,1144.0,0.0,1144.0,SHENG SHENG FB INDUSTRIES PTE LTD,0.0,0.0,,Sheng Sheng PTE LTD..pdf
"",KANGSHIFU ICE BLACK TEA LEMON FLAVOUR,15.0,147.0,0.0,147.0,SHENG SHENG FB INDUSTRIES PTE LTD,0.0,0.0,,Sheng Sheng PTE LTD..pdf
"",KANGSHIFU PEAR JUICE WITH ROCK SUGAR DRINK,15.0,147.0,0.0,147.0,SHENG SHENG FB INDUSTRIES PTE LTD,0.0,0.0,,Sheng Sheng PTE LTD..pdf
"",KANGSHIFU HONEY POMELO DRINK,15.0,147.0,0.0,147.0,SHENG SHENG FB INDUSTRIES PTE LTD,0.0,0.0,,Sheng Sheng PTE LTD..pdf
"",CHA PAI PEACH OOLONG TEA,15.0,195.0,0.0,195.0,SHENG SHENG FB INDUSTRIES PTE LTD,0.0,0.0,,Sheng Sheng PTE LTD..pdf
"",CHA PAI GRAPEFRUIT JASMINE TEA,15.0,195.0,0.0,195.0,SHENG SHENG FB INDUSTRIES PTE LTD,0.0,0.0,,Sheng Sheng PTE LTD..pdf
"",CHA PAI POMELO GREEN TEA,15.0,195.0,0.0,195.0,SHENG SHENG FB INDUSTRIES PTE LTD,0.0,0.0,,Sheng Sheng PTE LTD..pdf
"",ICE COOL BIRDS NEST FLAVOUR DRINK (6X4) (),24.0,228.0,0.0,228.0,SHENG SHENG FB INDUSTRIES PTE LTD,0.0,0.0,,Sheng Sheng PTE LTD..pdf
"",APOLLO CHOC STICK WAFER (1044A),24.0,1104.0,0.0,1104.0,SHENG SHENG FB INDUSTRIES PTE LTD,0.0,0.0,,Sheng Sheng PTE LTD..pdf
"",BAMINT PLUS ORIGINAL MINT,24.0,403.2,0.0,403.2,SHENG SHENG FB INDUSTRIES PTE LTD,0.0,0.0,,Sheng Sheng PTE LTD..pdf
"",CHA PAI GREEN GRAPE OOLONG TEA,15.0,195.0,0.0,195.0,SHENG SHENG FB INDUSTRIES PTE LTD,0.0,0.0,,Sheng Sheng PTE LTD..pdf
"",Gift Assorted 118g x 24,24.0,21.6,0.0,21.6,LEE FOODS (TAI HOCK) PTE LTD,0.0,0.0,,LEE FOODS JAN TO MAY.pdf
"",Cream Crackers 130g x 24,24.0,17.5,0.0,17.5,LEE FOODS (TAI HOCK) PTE LTD,0.0,0.0,,LEE FOODS JAN TO MAY.pdf
"",Lemon Puff 100g x 24,24.0,12.9,0.0,12.9,LEE FOODS (TAI HOCK) PTE LTD,0.0,0.0,,LEE FOODS JAN TO MAY.pdf
"",Small Marie 24 x 135g,24.0,18.7,0.0,18.7,LEE FOODS (TAI HOCK) PTE LTD,0.0,0.0,,LEE FOODS JAN TO MAY.pdf
"",Spray Cheese 110g x 24,24.0,18.7,0.0,18.7,LEE FOODS (TAI HOCK) PTE LTD,0.0,0.0,,LEE FOODS JAN TO MAY.pdf
"",Wafer Lemon Cubes 90g x 24,24.0,14.3,0.0,14.3,LEE FOODS (TAI HOCK) PTE LTD,0.0,0.0,,LEE FOODS JAN TO MAY.pdf
"",Original Crackers 130g x 24,24.0,17.5,0.0,17.5,LEE FOODS (TAI HOCK) PTE LTD,0.0,0.0,,LEE FOODS JAN TO MAY.pdf
"",Wafer Chocolate Cubes 90g x 24,24.0,14.3,0.0,14.3,LEE FOODS (TAI HOCK) PTE LTD,0.0,0.0,,LEE FOODS JAN TO MAY.pdf
"",Sugar Crackers 130g x 24,24.0,17.5,0.0,17.5,LEE FOODS (TAI HOCK) PTE LTD,0.0,0.0,,LEE FOODS JAN TO MAY.pdf
"",Pandan Coconut 160g x 24,24.0,21.6,0.0,21.6,LEE FOODS (TAI HOCK) PTE LTD,0.0,0.0,,LEE FOODS JAN TO MAY.pdf
"",Butter Coconut Flavoured Bisc 160g x 24,24.0,21.6,0.0,21.6,LEE FOODS (TAI HOCK) PTE LTD,0.0,0.0,,LEE FOODS JAN TO MAY.pdf
"",SAMYANG HOT CHICKEN BIG BOWL 105G X 16,16.0,34.18,0.0,34.18,SING LONG FOODSTUFF TRADING COMPANY PTE LTD,0.0,0.0,,singlong foodstuff JAN TO MAY.pdf
"",SAMYANG HOT CHICKEN CHEESE BIG BOWL105GX16953385,16.0,34.18,0.0,34.18,SING LONG FOODSTUFF TRADING COMPANY PTE LTD,0.0,0.0,,singlong foodstuff JAN TO MAY.pdf
"",SAMYANG HOT CHICKEN CARBONARA BIG BOWL 105G X 16,16.0,34.18,0.0,34.18,SING LONG FOODSTUFF TRADING COMPANY PTE LTD,0.0,0.0,,singlong foodstuff JAN TO MAY.pdf
"",SL SEASONED SEAWEED(PERILLAOIL LAVER) 4GX8SX12(L2),12.0,30.55,0.0,30.55,SING LONG FOODSTUFF TRADING COMPANY PTE LTD,0.0,0.0,,singlong foodstuff JAN TO MAY.pdf
"",SL PERILLA OIL LAVER 4G X 12S X 12,12.0,44.57,0.0,44.57,SING LONG FOODSTUFF TRADING COMPANY PTE LTD,0.0,0.0,,singlong foodstuff JAN TO MAY.pdf
"",SAMYANG HOT CHICKENCREAMCARBONARA BIG BOWL120GX16,16.0,34.18,0.0,34.18,SING LONG FOODSTUFF TRADING COMPANY PTE LTD,0.0,0.0,,singlong foodstuff JAN TO MAY.pdf
"",Kickapoo Carbonated Drink 24 x 320ml,24.0,202.13624189228435,0.0,202.13624189228435,SKY PLUS TRADING (M) SDN BHD,0.0,0.0,,SKY PLUS.pdf
"",Maggi Hot Cup Tom Yam 9(6 x 60g),9.0,310.7554293458969,0.0,310.7554293458969,SKY PLUS TRADING (M) SDN BHD,0.0,0.0,,SKY PLUS.pdf
"",Milo ActiveGo Softpack 24 x 400g,24.0,1208.1706411952628,0.0,1208.1706411952628,SKY PLUS TRADING (M) SDN BHD,0.0,0.0,,SKY PLUS.pdf
"",Indomie Mi Goreng Asli 8 x 5s x 80g,5.0,55.66491335635225,0.0,55.66491335635225,SKY PLUS TRADING (M) SDN BHD,0.0,0.0,,SKY PLUS.pdf
"",Indomie Mi Goreng Special 8 x 5s x 85g,5.0,55.66491335635225,0.0,55.66491335635225,SKY PLUS TRADING (M) SDN BHD,0.0,0.0,,SKY PLUS.pdf
"",Indomie Mi Goreng Hot Spicy 8 x 5s x 80g,5.0,55.66491335635225,0.0,55.66491335635225,SKY PLUS TRADING (M) SDN BHD,0.0,0.0,,SKY PLUS.pdf
"",Mamee Express Cup Curry 24 x 65g,24.0,298.17031850011296,0.0,298.17031850011296,SKY PLUS TRADING (M) SDN BHD,0.0,0.0,,SKY PLUS.pdf
"",Mamee Express Cup Chicken 24 x 64g,24.0,298.17031850011296,0.0,298.17031850011296,SKY PLUS TRADING (M) SDN BHD,0.0,0.0,,SKY PLUS.pdf
"",Mamee Express Cup Tomyam 24 x 68g,24.0,192.0681532156572,0.0,192.0681532156572,SKY PLUS TRADING (M) SDN BHD,0.0,0.0,,SKY PLUS.pdf
"",Pokka Ice Lemon Tea 4 x 6 x 250ml,24.0,192.0681532156572,0.0,192.0681532156572,SKY PLUS TRADING (M) SDN BHD,0.0,0.0,,SKY PLUS.pdf
"",Dettol Original Anti Bacterial Bodywash Refill 12 x 750g,12.0,422.08525605860143,0.0,422.08525605860143,SKY PLUS TRADING (M) SDN BHD,0.0,0.0,,SKY PLUS.pdf
"",Dettol Lasting Fresh Anti Bacterial Bodywash Refill 12 x 750g,12.0,422.08525605860143,0.0,422.08525605860143,SKY PLUS TRADING (M) SDN BHD,0.0,0.0,,SKY PLUS.pdf
"",Dettol Instant Cool Anti Bacterial Bodywash Refill 12 x 750g,12.0,422.08525605860143,0.0,422.08525605860143,SKY PLUS TRADING (M) SDN BHD,0.0,0.0,,SKY PLUS.pdf
"",Dettol Original Anti Bacterial Bodywash Refill 6 x 2 x 750g (Twin Pack),12.0,383.3618380715738,0.0,383.3618380715738,SKY PLUS TRADING (M) SDN BHD,0.0,0.0,,SKY PLUS.pdf
"",Dettol Instant Cool Anti Bacterial Bodywash Refill 6 x 2 x 750g720g (Twin Pack),12.0,383.3618380715738,0.0,383.3618380715738,SKY PLUS TRADING (M) SDN BHD,0.0,0.0,,SKY PLUS.pdf
"",Lifebuoy Body Wash Cool Refill 6 x (2 x 800ml) Twin Pack,12.0,476.29804124044017,0.0,476.29804124044017,SKY PLUS TRADING (M) SDN BHD,0.0,0.0,,SKY PLUS.pdf
"",Lifebuoy Body Wash Lemon Fresh Refill 6 x (2 x 800ml) Twin Pack,12.0,476.29804124044017,0.0,476.29804124044017,SKY PLUS TRADING (M) SDN BHD,0.0,0.0,,SKY PLUS.pdf
"",Lifebuoy Body Wash Total 10 Refill 6 x (2 x 800ml) Twin Pack,12.0,476.29804124044017,0.0,476.29804124044017,SKY PLUS TRADING (M) SDN BHD,0.0,0.0,,SKY PLUS.pdf
"",100 Plus Isotonic Drink 244 x 325ml,28.0,262.02846171222046,0.0,262.02846171222046,SKY PLUS TRADING (M) SDN BHD,0.0,0.0,,SKY PLUS.pdf
"",CocaCola 24 x 320ml,24.0,224.5958243247604,0.0,224.5958243247604,SKY PLUS TRADING (M) SDN BHD,0.0,0.0,,SKY PLUS.pdf
"",Pepsi Cola 12 x 320ml,12.0,45.112781954887225,0.0,45.112781954887225,SKY PLUS TRADING (M) SDN BHD,0.0,0.0,,SKY PLUS.pdf
"",7UP Lemon Lime 12 x 320ml,12.0,45.112781954887225,0.0,45.112781954887225,SKY PLUS TRADING (M) SDN BHD,0.0,0.0,,SKY PLUS.pdf
"",Kickapoo Carbonated Drink 12 x 320ml,12.0,414.3405724611959,0.0,414.3405724611959,SKY PLUS TRADING (M) SDN BHD,0.0,0.0,,SKY PLUS.pdf
"",Pokka Jasmine Green Tea 4 x 6 x 250ml,24.0,192.0681532156572,0.0,192.0681532156572,SKY PLUS TRADING (M) SDN BHD,0.0,0.0,,SKY PLUS.pdf
"",Yeos Chrysantemum Tea 4 x 6 x 250ml,24.0,130.11068443641292,0.0,130.11068443641292,SKY PLUS TRADING (M) SDN BHD,0.0,0.0,,SKY PLUS.pdf
"",Yeos Lychee 4 x 6 x 250ml,24.0,130.11068443641292,0.0,130.11068443641292,SKY PLUS TRADING (M) SDN BHD,0.0,0.0,,SKY PLUS.pdf
"",Yeos Soya Bean 4 x 6 x 250ml,24.0,130.11068443641292,0.0,130.11068443641292,SKY PLUS TRADING (M) SDN BHD,0.0,0.0,,SKY PLUS.pdf
"",Maggi Hot Cup Curry 9 (6 x 58g),9.0,310.7554293458969,0.0,310.7554293458969,SKY PLUS TRADING (M) SDN BHD,0.0,0.0,,SKY PLUS.pdf
"",Maggi Hot Cup Chicken 9(6 x 57g),9.0,310.7554293458969,0.0,310.7554293458969,SKY PLUS TRADING (M) SDN BHD,0.0,0.0,,SKY PLUS.pdf
"",Milo Original RTD Box 4 x 51 x 200ml,24.0,259.44690051308527,0.0,259.44690051308527,SKY PLUS TRADING (M) SDN BHD,0.0,0.0,,SKY PLUS.pdf
"",Apollo Original Cake 12 x 24pcs x 18g (3010),288.0,9200.68411371777,0.0,9200.68411371777,SKY PLUS TRADING (M) SDN BHD,0.0,0.0,,SKY PLUS.pdf
"",Apollo Pandan Cake 12 x 24pcs x 18g (3030),288.0,9200.68411371777,0.0,9200.68411371777,SKY PLUS TRADING (M) SDN BHD,0.0,0.0,,SKY PLUS.pdf
"",Apollo Cocoa Cake 12 x 24pcs x 18g (3040),288.0,9200.68411371777,0.0,9200.68411371777,SKY PLUS TRADING (M) SDN BHD,0.0,0.0,,SKY PLUS.pdf
"",Apollo Strawberry Cake 12 x 24pcs x 18g (3060),288.0,9200.68411371777,0.0,9200.68411371777,SKY PLUS TRADING (M) SDN BHD,0.0,0.0,,SKY PLUS.pdf
"",Apollo Banana Cake 12 x 24pcs x 18g (3050),288.0,9200.68411371777,0.0,9200.68411371777,SKY PLUS TRADING (M) SDN BHD,0.0,0.0,,SKY PLUS.pdf
"",Apollo Blueberry Cake 12 x 24pcs x 18g (3080),288.0,9200.68411371777,0.0,9200.68411371777,SKY PLUS TRADING (M) SDN BHD,0.0,0.0,,SKY PLUS.pdf
"",Apollo Chocolate Cake 12 x 24pcs x 18g16g (3020),288.0,10594.727161250767,0.0,10594.727161250767,SKY PLUS TRADING (M) SDN BHD,0.0,0.0,,SKY PLUS.pdf
"",Roasted Peanut (120g),10.0,100.0,0.0,100.0,SUN LIM GARDEN FOODSTUFFS PTE LTD,0.0,0.0,,sunlim Jan to May.pdf
"",Roasted Gram (120g),10.0,100.0,0.0,100.0,SUN LIM GARDEN FOODSTUFFS PTE LTD,0.0,0.0,,sunlim Jan to May.pdf
"",Green Peas (120g),10.0,100.0,0.0,100.0,SUN LIM GARDEN FOODSTUFFS PTE LTD,0.0,0.0,,sunlim Jan to May.pdf
"",Unskin Broad Bean (120g),10.0,100.0,0.0,100.0,SUN LIM GARDEN FOODSTUFFS PTE LTD,0.0,0.0,,sunlim Jan to May.pdf
"",Kachang Dhall (120g),10.0,100.0,0.0,100.0,SUN LIM GARDEN FOODSTUFFS PTE LTD,0.0,0.0,,sunlim Jan to May.pdf
"",Sugar Peanut (100g),10.0,100.0,0.0,100.0,SUN LIM GARDEN FOODSTUFFS PTE LTD,0.0,0.0,,sunlim Jan to May.pdf
"",Red Skin Peanut (120g),10.0,100.0,0.0,100.0,SUN LIM GARDEN FOODSTUFFS PTE LTD,0.0,0.0,,sunlim Jan to May.pdf
"",Mixed Nut (120g),10.0,100.0,0.0,100.0,SUN LIM GARDEN FOODSTUFFS PTE LTD,0.0,0.0,,sunlim Jan to May.pdf
"",100 PLUS 500ML,24.0,307.2,0.0,307.2,SY FOODSTUFFS TRADING PTE LTD,0.0,0.0,,SY.pdf
"",100 PLUS ZERO,24.0,324.0,0.0,324.0,SY FOODSTUFFS TRADING PTE LTD,0.0,0.0,,SY.pdf
"",FN 500STAWBERRY,24.0,307.2,0.0,307.2,SY FOODSTUFFS TRADING PTE LTD,0.0,0.0,,SY.pdf
"",POKKA GREEN TEA (MSIA),24.0,264.0,0.0,264.0,SY FOODSTUFFS TRADING PTE LTD,0.0,0.0,,SY.pdf
"",PRISTIN DRINKING WATER,12.0,28.8,0.0,28.8,SY FOODSTUFFS TRADING PTE LTD,0.0,0.0,,SY.pdf
"",COKE ORIGINAL (CAN),24.0,216.0,0.0,216.0,SY FOODSTUFFS TRADING PTE LTD,0.0,0.0,,SY.pdf
"",[DRINK] NESCAFE ORIGINAL,24.0,331.2,0.0,331.2,SY FOODSTUFFS TRADING PTE LTD,0.0,0.0,,SY.pdf
"",100 PLUS (CAN) 120ctnP,24.0,223.2,0.0,223.2,SY FOODSTUFFS TRADING PTE LTD,0.0,0.0,,SY.pdf
"",FN SEASON LEMON TEA (CAN),24.0,194.4,0.0,194.4,SY FOODSTUFFS TRADING PTE LTD,0.0,0.0,,SY.pdf
"",FN 500ICE CREAM SODA,24.0,307.2,0.0,307.2,SY FOODSTUFFS TRADING PTE LTD,0.0,0.0,,SY.pdf
"",FN 500SARSI,24.0,307.2,0.0,307.2,SY FOODSTUFFS TRADING PTE LTD,0.0,0.0,,SY.pdf
"",100PLUS ZERO,12.0,4.86,0.0,4.86,SY FOODSTUFFS TRADING PTE LTD,0.0,0.0,,SY.pdf
"",FN 500ORANGE,24.0,307.2,0.0,307.2,SY FOODSTUFFS TRADING PTE LTD,0.0,0.0,,SY.pdf
"",FN 500FRUITADE,24.0,307.2,0.0,307.2,SY FOODSTUFFS TRADING PTE LTD,0.0,0.0,,SY.pdf
"",FN 500GRAPE,24.0,307.2,0.0,307.2,SY FOODSTUFFS TRADING PTE LTD,0.0,0.0,,SY.pdf
"",FN 500ZAPPEL,24.0,307.2,0.0,307.2,SY FOODSTUFFS TRADING PTE LTD,0.0,0.0,,SY.pdf
"",COKE 125L,12.0,107.4,0.0,107.4,SY FOODSTUFFS TRADING PTE LTD,0.0,0.0,,SY.pdf
"",[DRINK] MILO (CAN),24.0,333.6,0.0,333.6,SY FOODSTUFFS TRADING PTE LTD,0.0,0.0,,SY.pdf
"",BREEZE FD LUXURY PERFUME,4.0,96.8,0.0,96.8,SY FOODSTUFFS TRADING PTE LTD,0.0,0.0,,SY.pdf
"",WANG LAO JI (CAN),24.0,276.0,0.0,276.0,SY FOODSTUFFS TRADING PTE LTD,0.0,0.0,,SY.pdf
"",HSC OLDENLANDIA (CAN),24.0,307.2,0.0,307.2,SY FOODSTUFFS TRADING PTE LTD,0.0,0.0,,SY.pdf
"",100 PLUS (CAN) 28TIN,28.0,294.0,0.0,294.0,SY FOODSTUFFS TRADING PTE LTD,0.0,0.0,,SY.pdf
"",100 PLUS 175,12.0,149.4,0.0,149.4,SY FOODSTUFFS TRADING PTE LTD,0.0,0.0,,SY.pdf
"",PO SY2026034 FN ICE CREAM SODA,12.0,101.4,0.0,101.4,SY FOODSTUFFS TRADING PTE LTD,0.0,0.0,,SY.pdf
"",FN SARSI,12.0,101.4,0.0,101.4,SY FOODSTUFFS TRADING PTE LTD,0.0,0.0,,SY.pdf
"",FN STRAWBERRY,12.0,101.4,0.0,101.4,SY FOODSTUFFS TRADING PTE LTD,0.0,0.0,,SY.pdf
"",FN ORANGE,12.0,101.4,0.0,101.4,SY FOODSTUFFS TRADING PTE LTD,0.0,0.0,,SY.pdf
"",FN ZAPPER,12.0,101.4,0.0,101.4,SY FOODSTUFFS TRADING PTE LTD,0.0,0.0,,SY.pdf
"",FN GRAPE,12.0,101.4,0.0,101.4,SY FOODSTUFFS TRADING PTE LTD,0.0,0.0,,SY.pdf
"",FN FRUITADE,12.0,101.4,0.0,101.4,SY FOODSTUFFS TRADING PTE LTD,0.0,0.0,,SY.pdf
"",AW 125L,12.0,103.2,0.0,103.2,SY FOODSTUFFS TRADING PTE LTD,0.0,0.0,,SY.pdf
"",100PLUS ZERO FOR 500CTN,12.0,0.0,0.0,0.0,SY FOODSTUFFS TRADING PTE LTD,0.0,0.0,,SY.pdf
"",QOO WHITE GRAPE (CAN),24.0,297.6,0.0,297.6,SY FOODSTUFFS TRADING PTE LTD,0.0,0.0,,SY.pdf
"",MAGGI CHICKEN MEE,60.0,390.0,0.0,390.0,SY FOODSTUFFS TRADING PTE LTD,0.0,0.0,,SY.pdf
"",TOP STAIN BUSTER FDBLUE,4.0,99.2,0.0,99.2,SY FOODSTUFFS TRADING PTE LTD,0.0,0.0,,SY.pdf
"",SPRITE 125L,12.0,107.4,0.0,107.4,SY FOODSTUFFS TRADING PTE LTD,0.0,0.0,,SY.pdf
"",MAGGI CURRY MEE,60.0,888.0,0.0,888.0,SY FOODSTUFFS TRADING PTE LTD,0.0,0.0,,SY.pdf
"",CADBURY ALMOND BAR 130G X 12 X 6,6.0,799.2,0.0,799.2,SY FOODSTUFFS TRADING PTE LTD,0.0,0.0,,SY.pdf
"",CADBURY HAZELNUT BAR 130G X 12 X 6,6.0,799.2,0.0,799.2,SY FOODSTUFFS TRADING PTE LTD,0.0,0.0,,SY.pdf
"",CADBURY MILK BAR 130G X 12 X 6,6.0,799.2,0.0,799.2,SY FOODSTUFFS TRADING PTE LTD,0.0,0.0,,SY.pdf
"",COKE 125L (66P),12.0,107.4,0.0,107.4,SY FOODSTUFFS TRADING PTE LTD,0.0,0.0,,SY.pdf
"",PRISTIN DRINKING WATER 65P,12.0,28.8,0.0,28.8,SY FOODSTUFFS TRADING PTE LTD,0.0,0.0,,SY.pdf
"",FN 1100ICE CREAM SODA,12.0,101.4,0.0,101.4,SY FOODSTUFFS TRADING PTE LTD,0.0,0.0,,SY.pdf
"",FN 1100ORANGE,12.0,101.4,0.0,101.4,SY FOODSTUFFS TRADING PTE LTD,0.0,0.0,,SY.pdf
"",FN 1100ZAPPEL,12.0,101.4,0.0,101.4,SY FOODSTUFFS TRADING PTE LTD,0.0,0.0,,SY.pdf
"",YEOS SOYA BEAN (CAN),24.0,7.66,0.0,7.66,SY FOODSTUFFS TRADING PTE LTD,0.0,0.0,,SY.pdf
"",YEOS CHRYSANTHEMUM TEA (CAN),24.0,7.66,0.0,7.66,SY FOODSTUFFS TRADING PTE LTD,0.0,0.0,,SY.pdf
"",YEOS GRASS JELLY (CAN),24.0,199.2,0.0,199.2,SY FOODSTUFFS TRADING PTE LTD,0.0,0.0,,SY.pdf
"",YEOS WINTERMELON (CAN),24.0,199.2,0.0,199.2,SY FOODSTUFFS TRADING PTE LTD,0.0,0.0,,SY.pdf
"",FN 1100FRUITADE,12.0,101.4,0.0,101.4,SY FOODSTUFFS TRADING PTE LTD,0.0,0.0,,SY.pdf
"",FN 1100SARSI,12.0,101.4,0.0,101.4,SY FOODSTUFFS TRADING PTE LTD,0.0,0.0,,SY.pdf
"",TASHI DRINKING WATER,24.0,57.6,0.0,57.6,SY FOODSTUFFS TRADING PTE LTD,0.0,0.0,,SY.pdf
"",YEOS LYCHEE (PKT),24.0,142.8,0.0,142.8,SY FOODSTUFFS TRADING PTE LTD,0.0,0.0,,SY.pdf
"",YEOS SOYA BEAN (PKT),24.0,142.8,0.0,142.8,SY FOODSTUFFS TRADING PTE LTD,0.0,0.0,,SY.pdf
"",YEOS WINTERMELON (PKT),24.0,142.8,0.0,142.8,SY FOODSTUFFS TRADING PTE LTD,0.0,0.0,,SY.pdf
"",YEOS CHRYSANTHEMUM TEA (PKT),24.0,142.8,0.0,142.8,SY FOODSTUFFS TRADING PTE LTD,0.0,0.0,,SY.pdf
"",BREEZE FD POWER SILKY SAKURA,4.0,96.8,0.0,96.8,SY FOODSTUFFS TRADING PTE LTD,0.0,0.0,,SY.pdf
"",FN FRUITADE,12.0,100.8,0.0,100.8,TGS GROUP SDN BHD,0.0,0.0,,TGS.pdf
"",FN GRAPE,12.0,100.8,0.0,100.8,TGS GROUP SDN BHD,0.0,0.0,,TGS.pdf
"",FN ICE CREAM SODA,12.0,100.8,0.0,100.8,TGS GROUP SDN BHD,0.0,0.0,,TGS.pdf
"",FN SARSI,12.0,100.8,0.0,100.8,TGS GROUP SDN BHD,0.0,0.0,,TGS.pdf
"",FN ORANGE,12.0,100.8,0.0,100.8,TGS GROUP SDN BHD,0.0,0.0,,TGS.pdf
"",FN STRAWBERRY,12.0,100.8,0.0,100.8,TGS GROUP SDN BHD,0.0,0.0,,TGS.pdf
"",FN ZAPPEL,12.0,100.8,0.0,100.8,TGS GROUP SDN BHD,0.0,0.0,,TGS.pdf
"",MAMIE PREMIUM CURRY NOODLE (S1),8.0,92.0,0.0,92.0,TGS GROUP SDN BHD,0.0,0.0,,TGS.pdf
"",MAMIE PREMIUM VEGETARIAN NOODLE (S1),8.0,92.0,0.0,92.0,TGS GROUP SDN BHD,0.0,0.0,,TGS.pdf
"",ORIENTAL CHEESE BALL,30.0,1020.0,0.0,1020.0,TGS GROUP SDN BHD,0.0,0.0,,TGS.pdf
"",ORIENTAL ROTA PRAWN CRACKERS,20.0,740.0,0.0,740.0,TGS GROUP SDN BHD,0.0,0.0,,TGS.pdf
"",ORIENTAL CHICKEN RING FP,3.0,111.0,0.0,111.0,TGS GROUP SDN BHD,0.0,0.0,,TGS.pdf
"",SUPER RING FAMILY PACK,30.0,915.0,0.0,915.0,TGS GROUP SDN BHD,0.0,0.0,,TGS.pdf
"",POPO MURUKU SPICY CHICKEN,20.0,610.0,0.0,610.0,TGS GROUP SDN BHD,0.0,0.0,,TGS.pdf
"",POPO MURUKU SWEETSPICY,20.0,580.0,0.0,580.0,TGS GROUP SDN BHD,0.0,0.0,,TGS.pdf
"",POPO MURUKU IKAN KEROPK,20.0,580.0,0.0,580.0,TGS GROUP SDN BHD,0.0,0.0,,TGS.pdf
"",MAGICLEAN KITCHEN REFILL LIME,12.0,288.0,0.0,288.0,TGS GROUP SDN BHD,0.0,0.0,,TGS.pdf
"",MAGICLEAN BATHROOM REFILL TP,12.0,288.0,0.0,288.0,TGS GROUP SDN BHD,0.0,0.0,,TGS.pdf
"",COKE ZERO,12.0,102.0,0.0,102.0,TGS GROUP SDN BHD,0.0,0.0,,TGS.pdf
"",MAMIEE PREMIUM NOODLE (C),8.0,92.0,0.0,92.0,TGS GROUP SDN BHD,0.0,0.0,,TGS.pdf
"",MAMIE PREMIUM VEGETARIAN NOODLE (C),8.0,92.0,0.0,92.0,TGS GROUP SDN BHD,0.0,0.0,,TGS.pdf
"",MAMIE PREMIUM VEGETARIAN NOODLE,8.0,92.0,0.0,92.0,TGS GROUP SDN BHD,0.0,0.0,,TGS.pdf
"",MAMIE EXPRESS CUP NOODLE TOMYAM,24.0,312.0,0.0,312.0,TGS GROUP SDN BHD,0.0,0.0,,TGS.pdf
"",MAMIE EXPRESS CUP NOODLE VEGETABLE,24.0,312.0,0.0,312.0,TGS GROUP SDN BHD,0.0,0.0,,TGS.pdf
"",KEROPOK ORIGINAL CAP MENARA,30.0,648.0,0.0,648.0,TGS GROUP SDN BHD,0.0,0.0,,TGS.pdf
"",KEROPOK SIRA CAP MENARA,30.0,648.0,0.0,648.0,TGS GROUP SDN BHD,0.0,0.0,,TGS.pdf
"",DOUBLE DECKER FP CHEESE RING,10.0,85.0,0.0,85.0,TGS GROUP SDN BHD,0.0,0.0,,TGS.pdf
"",DOUBLE DECKER FP CHICKEN,10.0,85.0,0.0,85.0,TGS GROUP SDN BHD,0.0,0.0,,TGS.pdf
"",MAMIE MONSTER FP BBQ,10.0,135.0,0.0,135.0,TGS GROUP SDN BHD,0.0,0.0,,TGS.pdf
"",MAMIE MONSTER FP CHICKEN,10.0,135.0,0.0,135.0,TGS GROUP SDN BHD,0.0,0.0,,TGS.pdf
"",MAMIE MONSTER FP HOT SPICY,10.0,135.0,0.0,135.0,TGS GROUP SDN BHD,0.0,0.0,,TGS.pdf
"",SUPER RING CHEESE FLAV,30.0,1110.0,0.0,1110.0,TGS GROUP SDN BHD,0.0,0.0,,TGS.pdf
"",ORIENTAL GREEN PEAS FP,30.0,1110.0,0.0,1110.0,TGS GROUP SDN BHD,0.0,0.0,,TGS.pdf
"",ZESS SUPER RING CHEESE CRACKERS,30.0,675.0,0.0,675.0,TGS GROUP SDN BHD,0.0,0.0,,TGS.pdf
"",CLOUD 9 CANDY LEMON TEA (POUCH),72.0,648.0,0.0,648.0,TGS GROUP SDN BHD,0.0,0.0,,TGS.pdf
"",10 CHOKI CHOKI CHOCO,10.0,125.0,0.0,125.0,TGS GROUP SDN BHD,0.0,0.0,,TGS.pdf
"",HUP SENG DELUXE ORIGINAL CRACKERS,12.0,234.0,0.0,234.0,TGS GROUP SDN BHD,0.0,0.0,,TGS.pdf
"",HUP SENG DELUXE SUGAR CRACKERS,12.0,234.0,0.0,234.0,TGS GROUP SDN BHD,0.0,0.0,,TGS.pdf
"",LEXUS CHOCOLATE SANDWICH,12.0,246.0,0.0,246.0,TGS GROUP SDN BHD,0.0,0.0,,TGS.pdf
"",MUNCHYS BUTTER SANDWICH CRACKERS,12.0,226.2,0.0,226.2,TGS GROUP SDN BHD,0.0,0.0,,TGS.pdf
"",MAGICLEAN BATHROOM STAIN MOLD TRIGGER,12.0,414.0,0.0,414.0,TGS GROUP SDN BHD,0.0,0.0,,TGS.pdf
"",MAGICLEAN TOILET BLEACH REGULAR,12.0,288.0,0.0,288.0,TGS GROUP SDN BHD,0.0,0.0,,TGS.pdf
"",SOFTLAN FLORAL FANTASY REFILL,8.0,100.8,0.0,100.8,TGS GROUP SDN BHD,0.0,0.0,,TGS.pdf
"",SOFTLAN LAVENDER REFILL (PURPLE),8.0,108.8,0.0,108.8,TGS GROUP SDN BHD,0.0,0.0,,TGS.pdf
"",SOFTLAN SPRING FRESH REFILL,8.0,108.8,0.0,108.8,TGS GROUP SDN BHD,0.0,0.0,,TGS.pdf
"",TOP LIQUID BLOOMING PLEASURE (COMFORT),4.0,102.8,0.0,102.8,TGS GROUP SDN BHD,0.0,0.0,,TGS.pdf
"",BREEZE LIQUID GENTLE OF THE PLEASURE,4.0,98.0,0.0,98.0,TGS GROUP SDN BHD,0.0,0.0,,TGS.pdf
"",COKE,12.0,106.8,0.0,106.8,TGS GROUP SDN BHD,0.0,0.0,,TGS.pdf
"",SPRITE,12.0,106.8,0.0,106.8,TGS GROUP SDN BHD,0.0,0.0,,TGS.pdf
"",AW SARSAP,12.0,106.8,0.0,106.8,TGS GROUP SDN BHD,0.0,0.0,,TGS.pdf
"",MAGGI HOT CUP TOM YAM (Nonreturnable),24.0,240.0,0.0,240.0,TGS GROUP SDN BHD,0.0,0.0,,TGS.pdf
"",POPO MURUKU SHORT FUNPACK,20.0,580.0,0.0,580.0,TGS GROUP SDN BHD,0.0,0.0,,TGS.pdf
"",SNK KU SHOYULEMI FUNPACK ORIGINAL,24.0,648.0,0.0,648.0,TGS GROUP SDN BHD,0.0,0.0,,TGS.pdf
"",MUNCHYS CREAM OTART BLUEBERRY,8.0,164.0,0.0,164.0,TGS GROUP SDN BHD,0.0,0.0,,TGS.pdf
"",MUNCHYS OAT KRUNCH BREAKFAST DARK CHOCOLATE,12.0,252.0,0.0,252.0,TGS GROUP SDN BHD,0.0,0.0,,TGS.pdf
"",MUNCHYS OAT KRUNCH BREAKFAST CRANBERRY,12.0,252.0,0.0,252.0,TGS GROUP SDN BHD,0.0,0.0,,TGS.pdf
"",MUNCHY CREAM CRACKERS,12.0,226.2,0.0,226.2,TGS GROUP SDN BHD,0.0,0.0,,TGS.pdf
"",NESTLE HONEY STAR,24.0,528.0,0.0,528.0,TGS GROUP SDN BHD,0.0,0.0,,TGS.pdf
"",NESTLE KOKO KRUNCH,24.0,528.0,0.0,528.0,TGS GROUP SDN BHD,0.0,0.0,,TGS.pdf
"",JULIES LOVE LETTERS CHOCOLATE,6.0,123.0,0.0,123.0,TGS GROUP SDN BHD,0.0,0.0,,TGS.pdf
"",JULIES LOVE LETTERS STRAWBERRY,6.0,123.0,0.0,123.0,TGS GROUP SDN BHD,0.0,0.0,,TGS.pdf
"",MUNCHY ORIGINAL CREAM CRACKERS,12.0,226.2,0.0,226.2,TGS GROUP SDN BHD,0.0,0.0,,TGS.pdf
"",MUNCHY VEGETABLE CRACKERS,12.0,226.2,0.0,226.2,TGS GROUP SDN BHD,0.0,0.0,,TGS.pdf
"",MILO NUGGETS,24.0,480.0,0.0,480.0,TGS GROUP SDN BHD,0.0,0.0,,TGS.pdf
"",HANSAPLAST ELASTIC,20.0,1880.0,0.0,1880.0,TGS GROUP SDN BHD,0.0,0.0,,TGS.pdf
"",HANSAPLAST WATER RESISTANT,20.0,1880.0,0.0,1880.0,TGS GROUP SDN BHD,0.0,0.0,,TGS.pdf
"",KAO WIDE BLEACH COLOUR LIQUID,6.0,126.0,0.0,126.0,TGS GROUP SDN BHD,0.0,0.0,,TGS.pdf
"",TOP LIQUID BRIGHT WHITE,4.0,102.8,0.0,102.8,TGS GROUP SDN BHD,0.0,0.0,,TGS.pdf
"",TOP LIQUID COLOUR PROTECT,4.0,98.0,0.0,98.0,TGS GROUP SDN BHD,0.0,0.0,,TGS.pdf
"",TOP LIQUID ODOUR BUSTER,4.0,102.8,0.0,102.8,TGS GROUP SDN BHD,0.0,0.0,,TGS.pdf
"",FRUITS PLUS BLACKCURRANT,4.0,134.0,0.0,134.0,TGS GROUP SDN BHD,0.0,0.0,,TGS.pdf
"",FRUITS PLUS GUAVA,4.0,134.0,0.0,134.0,TGS GROUP SDN BHD,0.0,0.0,,TGS.pdf
"",FRUITS PLUS LYCHEE,4.0,134.0,0.0,134.0,TGS GROUP SDN BHD,0.0,0.0,,TGS.pdf
"",FRUITS PLUS MANGO,4.0,134.0,0.0,134.0,TGS GROUP SDN BHD,0.0,0.0,,TGS.pdf
"",FRUITS PLUS STRAWBERRY,4.0,134.0,0.0,134.0,TGS GROUP SDN BHD,0.0,0.0,,TGS.pdf
"",FN CORDIAL ROSE,6.0,135.6,0.0,135.6,TGS GROUP SDN BHD,0.0,0.0,,TGS.pdf
"",FN CORDIAL ORANGE,6.0,135.6,0.0,135.6,TGS GROUP SDN BHD,0.0,0.0,,TGS.pdf
"",MAGGI CHILLI SAUCE,24.0,307.2,0.0,307.2,TGS GROUP SDN BHD,0.0,0.0,,TGS.pdf
"",MAGGI TOMATO KETCHUP,24.0,276.0,0.0,276.0,TGS GROUP SDN BHD,0.0,0.0,,TGS.pdf
"",BREEZE LIQUID POWER CLEAN,4.0,98.0,0.0,98.0,TGS GROUP SDN BHD,0.0,0.0,,TGS.pdf
"",BREEZE LIQUID GENTLE OF SKIN,4.0,102.8,0.0,102.8,TGS GROUP SDN BHD,0.0,0.0,,TGS.pdf
"",TOP LIQUID COLOUR CARE,4.0,102.8,0.0,102.8,TGS GROUP SDN BHD,0.0,0.0,,TGS.pdf
"",DYNAMO LIQUID COLOUR CARE REFILL,6.0,237.0,0.0,237.0,TGS GROUP SDN BHD,0.0,0.0,,TGS.pdf
"",DYNAMO LIQUID ANTI BACTERIAL,4.0,158.0,0.0,158.0,TGS GROUP SDN BHD,0.0,0.0,,TGS.pdf
"",DYNAMO LIQUID EAU DE ROSE REFILL,6.0,237.0,0.0,237.0,TGS GROUP SDN BHD,0.0,0.0,,TGS.pdf
"",DYNAMO LIQUID FRESH REFILL,6.0,237.0,0.0,237.0,TGS GROUP SDN BHD,0.0,0.0,,TGS.pdf
"",FAB DETERGENT POWDER WHITE,18.0,502.2,0.0,502.2,TGS GROUP SDN BHD,0.0,0.0,,TGS.pdf
"",FAB DETERGENT POWDER ANTI BACTERIAL,18.0,502.2,0.0,502.2,TGS GROUP SDN BHD,0.0,0.0,,TGS.pdf
"",FAB LAUNDRY POWDER COTTON,5.0,102.5,0.0,102.5,TGS GROUP SDN BHD,0.0,0.0,,TGS.pdf
"",NESTLE MILO CEREAL,24.0,528.0,0.0,528.0,TGS GROUP SDN BHD,0.0,0.0,,TGS.pdf
"",HUP SENG CRISPY CRACKERS,12.0,234.0,0.0,234.0,TGS GROUP SDN BHD,0.0,0.0,,TGS.pdf
"",RIBBENA REGULAR [850ML],6.0,199.2,0.0,199.2,TGS GROUP SDN BHD,0.0,0.0,,TGS.pdf
"",RIBBENA REGULAR [600ML],12.0,398.4,0.0,398.4,TGS GROUP SDN BHD,0.0,0.0,,TGS.pdf
"",JULIES PEANUT BUTTER CRACKERS,12.0,414.0,0.0,414.0,TGS GROUP SDN BHD,0.0,0.0,,TGS.pdf
"",MAGGI CHEF CREAMY TOMYAM THAI,8.0,120.0,0.0,120.0,TGS GROUP SDN BHD,0.0,0.0,,TGS.pdf
"",MAGGI HOT CUP (C),24.0,312.0,0.0,312.0,TGS GROUP SDN BHD,0.0,0.0,,TGS.pdf
"",CLOUD 9 CANDY CREME STRAWBERRY (POUCH),72.0,648.0,0.0,648.0,TGS GROUP SDN BHD,0.0,0.0,,TGS.pdf
"",CLOUD 9 CANDY CHOCOLATE (POUCH),72.0,648.0,0.0,648.0,TGS GROUP SDN BHD,0.0,0.0,,TGS.pdf
"",MUNCHYS CREAM CHOCONUT,12.0,246.0,0.0,246.0,TGS GROUP SDN BHD,0.0,0.0,,TGS.pdf
"",LEXUS CHEESE SANDWICH,12.0,246.0,0.0,246.0,TGS GROUP SDN BHD,0.0,0.0,,TGS.pdf
"",LEXUS PEANUT BUTTER SANDWICH,12.0,246.0,0.0,246.0,TGS GROUP SDN BHD,0.0,0.0,,TGS.pdf
"",LEXUS VEGETABLE CRACKER,12.0,246.0,0.0,246.0,TGS GROUP SDN BHD,0.0,0.0,,TGS.pdf
"",100 PLUS,12.0,147.6,0.0,147.6,TGS GROUP SDN BHD,0.0,0.0,,TGS.pdf
"",MAMIE PREMIUM CURRY NOODLE (C),8.0,92.0,0.0,92.0,TGS GROUP SDN BHD,0.0,0.0,,TGS.pdf
"",MAMIE PREMIUM NOODLE (D),8.0,92.0,0.0,92.0,TGS GROUP SDN BHD,0.0,0.0,,TGS.pdf
"",MAMIE PREMIUM CHICKEN NOODLE,8.0,92.0,0.0,92.0,TGS GROUP SDN BHD,0.0,0.0,,TGS.pdf
"",KNORR MASHED POTATO CHEESE,39.0,546.0,0.0,546.0,TGS GROUP SDN BHD,0.0,0.0,,TGS.pdf
"",JAMI PINEAPPLE JAM (PREMIUM),12.0,198.0,0.0,198.0,TGS GROUP SDN BHD,0.0,0.0,,TGS.pdf
"",JAMI MIXES FRUIT JAM (PREMIUM),12.0,198.0,0.0,198.0,TGS GROUP SDN BHD,0.0,0.0,,TGS.pdf
"",MUNCHYS CHOCOLATE SANDWICH,12.0,226.2,0.0,226.2,TGS GROUP SDN BHD,0.0,0.0,,TGS.pdf
"",OBASAN STEAMED CAKE CHOCOLATE,20.0,250.0,0.0,250.0,TGS GROUP SDN BHD,0.0,0.0,,TGS.pdf
"",OBASAN STEAMED CAKE STRAWBERRY,20.0,250.0,0.0,250.0,TGS GROUP SDN BHD,0.0,0.0,,TGS.pdf
"",BIKA (0408) CHICKEN FLASNACK (GREEN),60.0,1680.0,0.0,1680.0,TGS GROUP SDN BHD,0.0,0.0,,TGS.pdf
"",NIPS COOKIES CREME,60.0,840.0,0.0,840.0,TGS GROUP SDN BHD,0.0,0.0,,TGS.pdf
"",NIPS MILK CHOCOLATE,60.0,840.0,0.0,840.0,TGS GROUP SDN BHD,0.0,0.0,,TGS.pdf
"",NIPS PEANUT,60.0,840.0,0.0,840.0,TGS GROUP SDN BHD,0.0,0.0,,TGS.pdf
"",MAGICLEAN KITCHEN TRIUGGER LIME,12.0,288.0,0.0,288.0,TGS GROUP SDN BHD,0.0,0.0,,TGS.pdf
"",KNORR CUP PORRIDGE MUSHROOM (CHICKEN),36.0,468.0,0.0,468.0,TGS GROUP SDN BHD,0.0,0.0,,TGS.pdf
"",BREEZE LIQUID ANTI BACTERIAL,4.0,98.0,0.0,98.0,TGS GROUP SDN BHD,0.0,0.0,,TGS.pdf
"",POKKA JASMINE GREEN TEA,24.0,288.0,0.0,288.0,TGS GROUP SDN BHD,0.0,0.0,,TGS.pdf
"",APOLLO (3230) CHOC LAYER CAKE,12.0,326.4,0.0,326.4,TGS GROUP SDN BHD,0.0,0.0,,TGS.pdf
"",APOLLO (3030A) PANDAN LAYER CAKE,12.0,326.4,0.0,326.4,TGS GROUP SDN BHD,0.0,0.0,,TGS.pdf
"",100 PLUS CAN (244),28.0,266.0,0.0,266.0,TGS GROUP SDN BHD,0.0,0.0,,TGS.pdf
"",COKE CAN,24.0,220.8,0.0,220.8,TGS GROUP SDN BHD,0.0,0.0,,TGS.pdf
"",APOLLO(3230A) COCOA LAYER CAKE,12.0,326.4,0.0,326.4,TGS GROUP SDN BHD,0.0,0.0,,TGS.pdf
"",APOLLO (3030A) STRAWBERRY LAYER CAKE,12.0,326.4,0.0,326.4,TGS GROUP SDN BHD,0.0,0.0,,TGS.pdf
"",HUP SENG DELUXE SALTED CRACKER,12.0,234.0,0.0,234.0,TGS GROUP SDN BHD,0.0,0.0,,TGS.pdf
"",TG 35g Honey Sunflower (1 CTN x 10 Bag x 12 Pkts),120.0,7200.0,0.0,7200.0,TONG GARDEN FOOD (SINGAPORE) PTE LTD,0.0,0.0,,TONG GARDEN.pdf
"",TG 40g Salted Peanuts (1 CTN x 10 Bag x 12 Pkts),120.0,7200.0,0.0,7200.0,TONG GARDEN FOOD (SINGAPORE) PTE LTD,0.0,0.0,,TONG GARDEN.pdf
"",TG 40g Honey Peanuts (1 CTN x 10 Bag x 12 Pkts),120.0,7200.0,0.0,7200.0,TONG GARDEN FOOD (SINGAPORE) PTE LTD,0.0,0.0,,TONG GARDEN.pdf
"",TG 28g Peanuts Mixed Anchovy (1 CTN x 10 Bag x 12 Pkts),120.0,7200.0,0.0,7200.0,TONG GARDEN FOOD (SINGAPORE) PTE LTD,0.0,0.0,,TONG GARDEN.pdf
"",TG 45g Coconut Coated Peanuts (1 CTN x 10 Bag x 12 Pkts),120.0,7200.0,0.0,7200.0,TONG GARDEN FOOD (SINGAPORE) PTE LTD,0.0,0.0,,TONG GARDEN.pdf
"",TG 40g Satay Broad Beans (1 CTN x 10 Bag x 12 Pkts),120.0,7200.0,0.0,7200.0,TONG GARDEN FOOD (SINGAPORE) PTE LTD,0.0,0.0,,TONG GARDEN.pdf
"",TG 40g Wasabi Coated Green Peas (1 CTN x 10 Bag x 12 Pkts),120.0,7200.0,0.0,7200.0,TONG GARDEN FOOD (SINGAPORE) PTE LTD,0.0,0.0,,TONG GARDEN.pdf
"",TG 40g Party Snack (1 CTN x 10 Bag x 12 Pkts),120.0,7200.0,0.0,7200.0,TONG GARDEN FOOD (SINGAPORE) PTE LTD,0.0,0.0,,TONG GARDEN.pdf
"",TG 30g Honey Sunflower (1 CTN x 10 DP x 12 Pkts),120.0,7200.0,0.0,7200.0,TONG GARDEN FOOD (SINGAPORE) PTE LTD,0.0,0.0,,TONG GARDEN.pdf
"",TG 30g Salted Sunflower (1 CTN x 10 DP x 12 Pkts),120.0,7200.0,0.0,7200.0,TONG GARDEN FOOD (SINGAPORE) PTE LTD,0.0,0.0,,TONG GARDEN.pdf
"",TG 40g Coated Green Peas (1 CTN x 10 Bag x 12 Pkts),120.0,7200.0,0.0,7200.0,TONG GARDEN FOOD (SINGAPORE) PTE LTD,0.0,0.0,,TONG GARDEN.pdf
"",LUX LIQ MAGICAL ORCHID24 RF 12X800ML,12.0,56.64,0.0,56.64,U DISTRIBUTION PTE LTD,0.0,0.0,,U DISTRIBUTION JAN TO MAY.pdf
"",LUX LIQ BRIGHTENING GLOW RF 12X800ML,12.0,56.64,0.0,56.64,U DISTRIBUTION PTE LTD,0.0,0.0,,U DISTRIBUTION JAN TO MAY.pdf
"",LUX LIQ ROSY GLOW RF 12X800ML,12.0,56.64,0.0,56.64,U DISTRIBUTION PTE LTD,0.0,0.0,,U DISTRIBUTION JAN TO MAY.pdf
"",SUNSILK SH SMOMANAGE SPC MYSG 12X625ML,12.0,94.56,0.0,94.56,U DISTRIBUTION PTE LTD,0.0,0.0,,U DISTRIBUTION JAN TO MAY.pdf
"",SUNSILK SH PERFECT STRAIGHT SNR 12X625ML,12.0,94.56,0.0,94.56,U DISTRIBUTION PTE LTD,0.0,0.0,,U DISTRIBUTION JAN TO MAY.pdf
"",SUNSILK SHP HFSOLUTION SNR MYSG 12X625ML,12.0,94.56,0.0,94.56,U DISTRIBUTION PTE LTD,0.0,0.0,,U DISTRIBUTION JAN TO MAY.pdf
"",DOVE DLC AD SH STR 12X680ML,12.0,55.44,0.0,55.44,U DISTRIBUTION PTE LTD,0.0,0.0,,U DISTRIBUTION JAN TO MAY.pdf
"",DOVE DLC D CARE SH STR 12X680ML,12.0,55.44,0.0,55.44,U DISTRIBUTION PTE LTD,0.0,0.0,,U DISTRIBUTION JAN TO MAY.pdf
"",DOVE DLC D CARE CD STR 12X660ML,12.0,55.44,0.0,55.44,U DISTRIBUTION PTE LTD,0.0,0.0,,U DISTRIBUTION JAN TO MAY.pdf
"",DOVE DLC IDT CD STR 12X660ML,12.0,55.44,0.0,55.44,U DISTRIBUTION PTE LTD,0.0,0.0,,U DISTRIBUTION JAN TO MAY.pdf
"",DOVE DLC IDT SH STR 12X680ML,12.0,55.44,0.0,55.44,U DISTRIBUTION PTE LTD,0.0,0.0,,U DISTRIBUTION JAN TO MAY.pdf
"",SUNSILK HC PERF STR SNR MYSG 4X3X300ML,12.0,61.8,0.0,61.8,U DISTRIBUTION PTE LTD,0.0,0.0,,U DISTRIBUTION JAN TO MAY.pdf
"",SUNSILK HC HFSOLUTION SNR MYSG 4X3X300ML,12.0,61.8,0.0,61.8,U DISTRIBUTION PTE LTD,0.0,0.0,,U DISTRIBUTION JAN TO MAY.pdf
"",SUNSILK HC SMOMNGBLE SNR MYSG 4X3X300ML,12.0,61.8,0.0,61.8,U DISTRIBUTION PTE LTD,0.0,0.0,,U DISTRIBUTION JAN TO MAY.pdf
"",DOVE SHOWER BEAUTY MOISTURE MYSG 12X1L,12.0,96.96,0.0,96.96,U DISTRIBUTION PTE LTD,0.0,0.0,,U DISTRIBUTION JAN TO MAY.pdf
"",DOVE SHOWER EXFOLIATING MYSG 12X1L,12.0,96.96,0.0,96.96,U DISTRIBUTION PTE LTD,0.0,0.0,,U DISTRIBUTION JAN TO MAY.pdf
"",DOVE REVIVE BW MYSG 4X3X1000ML,12.0,96.96,0.0,96.96,U DISTRIBUTION PTE LTD,0.0,0.0,,U DISTRIBUTION JAN TO MAY.pdf
"",DOVE AQUA BODYWASH NFG STK 12X1000ml,12.0,55.44,0.0,55.44,U DISTRIBUTION PTE LTD,0.0,0.0,,U DISTRIBUTION JAN TO MAY.pdf
"",SUNSILK SH SMOMANAGEABLE SNR 12X625ML,12.0,94.56,0.0,94.56,U DISTRIBUTION PTE LTD,0.0,0.0,,U DISTRIBUTION JAN TO MAY.pdf
"",JIAJIA HERBAL TEA HERITAGE ORIGINAL 24S,24.0,12.37,0.0,12.37,UNICO DISTRIBUTION SERVICES PTE LTD,0.0,0.0,,UNICO.pdf
"",HALLS XS BLUEBERRY,24.0,161.60296719569482,0.0,161.60296719569482,WEMBS MARKETING SDN BHD,0.0,0.0,,WEMBS JAN TO MAY.pdf
"",HALLS XS MENTHOLYPTUS,24.0,161.60296719569482,0.0,161.60296719569482,WEMBS MARKETING SDN BHD,0.0,0.0,,WEMBS JAN TO MAY.pdf
"",HALLS XS LIME,24.0,161.60296719569482,0.0,161.60296719569482,WEMBS MARKETING SDN BHD,0.0,0.0,,WEMBS JAN TO MAY.pdf
"",CHIPSMORE ORIGINAL MINI 72G,48.0,27.105929002472774,0.0,27.105929002472774,WEMBS MARKETING SDN BHD,0.0,0.0,,WEMBS JAN TO MAY.pdf
"",CHIPSMORE DOUBLE CHOC MINI 72G,48.0,27.105929002472774,0.0,27.105929002472774,WEMBS MARKETING SDN BHD,0.0,0.0,,WEMBS JAN TO MAY.pdf
"",CHIPSMORE HAZELNUT MINI 72G,48.0,27.105929002472774,0.0,27.105929002472774,WEMBS MARKETING SDN BHD,0.0,0.0,,WEMBS JAN TO MAY.pdf
"",CHIPSMORE ORIGINAL 135G,24.0,24.201722323636403,0.0,24.201722323636403,WEMBS MARKETING SDN BHD,0.0,0.0,,WEMBS JAN TO MAY.pdf
"",CHIPSMORE DOUBLE CHOC 135G,24.0,24.201722323636403,0.0,24.201722323636403,WEMBS MARKETING SDN BHD,0.0,0.0,,WEMBS JAN TO MAY.pdf
"",CHIPSMORE HAZELNUT 135G,24.0,24.201722323636403,0.0,24.201722323636403,WEMBS MARKETING SDN BHD,0.0,0.0,,WEMBS JAN TO MAY.pdf
"",CHIPSMORE HAZELNUT HANDY MP,16.0,27.364080707258225,0.0,27.364080707258225,WEMBS MARKETING SDN BHD,0.0,0.0,,WEMBS JAN TO MAY.pdf
"",TWISTIES KABOOM BBQ CURRY 60G,6.0,31.52677694692369,0.0,31.52677694692369,WEMBS MARKETING SDN BHD,0.0,0.0,,WEMBS JAN TO MAY.pdf
"",TWISTIES CHEEKY CHEDDAR CHEESE 60G,6.0,31.52677694692369,0.0,31.52677694692369,WEMBS MARKETING SDN BHD,0.0,0.0,,WEMBS JAN TO MAY.pdf
"",TWISTIES ROAST CHICKEN DANCE 60G,6.0,31.52677694692369,0.0,31.52677694692369,WEMBS MARKETING SDN BHD,0.0,0.0,,WEMBS JAN TO MAY.pdf
"",TWISTIES CHERRY TOMATO BOMB 60G,6.0,31.52677694692369,0.0,31.52677694692369,WEMBS MARKETING SDN BHD,0.0,0.0,,WEMBS JAN TO MAY.pdf
"",TWISTIES FLAMING CHEESE 60G,6.0,31.52677694692369,0.0,31.52677694692369,WEMBS MARKETING SDN BHD,0.0,0.0,,WEMBS JAN TO MAY.pdf
"",TWISTIES KABOOM BBQ CURRY 140G,18.0,20.00675712087276,0.0,20.00675712087276,WEMBS MARKETING SDN BHD,0.0,0.0,,WEMBS JAN TO MAY.pdf
"",TWISTIES CHEEKY CHEDDAR CHEESE 140G,18.0,20.00675712087276,0.0,20.00675712087276,WEMBS MARKETING SDN BHD,0.0,0.0,,WEMBS JAN TO MAY.pdf
"",TWISTIES ROAST CHICKEN DANCE 140G,18.0,20.00675712087276,0.0,20.00675712087276,WEMBS MARKETING SDN BHD,0.0,0.0,,WEMBS JAN TO MAY.pdf
"",TWISTIES CHERRY TOMATO BOMB 140G,18.0,20.00675712087276,0.0,20.00675712087276,WEMBS MARKETING SDN BHD,0.0,0.0,,WEMBS JAN TO MAY.pdf
"",TWISTIES KABOOM BBQ CURRY MP,30.0,42.498224400305524,0.0,42.498224400305524,WEMBS MARKETING SDN BHD,0.0,0.0,,WEMBS JAN TO MAY.pdf
"",TWISTIES CHEEKY CHEDDAR CHEESE MP,30.0,42.498224400305524,0.0,42.498224400305524,WEMBS MARKETING SDN BHD,0.0,0.0,,WEMBS JAN TO MAY.pdf
"",TWISTIES CHIPSTER ORIGINAL 60G,3.0,27.9449220430255,0.0,27.9449220430255,WEMBS MARKETING SDN BHD,0.0,0.0,,WEMBS JAN TO MAY.pdf
"",TWISTIES CHIPSTER HOT SPICY 130G,12.0,21.781550091272763,0.0,21.781550091272763,WEMBS MARKETING SDN BHD,0.0,0.0,,WEMBS JAN TO MAY.pdf
"",TWISTIES CHIPSTER FLAMING BBQ 130G,12.0,21.781550091272763,0.0,21.781550091272763,WEMBS MARKETING SDN BHD,0.0,0.0,,WEMBS JAN TO MAY.pdf
"",CHIPSMORE ALMOND CRUNCH,24.0,21.813819054370942,0.0,21.813819054370942,WEMBS MARKETING SDN BHD,0.0,0.0,,WEMBS JAN TO MAY.pdf
"",IBUMIE DRY NOODLES ORIGINAL,12.0,18.29650207666912,0.0,18.29650207666912,WEMBS MARKETING SDN BHD,0.0,0.0,,WEMBS JAN TO MAY.pdf
"",IBUMIE DRY NOODLES THAI TOM YAM,12.0,18.29650207666912,0.0,18.29650207666912,WEMBS MARKETING SDN BHD,0.0,0.0,,WEMBS JAN TO MAY.pdf
"",IBUMIE DRY NOODLES PRAWN HAR MEE,12.0,18.29650207666912,0.0,18.29650207666912,WEMBS MARKETING SDN BHD,0.0,0.0,,WEMBS JAN TO MAY.pdf
"",RIBENA PASTTILE W ZIPLOCK MIXBERRIES,24.0,278.2875377587205,0.0,278.2875377587205,WEMBS MARKETING SDN BHD,0.0,0.0,,WEMBS JAN TO MAY.pdf
"",RIBENA PASTTILE W ZIPLOCK REGULAR,24.0,278.2875377587205,0.0,278.2875377587205,WEMBS MARKETING SDN BHD,0.0,0.0,,WEMBS JAN TO MAY.pdf
"",CHIPSMORE DOUBLE CHOC HANDY MP,16.0,20.523060530443672,0.0,20.523060530443672,WEMBS MARKETING SDN BHD,0.0,0.0,,WEMBS JAN TO MAY.pdf
"",TWISTIES CHERRY TOMATO BOMB 139,16.0,52.275720219054634,0.0,52.275720219054634,WEMBS MARKETING SDN BHD,0.0,0.0,,WEMBS JAN TO MAY.pdf
"",CHEEZELS ORIGINAL 60G,6.0,31.75265968861096,0.0,31.75265968861096,WEMBS MARKETING SDN BHD,0.0,0.0,,WEMBS JAN TO MAY.pdf
"",CHEEZELS BBQ CHEESE 60G,6.0,31.75265968861096,0.0,31.75265968861096,WEMBS MARKETING SDN BHD,0.0,0.0,,WEMBS JAN TO MAY.pdf
"",CHEEZELS ORIGINAL 140G,12.0,13.391619685745477,0.0,13.391619685745477,WEMBS MARKETING SDN BHD,0.0,0.0,,WEMBS JAN TO MAY.pdf
"",CHEEZELS ORIGINAL MP,15.0,21.587936312683674,0.0,21.587936312683674,WEMBS MARKETING SDN BHD,0.0,0.0,,WEMBS JAN TO MAY.pdf
"",MAMEE MONSTER CHICKEN,10.0,13.672359664699657,0.0,13.672359664699657,WEMBS MARKETING SDN BHD,0.0,0.0,,WEMBS JAN TO MAY.pdf
"",MAMEE MONSTER BBQ,10.0,13.672359664699657,0.0,13.672359664699657,WEMBS MARKETING SDN BHD,0.0,0.0,,WEMBS JAN TO MAY.pdf
"",MAMEE MONSTER HOT SPICY,10.0,13.672359664699657,0.0,13.672359664699657,WEMBS MARKETING SDN BHD,0.0,0.0,,WEMBS JAN TO MAY.pdf
"",SUPER RING,6.0,35.983120750782604,0.0,35.983120750782604,WEMBS MARKETING SDN BHD,0.0,0.0,,WEMBS JAN TO MAY.pdf
"",TIGER ORIGINAL (SMALL),8.0,22.201046611549128,0.0,22.201046611549128,WEMBS MARKETING SDN BHD,0.0,0.0,,WEMBS JAN TO MAY.pdf
"",TIGER CHOCOLATE (SMALL),8.0,22.201046611549128,0.0,22.201046611549128,WEMBS MARKETING SDN BHD,0.0,0.0,,WEMBS JAN TO MAY.pdf
"",TIGER ORIGINAL (MLD PACK),24.0,16.973474589643665,0.0,16.973474589643665,WEMBS MARKETING SDN BHD,0.0,0.0,,WEMBS JAN TO MAY.pdf
"",TIGER CHOCOLATE (MLD PACK),24.0,16.973474589643665,0.0,16.973474589643665,WEMBS MARKETING SDN BHD,0.0,0.0,,WEMBS JAN TO MAY.pdf
"",TIGER CHOCOLATE MULTIPACK,12.0,20.523060530443672,0.0,20.523060530443672,WEMBS MARKETING SDN BHD,0.0,0.0,,WEMBS JAN TO MAY.pdf
"",TIGER MARIE 2497G,12.0,12.778509386880021,0.0,12.778509386880021,WEMBS MARKETING SDN BHD,0.0,0.0,,WEMBS JAN TO MAY.pdf
"",TWISTIES CHIPSTER SC ONION 60G,3.0,27.9449220430255,0.0,27.9449220430255,WEMBS MARKETING SDN BHD,0.0,0.0,,WEMBS JAN TO MAY.pdf
"",LINGHAMS CHILI SAUCE,12.0,18.038350371883666,0.0,18.038350371883666,WEMBS MARKETING SDN BHD,0.0,0.0,,WEMBS JAN TO MAY.pdf
"",LINGHAMS GARLIC CHILI SAUCE,12.0,19.587260600596398,0.0,19.587260600596398,WEMBS MARKETING SDN BHD,0.0,0.0,,WEMBS JAN TO MAY.pdf
"",LINGHAMS THAI CHILI SAUCE,12.0,19.587260600596398,0.0,19.587260600596398,WEMBS MARKETING SDN BHD,0.0,0.0,,WEMBS JAN TO MAY.pdf
"",LINGHAMS SRIRACHA CHILI SAUCE,12.0,19.587260600596398,0.0,19.587260600596398,WEMBS MARKETING SDN BHD,0.0,0.0,,WEMBS JAN TO MAY.pdf
"",RIBENA CONCENTRATE REGULAR,12.0,33.172494064930966,0.0,33.172494064930966,WEMBS MARKETING SDN BHD,0.0,0.0,,WEMBS JAN TO MAY.pdf
"",CDM FRUIT NUT 130G,6.0,155.43959524394208,0.0,155.43959524394208,WEMBS MARKETING SDN BHD,0.0,0.0,,WEMBS JAN TO MAY.pdf
"",CDM BLACK FOREST 130G,6.0,155.43959524394208,0.0,155.43959524394208,WEMBS MARKETING SDN BHD,0.0,0.0,,WEMBS JAN TO MAY.pdf
"",CDM DOYBAG HAZELNUT (10S),16.0,38.46460401303279,0.0,38.46460401303279,WEMBS MARKETING SDN BHD,0.0,0.0,,WEMBS JAN TO MAY.pdf
"",CDM CHIPSMORE SHAREBAG 125G,16.0,38.46460401303279,0.0,38.46460401303279,WEMBS MARKETING SDN BHD,0.0,0.0,,WEMBS JAN TO MAY.pdf
"",CDM OREO SHAREBAG 125G,16.0,38.46460401303279,0.0,38.46460401303279,WEMBS MARKETING SDN BHD,0.0,0.0,,WEMBS JAN TO MAY.pdf
"",CHIPSMORE ORIGINAL HANDY MP,16.0,27.04139107627641,0.0,27.04139107627641,WEMBS MARKETING SDN BHD,0.0,0.0,,WEMBS JAN TO MAY.pdf
"",TIGER ORIGINAL (MID PACK),24.0,16.74759184795639,0.0,16.74759184795639,WEMBS MARKETING SDN BHD,0.0,0.0,,WEMBS JAN TO MAY.pdf
"",TIGER CHOCOLATE (MID PACK),24.0,16.74759184795639,0.0,16.74759184795639,WEMBS MARKETING SDN BHD,0.0,0.0,,WEMBS JAN TO MAY.pdf
"",TWISTIES CHIPSTER HOT SPICY 60G,3.0,27.5899634489455,0.0,27.5899634489455,WEMBS MARKETING SDN BHD,0.0,0.0,,WEMBS JAN TO MAY.pdf
"",TWISTIES CHIPSTER FLAMING BBQ 60G,3.0,27.5899634489455,0.0,27.5899634489455,WEMBS MARKETING SDN BHD,0.0,0.0,,WEMBS JAN TO MAY.pdf
"",TWISTIES CHIPSTER SC ONION 130G,12.0,21.523398386487308,0.0,21.523398386487308,WEMBS MARKETING SDN BHD,0.0,0.0,,WEMBS JAN TO MAY.pdf
"",3 Legs CW 200ml 8 x 6s x 200ml (NL) (1 ctn x 8 clusters x 6s x 200ml) SC0000000671,48.0,23.5,0.0,23.5,WEN KEN MARKETING (S) PTE LTD,0.0,0.0,,wenken Jan to May.pdf
"",3 Legs CW 24 x 320ml 24 x 320ml(Lychee Flavor) NL (1 ctn x 24btl x 320ml) POMTR152685211E,24.0,20.87,0.0,20.87,WEN KEN MARKETING (S) PTE LTD,0.0,0.0,,wenken Jan to May.pdf
"",3 Legs CW 24 x 320ml 24 x 320ml(Lime Flavor) NL (1 ctn x 24btl x 320ml) POMTR162691861E,24.0,20.87,0.0,20.87,WEN KEN MARKETING (S) PTE LTD,0.0,0.0,,wenken Jan to May.pdf
"",3 Legs CW 24 x 320ml 24 x 320ml(Guava Flavor) NL (1 ctn x 24btl x 320ml) POMTR152685201E,24.0,20.87,0.0,20.87,WEN KEN MARKETING (S) PTE LTD,0.0,0.0,,wenken Jan to May.pdf
"",BAKED POTATO CRISP BBQ FLAVOUR,12.0,9.692307692307692,0.0,9.692307692307692,WINSTAR MARKETING PTE LTD,0.0,0.0,,winstar Jan to May.pdf
"",BAKED POTATO CRISP SWEET CORN FLAVOUR,12.0,9.692307692307692,0.0,9.692307692307692,WINSTAR MARKETING PTE LTD,0.0,0.0,,winstar Jan to May.pdf
"",SWEET POTATO CRISP SWEET POTATO FLAVOUR,12.0,9.692307692307692,0.0,9.692307692307692,WINSTAR MARKETING PTE LTD,0.0,0.0,,winstar Jan to May.pdf
"",BAKED POTATO CRISP VEGETABLE FLAVOUR,12.0,9.692307692307692,0.0,9.692307692307692,WINSTAR MARKETING PTE LTD,0.0,0.0,,winstar Jan to May.pdf
"",MINI 1MORE CHOCOLATE COATED WAFER ROLLS,12.0,228.0,0.0,228.0,WINSTAR MARKETING PTE LTD,0.0,0.0,,winstar Jan to May.pdf
"",TOPP CUP INSTANT CHICKEN MUSHROOM CONGEE,12.0,131.16,0.0,131.16,WINSTAR MARKETING PTE LTD,0.0,0.0,,winstar Jan to May.pdf
"",TOPP CUP INSTANT SEAFOOD CONGEE,12.0,131.16,0.0,131.16,WINSTAR MARKETING PTE LTD,0.0,0.0,,winstar Jan to May.pdf
"",TOPP CUP INSTANT VEGETABLE CONGEE,12.0,131.16,0.0,131.16,WINSTAR MARKETING PTE LTD,0.0,0.0,,winstar Jan to May.pdf
"",BAKE STORY KOKOPIE CHOCO COATED CAKE WITH VANILLA,9.0,151.2,0.0,151.2,WINSTAR MARKETING PTE LTD,0.0,0.0,,winstar Jan to May.pdf
"",BAKE STORY MINI MUFFIN PANDAN WITH CREAM FILLING,9.0,151.2,0.0,151.2,WINSTAR MARKETING PTE LTD,0.0,0.0,,winstar Jan to May.pdf
"",BAKE STORY MINI MUFFIN ORIGINAL WITH CREAM FILLING,9.0,151.2,0.0,151.2,WINSTAR MARKETING PTE LTD,0.0,0.0,,winstar Jan to May.pdf
"",BAKED POTATO CRISP SOUR CREAM FLAVOUR,12.0,9.692307692307692,0.0,9.692307692307692,WINSTAR MARKETING PTE LTD,0.0,0.0,,winstar Jan to May.pdf
"",LELEK FISH CRACKERS AMPLANG 70G,24.0,672.0,0.0,672.0,WINSTAR MARKETING PTE LTD,0.0,0.0,,winstar Jan to May.pdf
"",LELEK PRAWN CRACKERS AMPLANG 70G,24.0,672.0,0.0,672.0,WINSTAR MARKETING PTE LTD,0.0,0.0,,winstar Jan to May.pdf
"",IKAS KARA SQUID HONEY 6S,4.0,147.2,0.0,147.2,WINSTAR MARKETING PTE LTD,0.0,0.0,,winstar Jan to May.pdf
"",IKAS KARA SQUID ORIGINAL 6S,4.0,147.2,0.0,147.2,WINSTAR MARKETING PTE LTD,0.0,0.0,,winstar Jan to May.pdf
"",IKAS KARA SQUID SPICY 6S,4.0,147.2,0.0,147.2,WINSTAR MARKETING PTE LTD,0.0,0.0,,winstar Jan to May.pdf
"",380ML PET LONGAN RED DATE DK X24 SG,24.0,547.2,0.0,547.2,YHS (SINGAPORE) PTE LTD,0.0,0.0,,YHS JAN TO MAY.pdf
"",CAN325ML KICKAPOO JOY JUICE ORIG5X24 SG,24.0,309.6,0.0,309.6,YHS (SINGAPORE) PTE LTD,0.0,0.0,,YHS JAN TO MAY.pdf
"",300ML CAN YEOS CHRY TEA 5 HCS X24 SG,24.0,309.6,0.0,309.6,YHS (SINGAPORE) PTE LTD,0.0,0.0,,YHS JAN TO MAY.pdf
"",300ML CAN YEOS GRASS JELLY DK X24(LS) SG,24.0,309.6,0.0,309.6,YHS (SINGAPORE) PTE LTD,0.0,0.0,,YHS JAN TO MAY.pdf
"",300ML CAN YEOS SOY BEAN DK 5HCS X24 SG,24.0,316.8,0.0,316.8,YHS (SINGAPORE) PTE LTD,0.0,0.0,,YHS JAN TO MAY.pdf
"",300ML CAN YEOS WINTER MELON X24(38) MYSG,24.0,309.6,0.0,309.6,YHS (SINGAPORE) PTE LTD,0.0,0.0,,YHS JAN TO MAY.pdf
"",PET500ML KICKAPOO JOY JUICE ORIG5X24SG,24.0,547.2,0.0,547.2,YHS (SINGAPORE) PTE LTD,0.0,0.0,,YHS JAN TO MAY.pdf
"",15L PET KICKAPOO JOY JUICE MANGOx12 SG,12.0,237.6,0.0,237.6,YHS (SINGAPORE) PTE LTD,0.0,0.0,,YHS JAN TO MAY.pdf
"",380ML UML PET LONGAN RED DATE DK X24 SG,24.0,720.0,0.0,720.0,YHS (SINGAPORE) PTE LTD,0.0,0.0,,YHS JAN TO MAY.pdf
"",250ML TB YEOS FHARVEST GT HORSE 4X6 SG,24.0,223.2,0.0,223.2,YHS (SINGAPORE) PTE LTD,0.0,0.0,,YHS JAN TO MAY.pdf
"",PET15L KICKAPOO JOY JUICE ORIG5X12SG,12.0,237.6,0.0,237.6,YHS (SINGAPORE) PTE LTD,0.0,0.0,,YHS JAN TO MAY.pdf
"",15L PET YEOS LYCHEE DK 5HCS X12MYSG,12.0,237.6,0.0,237.6,YHS (SINGAPORE) PTE LTD,0.0,0.0,,YHS JAN TO MAY.pdf
"",15L PET YEOS WINTER MELON X12(LS) MYSG,12.0,237.6,0.0,237.6,YHS (SINGAPORE) PTE LTD,0.0,0.0,,YHS JAN TO MAY.pdf
"",15L PET LONGAN RED DATE DK RAYA X12 SG,12.0,237.6,0.0,237.6,YHS (SINGAPORE) PTE LTD,0.0,0.0,,YHS JAN TO MAY.pdf
"",300ML CAN YEOS LYCHEE DK 5HCS X24 MYSG,24.0,309.6,0.0,309.6,YHS (SINGAPORE) PTE LTD,0.0,0.0,,YHS JAN TO MAY.pdf
"",250ML TB YEOS CHRY TEA 4X6 SG F120,24.0,223.2,0.0,223.2,YHS (SINGAPORE) PTE LTD,0.0,0.0,,YHS JAN TO MAY.pdf
"",250ML TB YEOS LYCHEE DK 4X6 SG F120,24.0,223.2,0.0,223.2,YHS (SINGAPORE) PTE LTD,0.0,0.0,,YHS JAN TO MAY.pdf
"",250ML TB YEOS SOY BEAN MILK 4X6 SG F120,24.0,240.0,0.0,240.0,YHS (SINGAPORE) PTE LTD,0.0,0.0,,YHS JAN TO MAY.pdf
"",250ML TB YEOS WINTER MELON 4X6 SG F120,24.0,223.2,0.0,223.2,YHS (SINGAPORE) PTE LTD,0.0,0.0,,YHS JAN TO MAY.pdf
"",330ML TB YEOS OOLONG TEA X24 SG,24.0,309.6,0.0,309.6,YHS (SINGAPORE) PTE LTD,0.0,0.0,,YHS JAN TO MAY.pdf
"",100G JELBD STRAWBRY CHIA JELLY 4X10,40.0,2000.0,0.0,2000.0,YHS (SINGAPORE) PTE LTD,0.0,0.0,,YHS JAN TO MAY.pdf
"",325ML CAN PD SPKLG VIT PEACH DK 6X4 SG,24.0,348.0,0.0,348.0,YHS (SINGAPORE) PTE LTD,0.0,0.0,,YHS JAN TO MAY.pdf
"",325ML CAN PD SPKLG VIT WGRAPE DK 6X4 SG,24.0,600.0,0.0,600.0,YHS (SINGAPORE) PTE LTD,0.0,0.0,,YHS JAN TO MAY.pdf
"",100G JELBD APPLE CHIA JELLY 4X10,40.0,1352.0,0.0,1352.0,YHS (SINGAPORE) PTE LTD,0.0,0.0,,YHS JAN TO MAY.pdf
"",100G JELBD APPLE N GRAPE CHIA JELLY 4X10,40.0,1352.0,0.0,1352.0,YHS (SINGAPORE) PTE LTD,0.0,0.0,,YHS JAN TO MAY.pdf
"",100G JELBD GRAPE CHIA JELLY 4X10,40.0,2000.0,0.0,2000.0,YHS (SINGAPORE) PTE LTD,0.0,0.0,,YHS JAN TO MAY.pdf
"",PET500ML KICKAPOO JOY JUICE MANGOx24 SG,24.0,547.2,0.0,547.2,YHS (SINGAPORE) PTE LTD,0.0,0.0,,YHS JAN TO MAY.pdf
"",15L PET YEOS CHRY TEA 5HCS X12 SG,12.0,237.6,0.0,237.6,YHS (SINGAPORE) PTE LTD,0.0,0.0,,YHS JAN TO MAY.pdf
