Barcode,Product Name,Packing Size,Previous Price,Discount,Pack Price,Supplier,Selling Price,Promotion Price,Other,Filename
,CADBURY CHOCOLATE 120GM X 24 BITE SIZE ALMOND,24.0,60.0,0.0,60.0,BHAVNA PTE LTD,0.0,0.0,,Bhavna PTE Ltd..pdf
,CADBURY CHOCOLATE 125GM X 16 DOYPACK OREO,16.0,40.0,0.0,40.0,BHAVNA PTE LTD,0.0,0.0,,Bhavna PTE Ltd..pdf
,ADIDAS DEO SPRAY 150ML X 12 DYNAMIC PULSE,12.0,27.2,0.0,27.2,BHAVNA PTE LTD,0.0,0.0,,Bhavna PTE Ltd..pdf
,DETTOL ANTISEPTIC LIQUID (INDIA) 1LT X 12 ORIGINAL (PET),12.0,57.0,0.0,57.0,BHAVNA PTE LTD,0.0,0.0,,Bhavna PTE Ltd..pdf
,DETTOL ANTISEPTIC LIQUID (INDIA) 550ML X 24 ORIGINAL,24.0,67.2,0.0,67.2,BHAVNA PTE LTD,0.0,0.0,,Bhavna PTE Ltd..pdf
,DOVE BODYWASH (INDIA) 1LTR X 12 SAKURA (NFS) (PI),12.0,48.65,0.0,48.65,BHAVNA PTE LTD,0.0,0.0,,Bhavna PTE Ltd..pdf
,DOVE BODYWASH (INDIA) 1LTR X 12 SENSITIVE SKIN (NFS) (PI),12.0,48.65,0.0,48.65,BHAVNA PTE LTD,0.0,0.0,,Bhavna PTE Ltd..pdf
,DOVE SHAMPOO (UAE) 400ML X 12 DAILY CARE (NFS),12.0,28.35,0.0,28.35,BHAVNA PTE LTD,0.0,0.0,,Bhavna PTE Ltd..pdf
,DOWNY FABRIC SOFTNER 240ML X 24 GARDEN BLOOM CLEANSLOB,24.0,11.52,0.0,11.52,BHAVNA PTE LTD,0.0,0.0,,Bhavna PTE Ltd..pdf
,GILLETTE SHAVING FOAM 200ML X 6 CLASSIC,6.0,12.5,0.0,12.5,BHAVNA PTE LTD,0.0,0.0,,Bhavna PTE Ltd..pdf
,AER CAR FRESHENER 75GM X 4 X 15 COOL AQUA,60.0,52.5,0.0,52.5,BHAVNA PTE LTD,0.0,0.0,,Bhavna PTE Ltd..pdf
,AER CAR FRESHENER 75GM X 4 X 15 MUSK AFTER SMOKE,60.0,52.5,0.0,52.5,BHAVNA PTE LTD,0.0,0.0,,Bhavna PTE Ltd..pdf
,AER CAR FRESHENER 75GM X 4 X 15 ROSE BLOSSOM,60.0,52.5,0.0,52.5,BHAVNA PTE LTD,0.0,0.0,,Bhavna PTE Ltd..pdf
,LIFEBUOY BODYWASH (INDIA) 1LTR X 12 COOL FRESH,12.0,45.9,0.0,45.9,BHAVNA PTE LTD,0.0,0.0,,Bhavna PTE Ltd..pdf
,LIFEBUOY BODYWASH (INDIA) 1LTR X 12 LEMON FRESH,12.0,45.9,0.0,45.9,BHAVNA PTE LTD,0.0,0.0,,Bhavna PTE Ltd..pdf
,REVLON COLORSILK NEW 10 BLACK 1 X 12 (NBC),12.0,37.08,0.0,37.08,BHAVNA PTE LTD,0.0,0.0,,Bhavna PTE Ltd..pdf
,REVLON COLORSILK NEW 11 SOFT BLACK 1 X 12,12.0,37.08,0.0,37.08,BHAVNA PTE LTD,0.0,0.0,,Bhavna PTE Ltd..pdf
,REVLON COLORSILK NEW 20 BROWN BLACK 1 X 12 (NBC),12.0,37.08,0.0,37.08,BHAVNA PTE LTD,0.0,0.0,,Bhavna PTE Ltd..pdf
,REVLON COLORSILK NEW 30 DARK BROWN 1 X 12 (NBC),12.0,37.08,0.0,37.08,BHAVNA PTE LTD,0.0,0.0,,Bhavna PTE Ltd..pdf
,REVLON COLORSILK NEW 33 DARK SOFT BROWN 1 X 12 (NBC),12.0,37.08,0.0,37.08,BHAVNA PTE LTD,0.0,0.0,,Bhavna PTE Ltd..pdf
,REVLON COLORSILK NEW 41 MEDIUM BROWN 1 X 12 (NBC),12.0,37.08,0.0,37.08,BHAVNA PTE LTD,0.0,0.0,,Bhavna PTE Ltd..pdf
,REVLON COLORSILK NEW 50 LIGHT ASH BROWN 1 X 12 (NBC),12.0,37.08,0.0,37.08,BHAVNA PTE LTD,0.0,0.0,,Bhavna PTE Ltd..pdf
,REVLON COLORSILK NEW 54 LIGHT GOLDEN BROWN 1 X 12 (NBC),12.0,37.08,0.0,37.08,BHAVNA PTE LTD,0.0,0.0,,Bhavna PTE Ltd..pdf
,SCHICK DISPOSABLE RAZOR (73) X 12 EXACTAZ SENSITIVE,12.0,43.44,0.0,43.44,BHAVNA PTE LTD,0.0,0.0,,Bhavna PTE Ltd..pdf
,VASELINE PJELLY (SOUTH AFRICA) 100ML X 144 ORIGINAL,144.0,148.5,0.0,148.5,BHAVNA PTE LTD,0.0,0.0,,Bhavna PTE Ltd..pdf
,CITY MEN DEO SPRAY (TURKEY) 150ML X 12 DYNAMIC,12.0,21.0,0.0,21.0,BHAVNA PTE LTD,0.0,0.0,,Bhavna PTE Ltd..pdf
,CITY MEN DEO SPRAY (TURKEY) 150ML X 12 MUSK,12.0,21.0,0.0,21.0,BHAVNA PTE LTD,0.0,0.0,,Bhavna PTE Ltd..pdf
,COLGATE TOOTHPASTE 180GM X 72 TRIPLE ACTION (PI),72.0,92.0,0.0,92.0,BHAVNA PTE LTD,0.0,0.0,,Bhavna PTE Ltd..pdf
,DOVE BODYWASH (INDIA) 1LTR X 12 LAVENDER (NFS) (PI),12.0,48.65,0.0,48.65,BHAVNA PTE LTD,0.0,0.0,,Bhavna PTE Ltd..pdf
,DOVE BODYWASH (INDIA) 1LTR X 12 ROSE (NFS) (PI),12.0,48.65,0.0,48.65,BHAVNA PTE LTD,0.0,0.0,,Bhavna PTE Ltd..pdf
,DOVE SHAMPOO (UAE) 400ML X 12 MOISTURIZING (NFS),12.0,28.35,0.0,28.35,BHAVNA PTE LTD,0.0,0.0,,Bhavna PTE Ltd..pdf
,GLADE SCENTED GEL 180GM X 12 APPLE,12.0,21.31,0.0,21.31,BHAVNA PTE LTD,0.0,0.0,,Bhavna PTE Ltd..pdf
,CADBURY CHOCOLATE 120GM X 24 BITE SIZE HAZELNUT,24.0,58.0,0.0,58.0,BHAVNA PTE LTD,0.0,0.0,,Bhavna PTE Ltd..pdf
,CADBURY CHOCOLATE 125GM X 16 DOYPACK MILK,16.0,38.4,0.0,38.4,BHAVNA PTE LTD,0.0,0.0,,Bhavna PTE Ltd..pdf
,CADBURY CHOCOLATE 125GM X 16 DOYPACK ROASTED ALMOND,16.0,38.4,0.0,38.4,BHAVNA PTE LTD,0.0,0.0,,Bhavna PTE Ltd..pdf
,CADBURY CHOCOLATE 130GM X 12 X 6 CHIPSMORE,72.0,118.0,0.0,118.0,BHAVNA PTE LTD,0.0,0.0,,Bhavna PTE Ltd..pdf
,CADBURY MILK MOULDED BAR 130GM X 12 X 6 FRUIT NUT,72.0,118.0,0.0,118.0,BHAVNA PTE LTD,0.0,0.0,,Bhavna PTE Ltd..pdf
,CADBURY MILK MOULDED BAR 130GM X 12 X 6 ROAST ALMOND,72.0,118.0,0.0,118.0,BHAVNA PTE LTD,0.0,0.0,,Bhavna PTE Ltd..pdf
,CADBURY MILK MOULDED BAR 135GM X 12 X 6 MILK,72.0,125.0,0.0,125.0,BHAVNA PTE LTD,0.0,0.0,,Bhavna PTE Ltd..pdf
,KINDER BUENO T2 X 15 X 8 CHOCOLATE,120.0,108.0,0.0,108.0,BHAVNA PTE LTD,0.0,0.0,,Bhavna PTE Ltd..pdf
,MARS CHOCOLATE (EU) 227GM X 24 MINIS,24.0,59.0,0.0,59.0,BHAVNA PTE LTD,0.0,0.0,,Bhavna PTE Ltd..pdf
,SNICKERS CHOCOLATE (EU) 50GM X 12 X 24 SINGLES,288.0,144.0,0.0,144.0,BHAVNA PTE LTD,0.0,0.0,,Bhavna PTE Ltd..pdf
,GLADE SCENTED GEL 165GM X 12 LAVENDER,12.0,21.31,0.0,21.31,BHAVNA PTE LTD,0.0,0.0,,Bhavna PTE Ltd..pdf
,HARPIC TOILET CLEANER (MY) 450ML X 12 POWER PLUS ORIGINAL,12.0,13.8,0.0,13.8,BHAVNA PTE LTD,0.0,0.0,,Bhavna PTE Ltd..pdf
,HARPIC TOILET CLEANER (MY) 500ML X 12 LAVENDER,12.0,13.8,0.0,13.8,BHAVNA PTE LTD,0.0,0.0,,Bhavna PTE Ltd..pdf
,HARPIC TOILET CLEANER (MY) 500ML X 12 LEMON,12.0,13.8,0.0,13.8,BHAVNA PTE LTD,0.0,0.0,,Bhavna PTE Ltd..pdf
,KINDER BUENO T6 X 11 X 4 CHOCOLATE,44.0,100.0,0.0,100.0,BHAVNA PTE LTD,0.0,0.0,,Bhavna PTE Ltd..pdf
,CIF CREAM (INDO) 660GM X 16 LEMON,16.0,18.5,0.0,18.5,BHAVNA PTE LTD,0.0,0.0,,Bhavna PTE Ltd..pdf
,CIF CREAM (INDO) 660GM X 16 WHITE,16.0,18.5,0.0,18.5,BHAVNA PTE LTD,0.0,0.0,,Bhavna PTE Ltd..pdf
,REXONA ROLL ON (PHIL) 45ML X 24 ICE COOL M (PI),24.0,24.5,0.0,24.5,BHAVNA PTE LTD,0.0,0.0,,Bhavna PTE Ltd..pdf
,REXONA ROLL ON (PHIL) 45ML X 24 PASSION W (PI),24.0,24.5,0.0,24.5,BHAVNA PTE LTD,0.0,0.0,,Bhavna PTE Ltd..pdf
,REXONA ROLL ON (PHIL) 45ML X 24 QUANTUM M (PI),24.0,24.5,0.0,24.5,BHAVNA PTE LTD,0.0,0.0,,Bhavna PTE Ltd..pdf
,REXONA ROLL ON (PHIL) 45ML X 24 SHOWER CLEAN W (PI),24.0,24.5,0.0,24.5,BHAVNA PTE LTD,0.0,0.0,,Bhavna PTE Ltd..pdf
,REXONA ROLL ON (PHIL) 45ML X 24 SUNFLOWER CARE W (PI),24.0,24.5,0.0,24.5,BHAVNA PTE LTD,0.0,0.0,,Bhavna PTE Ltd..pdf
,SCHICK REFILL CARTRIDGE 4 X 240 HYDRO,1.0,9.25,0.0,9.25,BHAVNA PTE LTD,0.0,0.0,,Bhavna PTE Ltd..pdf
,SCHICK RAZOR (KIT 1) 1 X 60 HYDRO 3,1.0,6.04,0.0,6.04,BHAVNA PTE LTD,0.0,0.0,,Bhavna PTE Ltd..pdf
,LIFEBUOY BODYWASH (INDIA) 1LTR X 12 TOTAL 10,12.0,45.9,0.0,45.9,BHAVNA PTE LTD,0.0,0.0,,Bhavna PTE Ltd..pdf
,PEPSODENT TOOTHPASTE (INDO) 120GM X 72 WHITE,72.0,34.5,0.0,34.5,BHAVNA PTE LTD,0.0,0.0,,Bhavna PTE Ltd..pdf
,WHISPER SANITARY PAD 24CM X 10S X 24 THIN REGULAR WING SLOB,24.0,8.0,0.0,8.0,BHAVNA PTE LTD,0.0,0.0,,Bhavna PTE Ltd..pdf
,CREAMSILK CONDITIONER (PHL) 170ML X 24 ULTIMATE REPAIR SHINE,24.0,58.55,0.0,58.55,BHAVNA PTE LTD,0.0,0.0,,Bhavna PTE Ltd..pdf
,CREAMSILK CONDITIONER (PHL) 170ML X 24 ULTIMATE STRAIGHT,24.0,58.55,0.0,58.55,BHAVNA PTE LTD,0.0,0.0,,Bhavna PTE Ltd..pdf
,DOVE DEO (ARNFS) 150ML X 12 ORIGINAL,12.0,24.0,0.0,24.0,BHAVNA PTE LTD,0.0,0.0,,Bhavna PTE Ltd..pdf
,DOVE FACE WASH (INDO) 100GM X 24 DEEP PURE,24.0,40.4,0.0,40.4,BHAVNA PTE LTD,0.0,0.0,,Bhavna PTE Ltd..pdf
,DOVE SHAMPOO (UAE) 200ML X 24 DAILY CARE 2IN1 (NFS),24.0,31.2,0.0,31.2,BHAVNA PTE LTD,0.0,0.0,,Bhavna PTE Ltd..pdf
,DOVE SHAMPOO (UAE) 400ML X 12 HAIR FALL RESCUE (NFS),12.0,28.35,0.0,28.35,BHAVNA PTE LTD,0.0,0.0,,Bhavna PTE Ltd..pdf
,DOVE SHAMPOO (UAE) 400ML X 12 INTENSIVE REPAIR (NFS),12.0,28.35,0.0,28.35,BHAVNA PTE LTD,0.0,0.0,,Bhavna PTE Ltd..pdf
,LIFEBUOY BODYWASH (INDIA) 1LTR X 12 GENTLE SKINCARE,12.0,45.9,0.0,45.9,BHAVNA PTE LTD,0.0,0.0,,Bhavna PTE Ltd..pdf
,SNICKERS CHOCOLATE (BR) 30GM X 12 X 20 SINGLES,240.0,76.8,0.0,76.8,BHAVNA PTE LTD,0.0,0.0,,Bhavna PTE Ltd..pdf
,BOUNTY CHOCOLATE (EU) 227GM X 24 MINIS,24.0,60.0,0.0,60.0,BHAVNA PTE LTD,0.0,0.0,,Bhavna PTE Ltd..pdf
,SNICKERS CHOCOLATE (EGYPT) 40GM X 12 X 24 SINGLES,288.0,132.6,0.0,132.6,BHAVNA PTE LTD,0.0,0.0,,Bhavna PTE Ltd..pdf
,TWIX CHOCOLATE (EGYPT) 50GM X 10 X 24 TWIN,240.0,115.0,0.0,115.0,BHAVNA PTE LTD,0.0,0.0,,Bhavna PTE Ltd..pdf
,100GM X 12PCKS BISCUIT CHEESE CRACKER,12.0,7.0,0.0,7.0,BISCOTTI TRADING PTE LTD,0.0,0.0,,BISCOTTI TRADING JAN TO MAY.pdf
,240GM10X24PCKS COLADA BISCORNIVAL NAIYU,24.0,26.8,0.0,26.8,BISCOTTI TRADING PTE LTD,0.0,0.0,,BISCOTTI TRADING JAN TO MAY.pdf
,200GMX1012PCK BISGRAND BUTTER CRACKER,12.0,13.4,0.0,13.4,BISCOTTI TRADING PTE LTD,0.0,0.0,,BISCOTTI TRADING JAN TO MAY.pdf
,114GM X 12PCK BISCUIT MEFAR LEMON FLAVOURED,12.0,9.1,0.0,9.1,BISCOTTI TRADING PTE LTD,0.0,0.0,,BISCOTTI TRADING JAN TO MAY.pdf
,200GMX1012PCK BISCOLADA LIGHT TREAT CCSP,12.0,13.4,0.0,13.4,BISCOTTI TRADING PTE LTD,0.0,0.0,,BISCOTTI TRADING JAN TO MAY.pdf
,200GM10X24PCKS COLADA LIGHT TREAT CC SP,24.0,26.8,0.0,26.8,BISCOTTI TRADING PTE LTD,0.0,0.0,,BISCOTTI TRADING JAN TO MAY.pdf
,111GM X 12PCKS BISCUIT MEFAR COCO SANDWICH,12.0,9.1,0.0,9.1,BISCOTTI TRADING PTE LTD,0.0,0.0,,BISCOTTI TRADING JAN TO MAY.pdf
,175GM X 12PCK BPEANUT BUTTER SANDWICH,12.0,13.8,0.0,13.8,BISCOTTI TRADING PTE LTD,0.0,0.0,,BISCOTTI TRADING JAN TO MAY.pdf
,190GM X 12PCK BISCUIT LAVISH CHOCOLATE SWICH,12.0,13.4,0.0,13.4,BISCOTTI TRADING PTE LTD,0.0,0.0,,BISCOTTI TRADING JAN TO MAY.pdf
,190GM X 12PCK BISCUIT LAVISH PEANUT BUTTER SWISH,12.0,13.4,0.0,13.4,BISCOTTI TRADING PTE LTD,0.0,0.0,,BISCOTTI TRADING JAN TO MAY.pdf
,200GM X 12PCK BISCUIT LAVISH VEGETABLE CRACKER,12.0,13.4,0.0,13.4,BISCOTTI TRADING PTE LTD,0.0,0.0,,BISCOTTI TRADING JAN TO MAY.pdf
,114GM X 12PCK BISCUIT MEFAR CHOCOLATE SANDWICH,12.0,9.1,0.0,9.1,BISCOTTI TRADING PTE LTD,0.0,0.0,,BISCOTTI TRADING JAN TO MAY.pdf
,120GM X 12PCK BISCUIT PINEAPPLE JAM,12.0,7.0,0.0,7.0,BISCOTTI TRADING PTE LTD,0.0,0.0,,BISCOTTI TRADING JAN TO MAY.pdf
,175GM X 10PCK BISCUIT POPCORN CRACKER,10.0,7.2,0.0,7.2,BISCOTTI TRADING PTE LTD,0.0,0.0,,BISCOTTI TRADING JAN TO MAY.pdf
,152GM X 10PCK BISCUIT SUGAR CRACKER,10.0,6.8,0.0,6.8,BISCOTTI TRADING PTE LTD,0.0,0.0,,BISCOTTI TRADING JAN TO MAY.pdf
,240GM10X12PCKS COLADA BISCORNIVAL NAIYU,12.0,13.4,0.0,13.4,BISCOTTI TRADING PTE LTD,0.0,0.0,,BISCOTTI TRADING JAN TO MAY.pdf
,88GM X 24PCK BISCUIT CREAM CRACKER SP,24.0,8.1,0.0,8.1,BISCOTTI TRADING PTE LTD,0.0,0.0,,BISCOTTI TRADING JAN TO MAY.pdf
,120GM X 12PCK BISCUIT MEFAR COFFEE SAND(EXTRA,12.0,9.1,0.0,9.1,BISCOTTI TRADING PTE LTD,0.0,0.0,,BISCOTTI TRADING JAN TO MAY.pdf
,200GM10X12PCK COLADA BIS SWEETIES SUGAR CKER,12.0,13.4,0.0,13.4,BISCOTTI TRADING PTE LTD,0.0,0.0,,BISCOTTI TRADING JAN TO MAY.pdf
,120GM X 12PCK BISCUIT MEFAR CORN FLAVOURED,12.0,9.1,0.0,9.1,BISCOTTI TRADING PTE LTD,0.0,0.0,,BISCOTTI TRADING JAN TO MAY.pdf
,CAMMER LAUNDRY FLORAL 42KG X 4,4.0,13.52640450777092,0.0,13.52640450777092,CAMMER INDUSTRIES SDN BHD,0.0,0.0,,CAMMER INDUSTRIES.pdf
,CAMMER LAUNDRY LAVENDER 42 KG X 4,4.0,13.52640450777092,0.0,13.52640450777092,CAMMER INDUSTRIES SDN BHD,0.0,0.0,,CAMMER INDUSTRIES.pdf
,CAMMER TOILET BOWL CLEANER 500ML X 24,24.0,13.912873207992948,0.0,13.912873207992948,CAMMER INDUSTRIES SDN BHD,0.0,0.0,,CAMMER INDUSTRIES.pdf
,SURIA PLUS DISH PASTE 800G LEMON 12X800g,12.0,10.821123606216736,0.0,10.821123606216736,CAMMER INDUSTRIES SDN BHD,0.0,0.0,,CAMMER INDUSTRIES.pdf
,SURIA PLUS DISH PASTE 800G LIME 12 X 800g,12.0,10.821123606216736,0.0,10.821123606216736,CAMMER INDUSTRIES SDN BHD,0.0,0.0,,CAMMER INDUSTRIES.pdf
,NUTELLA GO 12X48G NEW (no return) (80050100) 4 Outctn,48.0,76.0,0.0,76.0,CANDY WORLD MARKETING (S) PTE LTD,0.0,0.0,,CANDY WORLD JAN TO MAY.pdf
,POLA SNACK ORIGINAL (PKT) 10X(10x15g),10.0,14.0,0.0,14.0,CANDY WORLD MARKETING (S) PTE LTD,0.0,0.0,,CANDY WORLD JAN TO MAY.pdf
,POLA SNACK SEAWEED (PKT) 10X(10x15g),10.0,14.0,0.0,14.0,CANDY WORLD MARKETING (S) PTE LTD,0.0,0.0,,CANDY WORLD JAN TO MAY.pdf
,CWM BLACK PLUM SLICE 10X70G,10.0,8.0,0.0,8.0,CANDY WORLD MARKETING (S) PTE LTD,0.0,0.0,,CANDY WORLD JAN TO MAY.pdf
,CWM CHERRY PLUM 10X80G,10.0,8.0,0.0,8.0,CANDY WORLD MARKETING (S) PTE LTD,0.0,0.0,,CANDY WORLD JAN TO MAY.pdf
,CWM CURED PRUNE 10X50G,10.0,8.0,0.0,8.0,CANDY WORLD MARKETING (S) PTE LTD,0.0,0.0,,CANDY WORLD JAN TO MAY.pdf
,CWM PEACH DICE 10X70G,10.0,8.0,0.0,8.0,CANDY WORLD MARKETING (S) PTE LTD,0.0,0.0,,CANDY WORLD JAN TO MAY.pdf
,CWM LEMON KUMQUAT 10X70G,10.0,8.0,0.0,8.0,CANDY WORLD MARKETING (S) PTE LTD,0.0,0.0,,CANDY WORLD JAN TO MAY.pdf
,CWM SEEDLESS LICORICE OLIVES 10X60G,10.0,8.0,0.0,8.0,CANDY WORLD MARKETING (S) PTE LTD,0.0,0.0,,CANDY WORLD JAN TO MAY.pdf
,CWM PRUNE FLESH 10X60G,10.0,8.0,0.0,8.0,CANDY WORLD MARKETING (S) PTE LTD,0.0,0.0,,CANDY WORLD JAN TO MAY.pdf
,CWM PRESERVED PLUM 10X80G,10.0,8.0,0.0,8.0,CANDY WORLD MARKETING (S) PTE LTD,0.0,0.0,,CANDY WORLD JAN TO MAY.pdf
,CWM ORANGE PEEL 10X70G,10.0,8.0,0.0,8.0,CANDY WORLD MARKETING (S) PTE LTD,0.0,0.0,,CANDY WORLD JAN TO MAY.pdf
,CWM RED SEEDLESS PLUM 10X70G,10.0,8.0,0.0,8.0,CANDY WORLD MARKETING (S) PTE LTD,0.0,0.0,,CANDY WORLD JAN TO MAY.pdf
,CWM SEEDLESS PLUM 10X70G,10.0,8.0,0.0,8.0,CANDY WORLD MARKETING (S) PTE LTD,0.0,0.0,,CANDY WORLD JAN TO MAY.pdf
,CWM SI QIN MEI 10X80G,10.0,8.0,0.0,8.0,CANDY WORLD MARKETING (S) PTE LTD,0.0,0.0,,CANDY WORLD JAN TO MAY.pdf
,CWM SEEDLESS PRUNE 10X30G,10.0,8.0,0.0,8.0,CANDY WORLD MARKETING (S) PTE LTD,0.0,0.0,,CANDY WORLD JAN TO MAY.pdf
,CWM SBERRY PRUNE (DRIED) 10X70G (),10.0,8.0,0.0,8.0,CANDY WORLD MARKETING (S) PTE LTD,0.0,0.0,,CANDY WORLD JAN TO MAY.pdf
,CWM WHITE PRUNE 10X70G,10.0,8.0,0.0,8.0,CANDY WORLD MARKETING (S) PTE LTD,0.0,0.0,,CANDY WORLD JAN TO MAY.pdf
,CWM SMALL WHITE PRUNE 10X70G,10.0,8.0,0.0,8.0,CANDY WORLD MARKETING (S) PTE LTD,0.0,0.0,,CANDY WORLD JAN TO MAY.pdf
,YAN YAN VANILLA 10X50G 44G (CUP) (No Return) 8 OUTCTN,80.0,61.6,0.0,61.6,CANDY WORLD MARKETING (S) PTE LTD,0.0,0.0,,CANDY WORLD JAN TO MAY.pdf
,YAN YAN CHOCOLATE 10X50G44G (No Return) 8 OUTCTN,80.0,61.6,0.0,61.6,CANDY WORLD MARKETING (S) PTE LTD,0.0,0.0,,CANDY WORLD JAN TO MAY.pdf
,YAN YAN STRAWBERRY 10X50G44G (No Return) 8 OUTCTN,80.0,61.6,0.0,61.6,CANDY WORLD MARKETING (S) PTE LTD,0.0,0.0,,CANDY WORLD JAN TO MAY.pdf
,CWM PAPAYA 10X110G,10.0,8.0,0.0,8.0,CANDY WORLD MARKETING (S) PTE LTD,0.0,0.0,,CANDY WORLD JAN TO MAY.pdf
,CHEWY GINGER (ORI) 4 (20PKT X 125G) 4PKGCTN,80.0,240.0,0.0,240.0,CANDY WORLD MARKETING (S) PTE LTD,0.0,0.0,,CANDY WORLD JAN TO MAY.pdf
,NFC MULBERRY JUICE (PKT) 8X100ML 8PKTOUT,8.0,7.0,0.0,7.0,CANDY WORLD MARKETING (S) PTE LTD,0.0,0.0,,CANDY WORLD JAN TO MAY.pdf
,LAVA BITES BUTTER CHOCO 15X200G 15BOXESCTN,15.0,39.0,0.0,39.0,CANDY WORLD MARKETING (S) PTE LTD,0.0,0.0,,CANDY WORLD JAN TO MAY.pdf
,LAVA BITES COOKIE CREAM 15X150G 15BOXESCTN,15.0,39.0,0.0,39.0,CANDY WORLD MARKETING (S) PTE LTD,0.0,0.0,,CANDY WORLD JAN TO MAY.pdf
,LAVA BITES DOUBLE CHOCO 15X200G 15BOXESCTN,15.0,39.0,0.0,39.0,CANDY WORLD MARKETING (S) PTE LTD,0.0,0.0,,CANDY WORLD JAN TO MAY.pdf
,LAVA BITES HOJICHA CREAM 15X150G 15BOXESCTN,15.0,39.0,0.0,39.0,CANDY WORLD MARKETING (S) PTE LTD,0.0,0.0,,CANDY WORLD JAN TO MAY.pdf
,LAVA BITES MATCHA 15X200G 15BOXESCTN,15.0,39.0,0.0,39.0,CANDY WORLD MARKETING (S) PTE LTD,0.0,0.0,,CANDY WORLD JAN TO MAY.pdf
,LAVA BITES MATCHA STRAWBERRY 15X150G 15BOXESCTN,15.0,39.0,0.0,39.0,CANDY WORLD MARKETING (S) PTE LTD,0.0,0.0,,CANDY WORLD JAN TO MAY.pdf
,LAVA BITES STRAWBERRY 15X150G 15BOXESCTN,15.0,39.0,0.0,39.0,CANDY WORLD MARKETING (S) PTE LTD,0.0,0.0,,CANDY WORLD JAN TO MAY.pdf
,Coffeehock CoffeeO Kosong Mixture Bags 8s x 10g,8.0,7.6,0.0,7.6,COFFEEHOCK (2006) PTE LTD,0.0,0.0,,COFFEE HOCK JAN TO MAY.pdf
,Coffeehock 2in1 CoffeeO Mixture Bag with Less Sugar 8s,8.0,7.6,0.0,7.6,COFFEEHOCK (2006) PTE LTD,0.0,0.0,,COFFEE HOCK JAN TO MAY.pdf
,Coffeehock 2in1 Less Sugar TehO Ceylon Tea Bag with Brown Raw Sugar 10s,10.0,9.5,0.0,9.5,COFFEEHOCK (2006) PTE LTD,0.0,0.0,,COFFEE HOCK JAN TO MAY.pdf
,BAYGON AEROSOL MIK TWINPACK6X2SX600ML 311918 BAYGON MULTI INSECT KILLER 2SX600ML,12.0,74.77,0.0,74.77,DKSH SINGAPORE PTE LTD,0.0,0.0,,DKSH.pdf
,BAYGON MIK AEROSOL 12 X 300ML 3109281 BAYGON MULTI INSECT KILLER 300ML,12.0,46.5,0.0,46.5,DKSH SINGAPORE PTE LTD,0.0,0.0,,DKSH.pdf
,BAYGON DEFENSE FIK 12X600ML 343826 BAYGON DEFENSE FIK 12X600ML,12.0,54.66,0.0,54.66,DKSH SINGAPORE PTE LTD,0.0,0.0,,DKSH.pdf
,Cats TastePurrfect Balance Tuna in Gravy,1.0,0.97,0.0,0.97,DP PETS,0.0,0.0,,DP PETS JAN TO MAY.pdf
,Cats Taste Purrfect Balance Tuna topped with Chicken in Gravy,1.0,0.97,0.0,0.97,DP PETS,0.0,0.0,,DP PETS JAN TO MAY.pdf
,Cats Taste Purrfect Balance Tuna topped with Salmon in Gravy,1.0,0.97,0.0,0.97,DP PETS,0.0,0.0,,DP PETS JAN TO MAY.pdf
,Cats Taste Purrfect Balance Tuna topped with Duck in Gravy,1.0,0.97,0.0,0.97,DP PETS,0.0,0.0,,DP PETS JAN TO MAY.pdf
,Cats TasteTuna in Jelly (Pouch) 12x75g,12.0,7.8,0.0,7.8,DP PETS,0.0,0.0,,DP PETS JAN TO MAY.pdf
,Cats Taste Tuna topped with Chicken in Jelly (Pouch) 12x75g,12.0,7.8,0.0,7.8,DP PETS,0.0,0.0,,DP PETS JAN TO MAY.pdf
,Cats Taste Tuna topped with Shirasu in Jelly (Pouch) 12x75g,12.0,7.8,0.0,7.8,DP PETS,0.0,0.0,,DP PETS JAN TO MAY.pdf
,Cats Taste Tuna topped with Salmon in Jelly (Pouch) 12x75g,12.0,7.8,0.0,7.8,DP PETS,0.0,0.0,,DP PETS JAN TO MAY.pdf
,Cats Taste Tuna in Gravy (Pouch) 12x75g,12.0,7.8,0.0,7.8,DP PETS,0.0,0.0,,DP PETS JAN TO MAY.pdf
,Cats Taste Tuna topped with Chicken in Gravy (Pouch) 12x75g,12.0,7.8,0.0,7.8,DP PETS,0.0,0.0,,DP PETS JAN TO MAY.pdf
,Cats Taste Tuna topped with Salmon in Gravy (Pouch) 12x75g,12.0,7.8,0.0,7.8,DP PETS,0.0,0.0,,DP PETS JAN TO MAY.pdf
,Amelisa Pet CoRawly Stick Duck Carrot 4PCS PCK,1.0,1.05,0.0,1.05,DP PETS,0.0,0.0,,DP PETS JAN TO MAY.pdf
,Amelisa Pet CoRawly Stick Cod Fish Fish Roe 4PCS PCK,1.0,1.05,0.0,1.05,DP PETS,0.0,0.0,,DP PETS JAN TO MAY.pdf
,Amelisa Pet CoRawly Stick Plus Tuna Cranberry 4PCS PCK,1.0,1.05,0.0,1.05,DP PETS,0.0,0.0,,DP PETS JAN TO MAY.pdf
,Amelisa Pet CoRawly Stick Chicken Goat Milk 4PCS PCK,1.0,1.05,0.0,1.05,DP PETS,0.0,0.0,,DP PETS JAN TO MAY.pdf
,Amelisa Pet CoRawly Stick Salmon Egg Yolk 4PCS PCK,1.0,1.05,0.0,1.05,DP PETS,0.0,0.0,,DP PETS JAN TO MAY.pdf
,EV1215 100X24S card Sin,24.0,4224.0,0.0,4224.0,EVERGREEN ENTERPRISE,0.0,0.0,,EVERGREEN ENTERPRISE.pdf
,E11212 1000x14 card Sin,14.0,26600.0,0.0,26600.0,EVERGREEN ENTERPRISE,0.0,0.0,,EVERGREEN ENTERPRISE.pdf
,GP uitiva AA x6S,6.0,11.52,0.0,11.52,EVERGREEN ENTERPRISE,0.0,0.0,,EVERGREEN ENTERPRISE.pdf
,Go uofra Aoex,1.0,1.92,0.0,1.92,EVERGREEN ENTERPRISE,0.0,0.0,,EVERGREEN ENTERPRISE.pdf
,EV121500x14 card Sin,14.0,12.32,0.0,12.32,EVERGREEN ENTERPRISE,0.0,0.0,,EVERGREEN ENTERPRISE.pdf
,EV1212000245 card,1.0,0.88,0.0,0.88,EVERGREEN ENTERPRISE,0.0,0.0,,EVERGREEN ENTERPRISE.pdf
,maxell Aikaine DAX8S,8.0,15.2,0.0,15.2,EVERGREEN ENTERPRISE,0.0,0.0,,EVERGREEN ENTERPRISE.pdf
,maxel Arkaire ADO0x83,83.0,157.7,0.0,157.7,EVERGREEN ENTERPRISE,0.0,0.0,,EVERGREEN ENTERPRISE.pdf
,Enalizer maxADA x 6S,6.0,15.0,0.0,15.0,EVERGREEN ENTERPRISE,0.0,0.0,,EVERGREEN ENTERPRISE.pdf
,Endfrer max Aex13,13.0,32.5,0.0,32.5,EVERGREEN ENTERPRISE,0.0,0.0,,EVERGREEN ENTERPRISE.pdf
,Everfizer max ne,1.0,2.4,0.0,2.4,EVERGREEN ENTERPRISE,0.0,0.0,,EVERGREEN ENTERPRISE.pdf
,Ederizer max 1808,1.0,2.4,0.0,2.4,EVERGREEN ENTERPRISE,0.0,0.0,,EVERGREEN ENTERPRISE.pdf
,EV1215 card sin,1.0,1.76,0.0,1.76,EVERGREEN ENTERPRISE,0.0,0.0,,EVERGREEN ENTERPRISE.pdf
,Ex1212000 card,1.0,1.9,0.0,1.9,EVERGREEN ENTERPRISE,0.0,0.0,,EVERGREEN ENTERPRISE.pdf
,GD 00x63,63.0,120.96,0.0,120.96,EVERGREEN ENTERPRISE,0.0,0.0,,EVERGREEN ENTERPRISE.pdf
,6 800x65,65.0,124.8,0.0,124.8,EVERGREEN ENTERPRISE,0.0,0.0,,EVERGREEN ENTERPRISE.pdf
,PowerPac 3 Way Ext 2Meter,1.0,5.9,0.0,5.9,EVERSON ELECTRICAL (S) PTE LTD,0.0,0.0,,EVERSON ELECTRICAL.pdf
,PowerPac 4 Way Ext 2Meter(1240386),1.0,6.9,0.0,6.9,EVERSON ELECTRICAL (S) PTE LTD,0.0,0.0,,EVERSON ELECTRICAL.pdf
,PowerPac 3 Way Ext 3Meter WNeon,1.0,7.5,0.0,7.5,EVERSON ELECTRICAL (S) PTE LTD,0.0,0.0,,EVERSON ELECTRICAL.pdf
,PowerPac 3 Way Adaptor (1240524),1.0,2.72,0.0,2.72,EVERSON ELECTRICAL (S) PTE LTD,0.0,0.0,,EVERSON ELECTRICAL.pdf
,PowerPac 3 Way Adaptor W Switch,1.0,4.68,0.0,4.68,EVERSON ELECTRICAL (S) PTE LTD,0.0,0.0,,EVERSON ELECTRICAL.pdf
,PowerPac LED Night Light with Switch (1240408),1.0,3.6,0.0,3.6,EVERSON ELECTRICAL (S) PTE LTD,0.0,0.0,,EVERSON ELECTRICAL.pdf
,MILO PKT DRINKS 200 ML MY,4.0,11.3,0.0,11.3,HOCK LEONG TECK KEE PTE LTD,0.0,0.0,,HOCK LEONG TECK.pdf
,HSC OLDENLANDIA WATER 325ML,24.0,12.5,0.0,12.5,HOCK LEONG TECK KEE PTE LTD,0.0,0.0,,HOCK LEONG TECK.pdf
,REDBULL (THAI) 250 ML,24.0,11.6,0.0,11.6,HOCK LEONG TECK KEE PTE LTD,0.0,0.0,,HOCK LEONG TECK.pdf
,POKKA GREEN TEA CAN MY,24.0,9.9,0.0,9.9,HOCK LEONG TECK KEE PTE LTD,0.0,0.0,,HOCK LEONG TECK.pdf
,RIBENA CHEER PACK (O) 300MLX24,24.0,17.5,0.0,17.5,HOCK LEONG TECK KEE PTE LTD,0.0,0.0,,HOCK LEONG TECK.pdf
,POKKA OOLONG TEA (CAN),24.0,12.3,0.0,12.3,HOCK LEONG TECK KEE PTE LTD,0.0,0.0,,HOCK LEONG TECK.pdf
,QOO WHITE GRAPE CAN 12X300ML,12.0,6.1,0.0,6.1,HOCK LEONG TECK KEE PTE LTD,0.0,0.0,,HOCK LEONG TECK.pdf
,POKKA SOURSOP JUICE (CAN),24.0,12.3,0.0,12.3,HOCK LEONG TECK KEE PTE LTD,0.0,0.0,,HOCK LEONG TECK.pdf
,7UP 24X320ML CAN,24.0,7.8,0.0,7.8,HOCK LEONG TECK KEE PTE LTD,0.0,0.0,,HOCK LEONG TECK.pdf
,COKE ZERO 15L X 12 BOT (S),12.0,11.8,0.0,11.8,HOCK LEONG TECK KEE PTE LTD,0.0,0.0,,HOCK LEONG TECK.pdf
,COKE ZERO CAN 24X320ML,24.0,11.5,0.0,11.5,HOCK LEONG TECK KEE PTE LTD,0.0,0.0,,HOCK LEONG TECK.pdf
,MOUNTAIN DEW 24X320ML CAN,24.0,8.0,0.0,8.0,HOCK LEONG TECK KEE PTE LTD,0.0,0.0,,HOCK LEONG TECK.pdf
,MUG SARSAPARILLA CAN,24.0,8.0,0.0,8.0,HOCK LEONG TECK KEE PTE LTD,0.0,0.0,,HOCK LEONG TECK.pdf
,PEPSI COLA 24X320ML (CAN),24.0,7.8,0.0,7.8,HOCK LEONG TECK KEE PTE LTD,0.0,0.0,,HOCK LEONG TECK.pdf
,100PLUS 28X325ML,28.0,10.2,0.0,10.2,HOCK LEONG TECK KEE PTE LTD,0.0,0.0,,HOCK LEONG TECK.pdf
,COKE 320MLX12 (MY),12.0,4.65,0.0,4.65,HOCK LEONG TECK KEE PTE LTD,0.0,0.0,,HOCK LEONG TECK.pdf
,100 PLUS ZERO 500ML (MY),24.0,14.5,0.0,14.5,HOCK LEONG TECK KEE PTE LTD,0.0,0.0,,HOCK LEONG TECK.pdf
,COKE (MY) 320MLX24,24.0,9.3,0.0,9.3,HOCK LEONG TECK KEE PTE LTD,0.0,0.0,,HOCK LEONG TECK.pdf
,100 PLUS CAN (MY) X24,24.0,9.8,0.0,9.8,HOCK LEONG TECK KEE PTE LTD,0.0,0.0,,HOCK LEONG TECK.pdf
,RIBENA CHEER PACK (O) 330ML,24.0,17.6,0.0,17.6,HOCK LEONG TECK KEE PTE LTD,0.0,0.0,,HOCK LEONG TECK.pdf
,100 PLUS ORIGINAL 500ML(MY),24.0,12.8,0.0,12.8,HOCK LEONG TECK KEE PTE LTD,0.0,0.0,,HOCK LEONG TECK.pdf
,FN SODA WATER CAN X24 320ml,24.0,4.5,0.0,4.5,HOCK LEONG TECK KEE PTE LTD,0.0,0.0,,HOCK LEONG TECK.pdf
,POKKA ICE LEMON TEA (CAN),24.0,11.0,0.0,11.0,HOCK LEONG TECK KEE PTE LTD,0.0,0.0,,HOCK LEONG TECK.pdf
,POKKA (PKT) LEMON TEA,4.0,8.2,0.0,8.2,HOCK LEONG TECK KEE PTE LTD,0.0,0.0,,HOCK LEONG TECK.pdf
,1500ML POKKA ICE LEMON TEA BOT,12.0,18.5,0.0,18.5,HOCK LEONG TECK KEE PTE LTD,0.0,0.0,,HOCK LEONG TECK.pdf
,500ML POKKA GREEN TEA BOT,24.0,17.5,0.0,17.5,HOCK LEONG TECK KEE PTE LTD,0.0,0.0,,HOCK LEONG TECK.pdf
,1500ML POKKA PEACH TEA BOT,12.0,18.5,0.0,18.5,HOCK LEONG TECK KEE PTE LTD,0.0,0.0,,HOCK LEONG TECK.pdf
,YEOS 24X250ML PKT CHRYSANTHEMUM,4.0,5.9,0.0,5.9,HOCK LEONG TECK KEE PTE LTD,0.0,0.0,,HOCK LEONG TECK.pdf
,(HOUTEN BRAND) Chilli Tapioca Chips 1bag x 20pkts x 35g x 8s,20.0,60.44,0.0,60.44,SINGAPORE HOUTEN PTE LTD,0.0,0.0,,houten.pdf
,Doritos Nacho Cheese 75g,64.0,39.68,0.0,39.68,LIVERPOOL INTERNATIONAL PTE LTD,0.0,0.0,,LIVERPOOL .pdf
,Dettol Liquid OriginalL Squeeze 100ml,96.0,43.2,0.0,43.2,LIVERPOOL INTERNATIONAL PTE LTD,0.0,0.0,,LIVERPOOL .pdf
,Dettol Liquid Aloe Coco Handwash 250ml 200ml Refill,16.0,31.36,0.0,31.36,LIVERPOOL INTERNATIONAL PTE LTD,0.0,0.0,,LIVERPOOL .pdf
,Dettol Skincare Handwash 200ml 175ml,24.0,30.0,0.0,30.0,LIVERPOOL INTERNATIONAL PTE LTD,0.0,0.0,,LIVERPOOL .pdf
,Dettol Original Handwash 200ml 175ml,24.0,30.0,0.0,30.0,LIVERPOOL INTERNATIONAL PTE LTD,0.0,0.0,,LIVERPOOL .pdf
,Dettol Liquid Handwash Strawberry 250ml 200ml Refill,16.0,31.36,0.0,31.36,LIVERPOOL INTERNATIONAL PTE LTD,0.0,0.0,,LIVERPOOL .pdf
,Dettol Handwash Liquid 175ml x 3s,60.0,37.8,0.0,37.8,LIVERPOOL INTERNATIONAL PTE LTD,0.0,0.0,,LIVERPOOL .pdf
,Cadbury Gems Surprise 1469g,108.0,62.64,0.0,62.64,LIVERPOOL INTERNATIONAL PTE LTD,0.0,0.0,,LIVERPOOL .pdf
,Ferrero Moments T16 928g,24.0,75.6,0.0,75.6,LIVERPOOL INTERNATIONAL PTE LTD,0.0,0.0,,LIVERPOOL .pdf
,Kitkat 285g,504.0,141.12,0.0,141.12,LIVERPOOL INTERNATIONAL PTE LTD,0.0,0.0,,LIVERPOOL .pdf
,Biscuit SKM Homy 80,1.0,2.2,0.0,2.2,LOKE KEE BISCUITS AND CAKE SHOP SDN BHD,0.0,0.0,,LOKE KEE.pdf
,Red Pack SKM 12138,1.0,1.6,0.0,1.6,LOKE KEE BISCUITS AND CAKE SHOP SDN BHD,0.0,0.0,,LOKE KEE.pdf
,Black Sugar Peanut 200gm 1235,1.0,2.8,0.0,2.8,LOKE KEE BISCUITS AND CAKE SHOP SDN BHD,0.0,0.0,,LOKE KEE.pdf
,Lou Poh Ben 27,1.0,1.4,0.0,1.4,LOKE KEE BISCUITS AND CAKE SHOP SDN BHD,0.0,0.0,,LOKE KEE.pdf
,Heong Peah (D) x23,1.0,2.5,0.0,2.5,LOKE KEE BISCUITS AND CAKE SHOP SDN BHD,0.0,0.0,,LOKE KEE.pdf
,Heong Peah (Ori) 2479,1.0,1.8,0.0,1.8,LOKE KEE BISCUITS AND CAKE SHOP SDN BHD,0.0,0.0,,LOKE KEE.pdf
,Heong Peah (CO),1.0,1.95,0.0,1.95,LOKE KEE BISCUITS AND CAKE SHOP SDN BHD,0.0,0.0,,LOKE KEE.pdf
,Original Crispy Thin 12137,1.0,0.95,0.0,0.95,LOKE KEE BISCUITS AND CAKE SHOP SDN BHD,0.0,0.0,,LOKE KEE.pdf
,Hup Toh Soh 2481,1.0,1.85,0.0,1.85,LOKE KEE BISCUITS AND CAKE SHOP SDN BHD,0.0,0.0,,LOKE KEE.pdf
,60GX5PX6B SILVER BAG MAMA SHRIMP TOM YUM NOODLES,6.0,10.45,0.0,10.45,MENG CHONG FOODSTUFFS PRIVATE LIMITED,0.0,0.0,,mengchong Jan to May.pdf
,60GMSX5PX6B MAMA CREAMY SHRIMP TOM YAM NOODLES,6.0,10.45,0.0,10.45,MENG CHONG FOODSTUFFS PRIVATE LIMITED,0.0,0.0,,mengchong Jan to May.pdf
,55GMX5PX6B MAMA CLEAR SOUP RICE VERMICELLI,6.0,10.91,0.0,10.91,MENG CHONG FOODSTUFFS PRIVATE LIMITED,0.0,0.0,,mengchong Jan to May.pdf
,55GX5PX6B MAMA RVERM TY KOONG,6.0,10.91,0.0,10.91,MENG CHONG FOODSTUFFS PRIVATE LIMITED,0.0,0.0,,mengchong Jan to May.pdf
,Sure Clean Sabun Cuci Berkualiti 5kg Lemon 1*3,3.0,11.892264392763527,0.0,11.892264392763527,BIO CLEAN SUPPLY SDN. BHD.,0.0,0.0,,BIO CLEAN SUPPLY JAN TO MAY.pdf
,Sure Clean Sabun Çuçi Berkualiti 5kg Lavender 1*3,3.0,11.892264392763527,0.0,11.892264392763527,BIO CLEAN SUPPLY SDN. BHD.,0.0,0.0,,BIO CLEAN SUPPLY JAN TO MAY.pdf
,SC Pewangi Fabric Softener Affinity 700ml 1*18,18.0,11.187036691161792,0.0,11.187036691161792,BIO CLEAN SUPPLY SDN. BHD.,0.0,0.0,,BIO CLEAN SUPPLY JAN TO MAY.pdf
,SC Waching Machine Cleaner 200g 1*24,24.0,14.065911418248332,0.0,14.065911418248332,BIO CLEAN SUPPLY SDN. BHD.,0.0,0.0,,BIO CLEAN SUPPLY JAN TO MAY.pdf
,Sure Clean Dishwash Liquid Lemon With Pump 4 Liter 1*4,4.0,10.059960455725223,0.0,10.059960455725223,BIO CLEAN SUPPLY SDN. BHD.,0.0,0.0,,BIO CLEAN SUPPLY JAN TO MAY.pdf
,FB Bio Dishwash Lime 900ml 1*16,16.0,10.768408375142494,0.0,10.768408375142494,BIO CLEAN SUPPLY SDN. BHD.,0.0,0.0,,BIO CLEAN SUPPLY JAN TO MAY.pdf
,FB Bio Dishwash Lemon 900ml 1*16,16.0,10.768408375142494,0.0,10.768408375142494,BIO CLEAN SUPPLY SDN. BHD.,0.0,0.0,,BIO CLEAN SUPPLY JAN TO MAY.pdf
,FS Bleach 1 Litre 1*12,12.0,7.651237529706511,0.0,7.651237529706511,BIO CLEAN SUPPLY SDN. BHD.,0.0,0.0,,BIO CLEAN SUPPLY JAN TO MAY.pdf
,FB Floor Cleaner Lavender 1.2kg 1*12,12.0,8.269519350288855,0.0,8.269519350288855,BIO CLEAN SUPPLY SDN. BHD.,0.0,0.0,,BIO CLEAN SUPPLY JAN TO MAY.pdf
,FB Floor Cleaner Relaxing Rose 1.2kg 1*12,12.0,8.269519350288855,0.0,8.269519350288855,BIO CLEAN SUPPLY SDN. BHD.,0.0,0.0,,BIO CLEAN SUPPLY JAN TO MAY.pdf
,Sure Clean Antibacterial Hand Wash Apple 700g 1*18,18.0,11.476856294559765,0.0,11.476856294559765,BIO CLEAN SUPPLY SDN. BHD.,0.0,0.0,,BIO CLEAN SUPPLY JAN TO MAY.pdf
,Sure Clean Antibacterial Hand Wash Orange 700g 1*18,18.0,11.476856294559765,0.0,11.476856294559765,BIO CLEAN SUPPLY SDN. BHD.,0.0,0.0,,BIO CLEAN SUPPLY JAN TO MAY.pdf
,Sure Clean Antibacterial Hand Wash Peach 700g 1*18,18.0,11.476856294559765,0.0,11.476856294559765,BIO CLEAN SUPPLY SDN. BHD.,0.0,0.0,,BIO CLEAN SUPPLY JAN TO MAY.pdf
,Sure Clean Antibacterial Hand Wash Strawberry 700g 1*18,18.0,11.476856294559765,0.0,11.476856294559765,BIO CLEAN SUPPLY SDN. BHD.,0.0,0.0,,BIO CLEAN SUPPLY JAN TO MAY.pdf
,Totalclean Anti Bacterial Hand Wash Lavender Eternity 700g 1*18,18.0,11.476856294559765,0.0,11.476856294559765,BIO CLEAN SUPPLY SDN. BHD.,0.0,0.0,,BIO CLEAN SUPPLY JAN TO MAY.pdf
,SC Concentrated Floor Cleaner 3 Litre Apple 1*6,6.0,9.31286992252156,0.0,9.31286992252156,BIO CLEAN SUPPLY SDN. BHD.,0.0,0.0,,BIO CLEAN SUPPLY JAN TO MAY.pdf
,SC Concentrated Floor Cleaner 3 Litre Lavender 1*6,6.0,9.31286992252156,0.0,9.31286992252156,BIO CLEAN SUPPLY SDN. BHD.,0.0,0.0,,BIO CLEAN SUPPLY JAN TO MAY.pdf
,SC Liquid Detergent Active Clean 700ml 1*18,18.0,11.187036691161792,0.0,11.187036691161792,BIO CLEAN SUPPLY SDN. BHD.,0.0,0.0,,BIO CLEAN SUPPLY JAN TO MAY.pdf
,SC Liquid Detergent Odor Removal 700ml 1*18,18.0,11.187036691161792,0.0,11.187036691161792,BIO CLEAN SUPPLY SDN. BHD.,0.0,0.0,,BIO CLEAN SUPPLY JAN TO MAY.pdf
,SC Liquid Detergent Active Clean 4.3kg 1*4,4.0,13.640842666597967,0.0,13.640842666597967,BIO CLEAN SUPPLY SDN. BHD.,0.0,0.0,,BIO CLEAN SUPPLY JAN TO MAY.pdf
,SC Liquid Detergent Odor Removal 4.3kg 1*4,4.0,13.640842666597967,0.0,13.640842666597967,BIO CLEAN SUPPLY SDN. BHD.,0.0,0.0,,BIO CLEAN SUPPLY JAN TO MAY.pdf
,SC Liquid Detergent Super White 4.3kg 1*4,4.0,13.640842666597967,0.0,13.640842666597967,BIO CLEAN SUPPLY SDN. BHD.,0.0,0.0,,BIO CLEAN SUPPLY JAN TO MAY.pdf
,SC Laundry Detergent With Softener 2in1 Silky Soft 4.3kg 1*4,4.0,13.640842666597967,0.0,13.640842666597967,BIO CLEAN SUPPLY SDN. BHD.,0.0,0.0,,BIO CLEAN SUPPLY JAN TO MAY.pdf
,Sure Clean Sabun Cuci Berkualiti 2.3kg Cherry Blossom 1*6,6.0,14.87740630776266,0.0,14.87740630776266,BIO CLEAN SUPPLY SDN. BHD.,0.0,0.0,,BIO CLEAN SUPPLY JAN TO MAY.pdf
,Sure Clean Sabun Cuci Berkualiti 2.3kg Purple Lavender 1*6,6.0,14.87740630776266,0.0,14.87740630776266,BIO CLEAN SUPPLY SDN. BHD.,0.0,0.0,,BIO CLEAN SUPPLY JAN TO MAY.pdf
,Sure Clean Sabun Cuci Berkualiti 2.3kg Miracle 1*6,6.0,14.87740630776266,0.0,14.87740630776266,BIO CLEAN SUPPLY SDN. BHD.,0.0,0.0,,BIO CLEAN SUPPLY JAN TO MAY.pdf
,Sure Clean Drain Clog Remover 750ml 1*18,18.0,11.187036691161792,0.0,11.187036691161792,BIO CLEAN SUPPLY SDN. BHD.,0.0,0.0,,BIO CLEAN SUPPLY JAN TO MAY.pdf
,Sure Clean Dishwash Liquid Lime With Pump 4 Liter 1*4,4.0,10.059960455725223,0.0,10.059960455725223,BIO CLEAN SUPPLY SDN. BHD.,0.0,0.0,,BIO CLEAN SUPPLY JAN TO MAY.pdf
,Sure Clean Dishwash Paste 950g Lime 1*18,18.0,15.5343307421314,0.0,15.5343307421314,BIO CLEAN SUPPLY SDN. BHD.,0.0,0.0,,BIO CLEAN SUPPLY JAN TO MAY.pdf
,Sure Clean Dishwash Paste 950g Lemon 1*18,18.0,15.5343307421314,0.0,15.5343307421314,BIO CLEAN SUPPLY SDN. BHD.,0.0,0.0,,BIO CLEAN SUPPLY JAN TO MAY.pdf
,FS Bleach 1kg Lavender 1*12,12.0,7.573952302133716,0.0,7.573952302133716,BIO CLEAN SUPPLY SDN. BHD.,0.0,0.0,,BIO CLEAN SUPPLY JAN TO MAY.pdf
,PS Bleach 1kg Lemon 1*12,12.0,7.651237529706511,0.0,7.651237529706511,BIO CLEAN SUPPLY SDN. BHD.,0.0,0.0,,BIO CLEAN SUPPLY JAN TO MAY.pdf
,SC Stain Remover 1 Litre 1*12,12.0,7.651237529706511,0.0,7.651237529706511,BIO CLEAN SUPPLY SDN. BHD.,0.0,0.0,,BIO CLEAN SUPPLY JAN TO MAY.pdf
,Inxpire Cleansing & Moisturizing Shower Gel Royal Jelly + Peach 2100ml 1*8,8.0,17.363414461354168,0.0,17.363414461354168,BIO CLEAN SUPPLY SDN. BHD.,0.0,0.0,,BIO CLEAN SUPPLY JAN TO MAY.pdf
,Inxpire Cleansing & Moisturizing Shower Gel Cherry Blossom + Apple 2100ml 1*8,8.0,17.363414461354168,0.0,17.363414461354168,BIO CLEAN SUPPLY SDN. BHD.,0.0,0.0,,BIO CLEAN SUPPLY JAN TO MAY.pdf
,SC Fabric Softener 4.2 Liter Spring Burst 1*4,4.0,13.640842666597967,0.0,13.640842666597967,BIO CLEAN SUPPLY SDN. BHD.,0.0,0.0,,BIO CLEAN SUPPLY JAN TO MAY.pdf
,SC Fabric Softener 4.2 Liter Lavender 1*4,4.0,13.640842666597967,0.0,13.640842666597967,BIO CLEAN SUPPLY SDN. BHD.,0.0,0.0,,BIO CLEAN SUPPLY JAN TO MAY.pdf
,SC Bleach 3.8kg Lemon 1*6,6.0,9.274227308735163,0.0,9.274227308735163,BIO CLEAN SUPPLY SDN. BHD.,0.0,0.0,,BIO CLEAN SUPPLY JAN TO MAY.pdf
,SC Pewangi Fabric Softener Romance Rose 1.8 Liter 1*8,8.0,8.8878011708712,0.0,8.8878011708712,BIO CLEAN SUPPLY SDN. BHD.,0.0,0.0,,BIO CLEAN SUPPLY JAN TO MAY.pdf
,SC Pewangi Fabric Softener Lavender Bouquet 1.8 Liter 1*8,8.0,8.8878011708712,0.0,8.8878011708712,BIO CLEAN SUPPLY SDN. BHD.,0.0,0.0,,BIO CLEAN SUPPLY JAN TO MAY.pdf
,Sure Clean Drain Clog Remover 500ml 1*24,24.0,13.911340963102749,0.0,13.911340963102749,BIO CLEAN SUPPLY SDN. BHD.,0.0,0.0,,BIO CLEAN SUPPLY JAN TO MAY.pdf
,Sure Clean Bubble Hand Wash Grape Berry ±315g 1*36,36.0,20.86701144465412,0.0,20.86701144465412,BIO CLEAN SUPPLY SDN. BHD.,0.0,0.0,,BIO CLEAN SUPPLY JAN TO MAY.pdf
,KHY Black Spicy Latiao 8*12*12~Not Ret~,144.0,28.5935085007728,0.0,28.5935085007728,JB YAP BROTHERS FOOD SDN. BHD.,0.0,0.0,,JB YAP JAN TO MAY.pdf
,Yellow Spicy 6*12*12,144.0,28.5935085007728,0.0,28.5935085007728,JB YAP BROTHERS FOOD SDN. BHD.,0.0,0.0,,JB YAP JAN TO MAY.pdf
,Jomei Big Spicy Snack 12*12+2~Not Ret~,144.0,28.5935085007728,0.0,28.5935085007728,JB YAP BROTHERS FOOD SDN. BHD.,0.0,0.0,,JB YAP JAN TO MAY.pdf
,AKIKO Fruity M/Mallow Twist 85g*40(B),40.0,25.11591962905719,0.0,25.11591962905719,JB YAP BROTHERS FOOD SDN. BHD.,0.0,0.0,,JB YAP JAN TO MAY.pdf
,AKIKO V/Food Pastel Marshmallow 60g*50,50.0,31.39489953632149,0.0,31.39489953632149,JB YAP BROTHERS FOOD SDN. BHD.,0.0,0.0,,JB YAP JAN TO MAY.pdf
,BIKA Ayam H 60g*10*6,60.0,27.43431221020093,0.0,27.43431221020093,JB YAP BROTHERS FOOD SDN. BHD.,0.0,0.0,,JB YAP JAN TO MAY.pdf
,BF Sour Powder+L/Pop 72g*12*24,24.0,21.25193199381762,0.0,21.25193199381762,JB YAP BROTHERS FOOD SDN. BHD.,0.0,0.0,,JB YAP JAN TO MAY.pdf
,BORO Original 195g*36,36.0,34.19629057187017,0.0,34.19629057187017,JB YAP BROTHERS FOOD SDN. BHD.,0.0,0.0,,JB YAP JAN TO MAY.pdf
,BORO Pandan 195g*36,36.0,34.19629057187017,0.0,34.19629057187017,JB YAP BROTHERS FOOD SDN. BHD.,0.0,0.0,,JB YAP JAN TO MAY.pdf
,CORNTOZ F/P Chili Cheez(P) 15g*8*10,10.0,8.049974240082433,0.0,8.049974240082433,JB YAP BROTHERS FOOD SDN. BHD.,0.0,0.0,,JB YAP JAN TO MAY.pdf
,CORNTOZ F/P Hotz & Spicy(M) 15g*8*10,10.0,8.049974240082433,0.0,8.049974240082433,JB YAP BROTHERS FOOD SDN. BHD.,0.0,0.0,,JB YAP JAN TO MAY.pdf
,FIZZY Kola 120g*48,48.0,31.684698608964453,0.0,31.684698608964453,JB YAP BROTHERS FOOD SDN. BHD.,0.0,0.0,,JB YAP JAN TO MAY.pdf
,120g*48 FRUIT PLUS Apple,48.0,31.684698608964453,0.0,31.684698608964453,JB YAP BROTHERS FOOD SDN. BHD.,0.0,0.0,,JB YAP JAN TO MAY.pdf
,120g*48 FRUIT PLUS B'Currant,48.0,31.684698608964453,0.0,31.684698608964453,JB YAP BROTHERS FOOD SDN. BHD.,0.0,0.0,,JB YAP JAN TO MAY.pdf
,120g*48 FRUIT PLUS Lychee,48.0,31.684698608964453,0.0,31.684698608964453,JB YAP BROTHERS FOOD SDN. BHD.,0.0,0.0,,JB YAP JAN TO MAY.pdf
,120g*48 FRUIT PLUS Mango,48.0,31.684698608964453,0.0,31.684698608964453,JB YAP BROTHERS FOOD SDN. BHD.,0.0,0.0,,JB YAP JAN TO MAY.pdf
,120g*48 FRUIT PLUS S'Berry,48.0,31.684698608964453,0.0,31.684698608964453,JB YAP BROTHERS FOOD SDN. BHD.,0.0,0.0,,JB YAP JAN TO MAY.pdf
,40g*10*15 Kuaci Rama-Rama Marjerin,150.0,43.71136012364761,0.0,43.71136012364761,JB YAP BROTHERS FOOD SDN. BHD.,0.0,0.0,,JB YAP JAN TO MAY.pdf
,JOYSTIX B. Coated W Choco & S'Berry flv (15g*2)*12*6,72.0,24.72952086553323,0.0,24.72952086553323,JB YAP BROTHERS FOOD SDN. BHD.,0.0,0.0,,JB YAP JAN TO MAY.pdf
,JOYSTIX B.Coated W Choco & Vanilla flv (15g*2)*12*6,72.0,24.72952086553323,0.0,24.72952086553323,JB YAP BROTHERS FOOD SDN. BHD.,0.0,0.0,,JB YAP JAN TO MAY.pdf
,MAMEE Cup Chicken 63g*6+2*8,64.0,22.70092735703246,0.0,22.70092735703246,JB YAP BROTHERS FOOD SDN. BHD.,0.0,0.0,,JB YAP JAN TO MAY.pdf
,MAMEE Cup Curry 63g*6+2*8,64.0,22.70092735703246,0.0,22.70092735703246,JB YAP BROTHERS FOOD SDN. BHD.,0.0,0.0,,JB YAP JAN TO MAY.pdf
,MAMEE Cup Tomyam 60g*6+2*8,64.0,22.70092735703246,0.0,22.70092735703246,JB YAP BROTHERS FOOD SDN. BHD.,0.0,0.0,,JB YAP JAN TO MAY.pdf
,MAMEE Cup Vege 64g*6+2*8,64.0,22.70092735703246,0.0,22.70092735703246,JB YAP BROTHERS FOOD SDN. BHD.,0.0,0.0,,JB YAP JAN TO MAY.pdf
,MENTOS Bottle Mix Grape 120g*6*8,48.0,8.21097372488408,0.0,8.21097372488408,JB YAP BROTHERS FOOD SDN. BHD.,0.0,0.0,,JB YAP JAN TO MAY.pdf
,MENTOS Bottle Mint 120g*6*8,48.0,8.21097372488408,0.0,8.21097372488408,JB YAP BROTHERS FOOD SDN. BHD.,0.0,0.0,,JB YAP JAN TO MAY.pdf
,MENTOS Bottle Sour Mix 120g*6*8,48.0,8.21097372488408,0.0,8.21097372488408,JB YAP BROTHERS FOOD SDN. BHD.,0.0,0.0,,JB YAP JAN TO MAY.pdf
,MENTOS Bottle Yogurt 120g*6*8,48.0,8.21097372488408,0.0,8.21097372488408,JB YAP BROTHERS FOOD SDN. BHD.,0.0,0.0,,JB YAP JAN TO MAY.pdf
,NICKEY Sarsi Pop 50*30,30.0,54.09582689335394,0.0,54.09582689335394,JB YAP BROTHERS FOOD SDN. BHD.,0.0,0.0,,JB YAP JAN TO MAY.pdf
,JOYSTIX B. Coated W Choco flv Cream 40g*12*6,72.0,24.72952086553323,0.0,24.72952086553323,JB YAP BROTHERS FOOD SDN. BHD.,0.0,0.0,,JB YAP JAN TO MAY.pdf
,JOYSTIX B. Coated W S'Berry flv Cream 40g*12*6,72.0,24.72952086553323,0.0,24.72952086553323,JB YAP BROTHERS FOOD SDN. BHD.,0.0,0.0,,JB YAP JAN TO MAY.pdf
,80g*6*16 RINDA Mixed Fruit Nata Pudding,16.0,19.31993817619784,0.0,19.31993817619784,JB YAP BROTHERS FOOD SDN. BHD.,0.0,0.0,,JB YAP JAN TO MAY.pdf
,80g*6*16 RINDA Mango Nata Pudding,16.0,19.31993817619784,0.0,19.31993817619784,JB YAP BROTHERS FOOD SDN. BHD.,0.0,0.0,,JB YAP JAN TO MAY.pdf
,SHOYUEMI Original 14g*8*24,24.0,29.366306027820716,0.0,29.366306027820716,JB YAP BROTHERS FOOD SDN. BHD.,0.0,0.0,,JB YAP JAN TO MAY.pdf
,SHOYUEMI Mee Seaweed 14g*8*24,24.0,29.366306027820716,0.0,29.366306027820716,JB YAP BROTHERS FOOD SDN. BHD.,0.0,0.0,,JB YAP JAN TO MAY.pdf
,SHOYUEMI Spicy 14g*8*24,24.0,29.366306027820716,0.0,29.366306027820716,JB YAP BROTHERS FOOD SDN. BHD.,0.0,0.0,,JB YAP JAN TO MAY.pdf
,SNEK KU Mimi (20g*8)*24,24.0,29.366306027820716,0.0,29.366306027820716,JB YAP BROTHERS FOOD SDN. BHD.,0.0,0.0,,JB YAP JAN TO MAY.pdf
,SNEK KU Tam Tam (20g*8)*24,24.0,25.695517774343124,0.0,25.695517774343124,JB YAP BROTHERS FOOD SDN. BHD.,0.0,0.0,,JB YAP JAN TO MAY.pdf
,SHOYUEMI Curry 50g*10*6,60.0,25.695517774343124,0.0,25.695517774343124,JB YAP BROTHERS FOOD SDN. BHD.,0.0,0.0,,JB YAP JAN TO MAY.pdf
,SHOYUEMI Original 50g*10*6,60.0,25.695517774343124,0.0,25.695517774343124,JB YAP BROTHERS FOOD SDN. BHD.,0.0,0.0,,JB YAP JAN TO MAY.pdf
,SHOYUEMI Spicy 50g*10*6,60.0,25.695517774343124,0.0,25.695517774343124,JB YAP BROTHERS FOOD SDN. BHD.,0.0,0.0,,JB YAP JAN TO MAY.pdf
,MIMI 60g*10*6,60.0,25.695517774343124,0.0,25.695517774343124,JB YAP BROTHERS FOOD SDN. BHD.,0.0,0.0,,JB YAP JAN TO MAY.pdf
,TAM TAM 60g*10*6,60.0,25.695517774343124,0.0,25.695517774343124,JB YAP BROTHERS FOOD SDN. BHD.,0.0,0.0,,JB YAP JAN TO MAY.pdf
,RM2.80*12*12 T/fish N/crisp Peanut Cdy 8,144.0,88.87171561051005,0.0,88.87171561051005,JB YAP BROTHERS FOOD SDN. BHD.,0.0,0.0,,JB YAP JAN TO MAY.pdf
,HS/Wang Wang Ball Cake 45g*10*4,40.0,15.713549716640909,0.0,15.713549716640909,JB YAP BROTHERS FOOD SDN. BHD.,0.0,0.0,,JB YAP JAN TO MAY.pdf
,KHY Abang Latioa Stick 26g*12*12,144.0,2.3827923750644,0.0,2.3827923750644,JB YAP BROTHERS FOOD SDN. BHD.,0.0,0.0,,JB YAP JAN TO MAY.pdf
,CORNTOZ Chili Cheez 100g*10*5,50.0,26.725914477073676,0.0,26.725914477073676,JB YAP BROTHERS FOOD SDN. BHD.,0.0,0.0,,JB YAP JAN TO MAY.pdf
,CORNTOZ Hotz & Spicy 100g*10*5,50.0,26.725914477073676,0.0,26.725914477073676,JB YAP BROTHERS FOOD SDN. BHD.,0.0,0.0,,JB YAP JAN TO MAY.pdf
,CORNTOZ Smoky BBQZ 100g*10*5,50.0,26.725914477073676,0.0,26.725914477073676,JB YAP BROTHERS FOOD SDN. BHD.,0.0,0.0,,JB YAP JAN TO MAY.pdf
,DAN HUA CAKE 102g*10*10,100.0,117.52962390520352,0.0,117.52962390520352,JB YAP BROTHERS FOOD SDN. BHD.,0.0,0.0,,JB YAP JAN TO MAY.pdf
,DOUBLE DECKER Cheese Ring 70g*10*5,50.0,26.242916022668727,0.0,26.242916022668727,JB YAP BROTHERS FOOD SDN. BHD.,0.0,0.0,,JB YAP JAN TO MAY.pdf
,DOUBLE DECKER Chicken 65g*10*5,50.0,26.242916022668727,0.0,26.242916022668727,JB YAP BROTHERS FOOD SDN. BHD.,0.0,0.0,,JB YAP JAN TO MAY.pdf
,DOUBLE DECKER Prawn 80g*10*5,50.0,26.242916022668727,0.0,26.242916022668727,JB YAP BROTHERS FOOD SDN. BHD.,0.0,0.0,,JB YAP JAN TO MAY.pdf
,MAMEE Cup Chicken 60g*6*8,64.0,24.149922720247297,0.0,24.149922720247297,JB YAP BROTHERS FOOD SDN. BHD.,0.0,0.0,,JB YAP JAN TO MAY.pdf
,MAMEE Cup Curry 65g*6*8,64.0,24.149922720247297,0.0,24.149922720247297,JB YAP BROTHERS FOOD SDN. BHD.,0.0,0.0,,JB YAP JAN TO MAY.pdf
,MAMEE Cup Tomyam 60g*6*8,64.0,24.149922720247297,0.0,24.149922720247297,JB YAP BROTHERS FOOD SDN. BHD.,0.0,0.0,,JB YAP JAN TO MAY.pdf
,MAMEE Cup Veg. 65g*6*8,64.0,24.149922720247297,0.0,24.149922720247297,JB YAP BROTHERS FOOD SDN. BHD.,0.0,0.0,,JB YAP JAN TO MAY.pdf
,PAGODA Shandong (110g*10)*6,60.0,46.36785162287481,0.0,46.36785162287481,JB YAP BROTHERS FOOD SDN. BHD.,0.0,0.0,,JB YAP JAN TO MAY.pdf
,JACKER Potato BBQ 110g*14,14.0,13.974755280783102,0.0,13.974755280783102,JB YAP BROTHERS FOOD SDN. BHD.,0.0,0.0,,JB YAP JAN TO MAY.pdf
,JACKER Potato S. Cream 110g*14,14.0,13.974755280783102,0.0,13.974755280783102,JB YAP BROTHERS FOOD SDN. BHD.,0.0,0.0,,JB YAP JAN TO MAY.pdf
,JACKER Potato Original 110g*14,14.0,13.974755280783102,0.0,13.974755280783102,JB YAP BROTHERS FOOD SDN. BHD.,0.0,0.0,,JB YAP JAN TO MAY.pdf
,KHY Abang Latioa Stick 26g*12*12 (Not Ret),144.0,29.75270479134467,0.0,29.75270479134467,JB YAP BROTHERS FOOD SDN. BHD.,0.0,0.0,,JB YAP JAN TO MAY.pdf
,HIMALAYA Actiwhoosh Mints 15g*12*12,144.0,59.891808346213296,0.0,59.891808346213296,JB YAP BROTHERS FOOD SDN. BHD.,0.0,0.0,,JB YAP JAN TO MAY.pdf
,HIMALAYA Altice Fresh 15g*12*12,144.0,59.891808346213296,0.0,59.891808346213296,JB YAP BROTHERS FOOD SDN. BHD.,0.0,0.0,,JB YAP JAN TO MAY.pdf
,HIMALAYA Honey Lime Mints 15g*12*12,144.0,59.891808346213296,0.0,59.891808346213296,JB YAP BROTHERS FOOD SDN. BHD.,0.0,0.0,,JB YAP JAN TO MAY.pdf
,WOODS'Peppermint Lozenges 15g*15*18,270.0,120.55641421947448,0.0,120.55641421947448,JB YAP BROTHERS FOOD SDN. BHD.,0.0,0.0,,JB YAP JAN TO MAY.pdf
,WOODS'Cherry Flv 15g*15*18,270.0,120.55641421947448,0.0,120.55641421947448,JB YAP BROTHERS FOOD SDN. BHD.,0.0,0.0,,JB YAP JAN TO MAY.pdf
,WOODS'Lemon Flv 15g*15*18,270.0,120.55641421947448,0.0,120.55641421947448,JB YAP BROTHERS FOOD SDN. BHD.,0.0,0.0,,JB YAP JAN TO MAY.pdf
,DAHFA Fish Fillet 280g*20 **NOT RETURNABLE**,20.0,95.311695002576,0.0,95.311695002576,JB YAP BROTHERS FOOD SDN. BHD.,0.0,0.0,,JB YAP JAN TO MAY.pdf
,DAHFA Fish Fillet 50g*10*8 **NOT RETURNABLE**,80.0,93.2509015971149,0.0,93.2509015971149,JB YAP BROTHERS FOOD SDN. BHD.,0.0,0.0,,JB YAP JAN TO MAY.pdf
,DOLPHIN Konjac Drink Grape 180g*10*4,40.0,18.03194229778465,0.0,18.03194229778465,JB YAP BROTHERS FOOD SDN. BHD.,0.0,0.0,,JB YAP JAN TO MAY.pdf
,DOLPHIN Konjac Drink Lychee 130g*10*4,40.0,18.03194229778465,0.0,18.03194229778465,JB YAP BROTHERS FOOD SDN. BHD.,0.0,0.0,,JB YAP JAN TO MAY.pdf
,DOLPHIN Konjac Jelly Mango 20g*15*24,24.0,30.52550231839258,0.0,30.52550231839258,JB YAP BROTHERS FOOD SDN. BHD.,0.0,0.0,,JB YAP JAN TO MAY.pdf
,DOLPHIN Konjac Jelly Peach 20g*15*24,24.0,30.52550231839258,0.0,30.52550231839258,JB YAP BROTHERS FOOD SDN. BHD.,0.0,0.0,,JB YAP JAN TO MAY.pdf
,LIGO Raisin Seedless 30g*144-Not Ret-,144.0,71.9035101283439,0.0,71.9035101283439,JB YAP BROTHERS FOOD SDN. BHD.,0.0,0.0,,JB YAP JAN TO MAY.pdf
,LIGO Raisin G/Seedless 30g*144~Not Ret~,144.0,74.1885625965997,0.0,74.1885625965997,JB YAP BROTHERS FOOD SDN. BHD.,0.0,0.0,,JB YAP JAN TO MAY.pdf
,LOT 100 Gummy Mango 130g*24,24.0,35.56517705272925,0.0,35.56517705272925,JB YAP BROTHERS FOOD SDN. BHD.,0.0,0.0,,JB YAP JAN TO MAY.pdf
,LOT 100 Gummy S/Berry 130g*24,24.0,35.54868624420402,0.0,35.54868624420402,JB YAP BROTHERS FOOD SDN. BHD.,0.0,0.0,,JB YAP JAN TO MAY.pdf
,LOT 100 Sour Apple 95g*24,24.0,28.20710973724884,0.0,28.20710973724884,JB YAP BROTHERS FOOD SDN. BHD.,0.0,0.0,,JB YAP JAN TO MAY.pdf
,LOT 100 Sour Blackcurrant 95g*24,24.0,28.20710973724884,0.0,28.20710973724884,JB YAP BROTHERS FOOD SDN. BHD.,0.0,0.0,,JB YAP JAN TO MAY.pdf
,LOT 100 Sour Mango 95g*24,24.0,28.20710973724884,0.0,28.20710973724884,JB YAP BROTHERS FOOD SDN. BHD.,0.0,0.0,,JB YAP JAN TO MAY.pdf
,LOT 100 Sour Orange 95g*24,24.0,28.20710973724884,0.0,28.20710973724884,JB YAP BROTHERS FOOD SDN. BHD.,0.0,0.0,,JB YAP JAN TO MAY.pdf
,LOT 100 Sour S'Berry 95g*24,24.0,28.20710973724884,0.0,28.20710973724884,JB YAP BROTHERS FOOD SDN. BHD.,0.0,0.0,,JB YAP JAN TO MAY.pdf
,YLF Pikin Plum Candy 40g*12*12,144.0,71.09737248840804,0.0,71.09737248840804,JB YAP BROTHERS FOOD SDN. BHD.,0.0,0.0,,JB YAP JAN TO MAY.pdf
,REDONDO W/Stick Cappuccino 100g*24,24.0,40.1854714064915,0.0,40.1854714064915,JB YAP BROTHERS FOOD SDN. BHD.,0.0,0.0,,JB YAP JAN TO MAY.pdf
,REDONDO W/Stick Choco 100g*24,24.0,40.1854714064915,0.0,40.1854714064915,JB YAP BROTHERS FOOD SDN. BHD.,0.0,0.0,,JB YAP JAN TO MAY.pdf
,REDONDO W/Stick Cookies & Cream 100g*24,24.0,40.1854714064915,0.0,40.1854714064915,JB YAP BROTHERS FOOD SDN. BHD.,0.0,0.0,,JB YAP JAN TO MAY.pdf
,REDONDO W/Stick Green Tea 100g*24,24.0,40.1854714064915,0.0,40.1854714064915,JB YAP BROTHERS FOOD SDN. BHD.,0.0,0.0,,JB YAP JAN TO MAY.pdf
,REDONDO W/Stick S'Berry 100g*24,24.0,40.1854714064915,0.0,40.1854714064915,JB YAP BROTHERS FOOD SDN. BHD.,0.0,0.0,,JB YAP JAN TO MAY.pdf
,REDONDO W/Stick Vanilla 100g*24,24.0,40.1854714064915,0.0,40.1854714064915,JB YAP BROTHERS FOOD SDN. BHD.,0.0,0.0,,JB YAP JAN TO MAY.pdf
,JACKER Potato BBQ (60g*12)*3,36.0,22.217928902627516,0.0,22.217928902627516,JB YAP BROTHERS FOOD SDN. BHD.,0.0,0.0,,JB YAP JAN TO MAY.pdf
,JACKER Potato H & S (60g*12)*3,36.0,22.217928902627516,0.0,22.217928902627516,JB YAP BROTHERS FOOD SDN. BHD.,0.0,0.0,,JB YAP JAN TO MAY.pdf
,JACKER Potato Natural (60g*12)*3,36.0,22.217928902627516,0.0,22.217928902627516,JB YAP BROTHERS FOOD SDN. BHD.,0.0,0.0,,JB YAP JAN TO MAY.pdf
,JACKER Potato Tomato (60g*12)*3,36.0,23.183925811437405,0.0,23.183925811437405,JB YAP BROTHERS FOOD SDN. BHD.,0.0,0.0,,JB YAP JAN TO MAY.pdf
,SWIZZLEF Mini Roll B'Berry 18g*24*12,12.0,23.183925811437405,0.0,23.183925811437405,JB YAP BROTHERS FOOD SDN. BHD.,0.0,0.0,,JB YAP JAN TO MAY.pdf
,SWIZZLEF Mini Roll Coconut 18g*24*12,12.0,23.183925811437405,0.0,23.183925811437405,JB YAP BROTHERS FOOD SDN. BHD.,0.0,0.0,,JB YAP JAN TO MAY.pdf
,SWIZZLEF Mini Roll Choco 18g*24*12,12.0,23.183925811437405,0.0,23.183925811437405,JB YAP BROTHERS FOOD SDN. BHD.,0.0,0.0,,JB YAP JAN TO MAY.pdf
,SWIZZLEF Mini Roll S'Berry 18g*24*12,12.0,23.183925811437405,0.0,23.183925811437405,JB YAP BROTHERS FOOD SDN. BHD.,0.0,0.0,,JB YAP JAN TO MAY.pdf
,BIKA Party Pack Ayam (H) 12g*8*24,24.0,23.183925811437405,0.0,23.183925811437405,JB YAP BROTHERS FOOD SDN. BHD.,0.0,0.0,,JB YAP JAN TO MAY.pdf
,BIKA Party Pack Ayam (M) 12g*8*24,24.0,23.183925811437405,0.0,23.183925811437405,JB YAP BROTHERS FOOD SDN. BHD.,0.0,0.0,,JB YAP JAN TO MAY.pdf
,Lemon Tablets 8g*5*20*20 ~Not Ret~,400.0,120.42761463163318,0.0,120.42761463163318,JB YAP BROTHERS FOOD SDN. BHD.,0.0,0.0,,JB YAP JAN TO MAY.pdf
,Haw Flakes 12*48 ~Not Ret~,48.0,56.41421947449768,0.0,56.41421947449768,JB YAP BROTHERS FOOD SDN. BHD.,0.0,0.0,,JB YAP JAN TO MAY.pdf
,JOYSTIX B.Coated W Vanilla flv Cream 40g*12*6,72.0,24.34312210200927,0.0,24.34312210200927,JB YAP BROTHERS FOOD SDN. BHD.,0.0,0.0,,JB YAP JAN TO MAY.pdf
,JOYSTIX B.Coated W Durian flv Cream 40g*12*6,72.0,24.34312210200927,0.0,24.34312210200927,JB YAP BROTHERS FOOD SDN. BHD.,0.0,0.0,,JB YAP JAN TO MAY.pdf
,JCH MEISHIJIA Fo Shou Chen Pi 80g*6*8,48.0,69.80937660999486,0.0,69.80937660999486,JB YAP BROTHERS FOOD SDN. BHD.,0.0,0.0,,JB YAP JAN TO MAY.pdf
,JCH MEISHIJIA Hong Tang Chen Pi 80g*6*8,48.0,69.55177743431221,0.0,69.55177743431221,JB YAP BROTHERS FOOD SDN. BHD.,0.0,0.0,,JB YAP JAN TO MAY.pdf
,JCH MEISHIJIA Jiu Zhi Chuang Pi 65g*6*8,48.0,69.55177743431221,0.0,69.55177743431221,JB YAP BROTHERS FOOD SDN. BHD.,0.0,0.0,,JB YAP JAN TO MAY.pdf
,JCH MEISHIJIA Jiu Zhi Yang Mei 100g*6*8,48.0,69.55435342606904,0.0,69.55435342606904,JB YAP BROTHERS FOOD SDN. BHD.,0.0,0.0,,JB YAP JAN TO MAY.pdf
,JCH MEISHIJIA Ju Hua Chen Pi 80g*6*8,48.0,69.55177743431221,0.0,69.55177743431221,JB YAP BROTHERS FOOD SDN. BHD.,0.0,0.0,,JB YAP JAN TO MAY.pdf
,KHY Mini Latiao 72*12(Not Ret),12.0,29.76650688108861,0.0,29.76650688108861,JB YAP BROTHERS FOOD SDN. BHD.,0.0,0.0,,JB YAP JAN TO MAY.pdf
,BIKA Party Pack Fika Cheese 14g*8*24,24.0,23.183925811437405,0.0,23.183925811437405,JB YAP BROTHERS FOOD SDN. BHD.,0.0,0.0,,JB YAP JAN TO MAY.pdf
,BIKA SEAFOOD Hot&Spicy 60g*10*6,6.0,27.43431221020093,0.0,27.43431221020093,JB YAP BROTHERS FOOD SDN. BHD.,0.0,0.0,,JB YAP JAN TO MAY.pdf
,JCH MEISHIJIA Mei Gui Chen Pi 80g*6*8,48.0,69.55177743431221,0.0,69.55177743431221,JB YAP BROTHERS FOOD SDN. BHD.,0.0,0.0,,JB YAP JAN TO MAY.pdf
,115g*3*16 RINDA Mixed Fruit Jelly,16.0,11.656362699639365,0.0,11.656362699639365,JB YAP BROTHERS FOOD SDN. BHD.,0.0,0.0,,JB YAP JAN TO MAY.pdf
,225g*30 RINDA Mixed Fruits Jelly,30.0,13.04095826893354,0.0,13.04095826893354,JB YAP BROTHERS FOOD SDN. BHD.,0.0,0.0,,JB YAP JAN TO MAY.pdf
,SHOYUEMI Black Pepper 14g*8*24,24.0,29.379928869645894,0.0,29.379928869645894,JB YAP BROTHERS FOOD SDN. BHD.,0.0,0.0,,JB YAP JAN TO MAY.pdf
,SHOYUEMI Black Pepper 50g*10*6,60.0,25.695517774343124,0.0,25.695517774343124,JB YAP BROTHERS FOOD SDN. BHD.,0.0,0.0,,JB YAP JAN TO MAY.pdf
,TAM TAM Chill Crab 70g*10*6,6.0,25.695517774343124,0.0,25.695517774343124,JB YAP BROTHERS FOOD SDN. BHD.,0.0,0.0,,JB YAP JAN TO MAY.pdf
,TRAIN Haw Ball 228g*40,40.0,52.16383307573416,0.0,52.16383307573416,JB YAP BROTHERS FOOD SDN. BHD.,0.0,0.0,,JB YAP JAN TO MAY.pdf
,BIKA Party Pack Vegetable 12g*8*24,24.0,23.183925811437405,0.0,23.183925811437405,JB YAP BROTHERS FOOD SDN. BHD.,0.0,0.0,,JB YAP JAN TO MAY.pdf
,CORNTOZ Cheesey Pizza 80g*10*5,50.0,26.725914477073676,0.0,26.725914477073676,JB YAP BROTHERS FOOD SDN. BHD.,0.0,0.0,,JB YAP JAN TO MAY.pdf
,CORNTOZ F/P Smoky BBQZ(H) 15g*8*10,10.0,8.049974240082433,0.0,8.049974240082433,JB YAP BROTHERS FOOD SDN. BHD.,0.0,0.0,,JB YAP JAN TO MAY.pdf
,DOLPHIN Jelly With Nata Mix 32g*8*24,24.0,18.160741885625967,0.0,18.160741885625967,JB YAP BROTHERS FOOD SDN. BHD.,0.0,0.0,,JB YAP JAN TO MAY.pdf
,120g*48 MINT PLUS Cool Blue,48.0,31.684698608964453,0.0,31.684698608964453,JB YAP BROTHERS FOOD SDN. BHD.,0.0,0.0,,JB YAP JAN TO MAY.pdf
,RM2.20*60 GOODFOOD Black Pepper,60.0,38.63987635239568,0.0,38.63987635239568,JB YAP BROTHERS FOOD SDN. BHD.,0.0,0.0,,JB YAP JAN TO MAY.pdf
,RM2.20*60 GOODFOOD Sotong Panggang,60.0,38.63987635239568,0.0,38.63987635239568,JB YAP BROTHERS FOOD SDN. BHD.,0.0,0.0,,JB YAP JAN TO MAY.pdf
,RM2.60*36 WIN2 Potato Crisp BBQ,36.0,24.92272024729521,0.0,24.92272024729521,JB YAP BROTHERS FOOD SDN. BHD.,0.0,0.0,,JB YAP JAN TO MAY.pdf
,RM2.60*36 WIN2 Potato Crisp Tomato,36.0,24.92272024729521,0.0,24.92272024729521,JB YAP BROTHERS FOOD SDN. BHD.,0.0,0.0,,JB YAP JAN TO MAY.pdf
,RM2.60*36 WIN2 Potato Crisp Vegetable,36.0,24.92272024729521,0.0,24.92272024729521,JB YAP BROTHERS FOOD SDN. BHD.,0.0,0.0,,JB YAP JAN TO MAY.pdf
,RM2.60*36 WIN2 Potato Crisp Sweet Potato,36.0,24.92272024729521,0.0,24.92272024729521,JB YAP BROTHERS FOOD SDN. BHD.,0.0,0.0,,JB YAP JAN TO MAY.pdf
,RM2.60*36 WIN2 Potato Crisp Himalayan Sa,36.0,24.92272024729521,0.0,24.92272024729521,JB YAP BROTHERS FOOD SDN. BHD.,0.0,0.0,,JB YAP JAN TO MAY.pdf
,RM2.60*36 WIN2 Potato Crisp Seafood,36.0,24.92272024729521,0.0,24.92272024729521,JB YAP BROTHERS FOOD SDN. BHD.,0.0,0.0,,JB YAP JAN TO MAY.pdf
,RM2.60*36 WIN2 Koala Kids Choco,36.0,24.92272024729521,0.0,24.92272024729521,JB YAP BROTHERS FOOD SDN. BHD.,0.0,0.0,,JB YAP JAN TO MAY.pdf
,RM2.60*36 WIN2 Koala Kids Strawberry,36.0,24.92272024729521,0.0,24.92272024729521,JB YAP BROTHERS FOOD SDN. BHD.,0.0,0.0,,JB YAP JAN TO MAY.pdf
,RM2.60*36 WIN2 Koala Kids Cheese,36.0,24.92272024729521,0.0,24.92272024729521,JB YAP BROTHERS FOOD SDN. BHD.,0.0,0.0,,JB YAP JAN TO MAY.pdf
,JACKER Potato Cheese 110g*14,14.0,12.847758887171562,0.0,12.847758887171562,JB YAP BROTHERS FOOD SDN. BHD.,0.0,0.0,,JB YAP JAN TO MAY.pdf
,JACKER Potato Seaweed 110g*14,14.0,12.847758887171562,0.0,12.847758887171562,JB YAP BROTHERS FOOD SDN. BHD.,0.0,0.0,,JB YAP JAN TO MAY.pdf
,JACKER Potato Honey Butter 110g*14,14.0,12.847758887171562,0.0,12.847758887171562,JB YAP BROTHERS FOOD SDN. BHD.,0.0,0.0,,JB YAP JAN TO MAY.pdf
,55g*16*5 EJH Star Cereal,80.0,32.19989696032973,0.0,32.19989696032973,JB YAP BROTHERS FOOD SDN. BHD.,0.0,0.0,,JB YAP JAN TO MAY.pdf
,55g*16*5 EJH Vita Ball,80.0,32.19989696032973,0.0,32.19989696032973,JB YAP BROTHERS FOOD SDN. BHD.,0.0,0.0,,JB YAP JAN TO MAY.pdf
,55g*16*5 EJH Vita Koko,80.0,32.19989696032973,0.0,32.19989696032973,JB YAP BROTHERS FOOD SDN. BHD.,0.0,0.0,,JB YAP JAN TO MAY.pdf
,55g*16*5 EJH Vita Rainbow,80.0,32.19989696032973,0.0,32.19989696032973,JB YAP BROTHERS FOOD SDN. BHD.,0.0,0.0,,JB YAP JAN TO MAY.pdf
,POKKA CHINESE OOLONG TEA 300ML (SLEEK CAN),24.0,11.46,0.0,11.46,POKKA PTE. LTD.,0.0,0.0,,pokka.pdf
,POKKA JASMINE GREEN TEA (1500ML X 12),12.0,18.16,0.0,18.16,POKKA PTE. LTD.,0.0,0.0,,pokka.pdf
,T/B POKKA LEMON TEA (250ML X 6S X 4),4.0,8.0,0.0,8.0,POKKA PTE. LTD.,0.0,0.0,,pokka.pdf
,T/B POKKA OOLONG TEA ( (250ML X 6S X 4),4.0,8.0,0.0,8.0,POKKA PTE. LTD.,0.0,0.0,,pokka.pdf
,POKKA Jasmine Green Tea 6S 300ML (SLEEK CAN),6.0,10.69,0.0,10.69,POKKA PTE. LTD.,0.0,0.0,,pokka.pdf
,POKKA ICE PEACH TEA (LOCAL) 0.5L,24.0,17.12,0.0,17.12,POKKA PTE. LTD.,0.0,0.0,,pokka.pdf
,POKKA OOLONG TEA (500ML X 24 ),24.0,17.12,0.0,17.12,POKKA PTE. LTD.,0.0,0.0,,pokka.pdf
,Roasted Peanut (120g),10.0,10.0,0.0,10.0,SUN LIM GARDEN FOODSTUFFS PTE LTD,0.0,0.0,,sunlim Jan to May.pdf
,Roasted Gram (120g),10.0,10.0,0.0,10.0,SUN LIM GARDEN FOODSTUFFS PTE LTD,0.0,0.0,,sunlim Jan to May.pdf
,Green Peas (120g),10.0,10.0,0.0,10.0,SUN LIM GARDEN FOODSTUFFS PTE LTD,0.0,0.0,,sunlim Jan to May.pdf
,Unskin Broad Bean (120g),10.0,10.0,0.0,10.0,SUN LIM GARDEN FOODSTUFFS PTE LTD,0.0,0.0,,sunlim Jan to May.pdf
,Kachang Dhall (120g),10.0,10.0,0.0,10.0,SUN LIM GARDEN FOODSTUFFS PTE LTD,0.0,0.0,,sunlim Jan to May.pdf
,Sugar Peanut (100g),10.0,10.0,0.0,10.0,SUN LIM GARDEN FOODSTUFFS PTE LTD,0.0,0.0,,sunlim Jan to May.pdf
,Red Skin Peanut (120g),10.0,10.0,0.0,10.0,SUN LIM GARDEN FOODSTUFFS PTE LTD,0.0,0.0,,sunlim Jan to May.pdf
,Mixed Nut (120g),10.0,10.0,0.0,10.0,SUN LIM GARDEN FOODSTUFFS PTE LTD,0.0,0.0,,sunlim Jan to May.pdf
,BAKED POTATO CRISP BBQ FLAVOUR,12.0,9.69,0.0,9.69,WINSTAR MARKETING PTE. LTD.,0.0,0.0,,winstar Jan to May.pdf
,BAKED POTATO CRISP SWEET CORN FLAVOUR,12.0,9.69,0.0,9.69,WINSTAR MARKETING PTE. LTD.,0.0,0.0,,winstar Jan to May.pdf
,SWEET POTATO CRISP SWEET POTATO FLAVOUR,12.0,9.69,0.0,9.69,WINSTAR MARKETING PTE. LTD.,0.0,0.0,,winstar Jan to May.pdf
,BAKED POTATO CRISP VEGETABLE FLAVOUR,12.0,9.69,0.0,9.69,WINSTAR MARKETING PTE. LTD.,0.0,0.0,,winstar Jan to May.pdf
,MINI 1.MORE CHOCOLATE COATED WAFER ROLLS,12.0,19.0,0.0,19.0,WINSTAR MARKETING PTE. LTD.,0.0,0.0,,winstar Jan to May.pdf
,TOPP CUP INSTANT CHICKEN MUSHROOM CONGEE,12.0,10.93,0.0,10.93,WINSTAR MARKETING PTE. LTD.,0.0,0.0,,winstar Jan to May.pdf
,TOPP CUP INSTANT SEAFOOD CONGEE,12.0,10.93,0.0,10.93,WINSTAR MARKETING PTE. LTD.,0.0,0.0,,winstar Jan to May.pdf
,TOPP CUP INSTANT VEGETABLE CONGEE,12.0,10.93,0.0,10.93,WINSTAR MARKETING PTE. LTD.,0.0,0.0,,winstar Jan to May.pdf
,BAKE STORY KOKOPIE CHOCO COATED CAKE WITH VANILLA,9.0,16.8,0.0,16.8,WINSTAR MARKETING PTE. LTD.,0.0,0.0,,winstar Jan to May.pdf
,BAKE STORY MINI MUFFIN PANDAN WITH CREAM FILLING,9.0,16.8,0.0,16.8,WINSTAR MARKETING PTE. LTD.,0.0,0.0,,winstar Jan to May.pdf
,BAKE STORY MINI MUFFIN ORIGINAL WITH CREAM FILLING,9.0,16.8,0.0,16.8,WINSTAR MARKETING PTE. LTD.,0.0,0.0,,winstar Jan to May.pdf
,BAKED POTATO CRISP SOUR CREAM FLAVOUR,12.0,12.6,0.0,12.6,WINSTAR MARKETING PTE. LTD.,0.0,0.0,,winstar Jan to May.pdf
,LELEK FISH CRACKERS AMPLANG 70G,24.0,28.0,0.0,28.0,WINSTAR MARKETING PTE. LTD.,0.0,0.0,,winstar Jan to May.pdf
,LELEK PRAWN CRACKERS AMPLANG 70G,24.0,28.0,0.0,28.0,WINSTAR MARKETING PTE. LTD.,0.0,0.0,,winstar Jan to May.pdf
,A1002 WINDPROOF LIGHTER 50S/BOX,50.0,12.1,0.0,12.1,PYS DISTRIBUTION PTE LTD,0.0,0.0,,PYS DISTRIBUTION PTE LTD..pdf
,CLEAR MEN SHAMPOO 650 ML COOL SPRIT MENTOL,1.0,5.95,0.0,5.95,PYS DISTRIBUTION PTE LTD,0.0,0.0,,PYS DISTRIBUTION PTE LTD..pdf
,CLEAR MEN SHAMPOO COOL SPORT MENTHOL 315ML,1.0,2.64,0.0,2.64,PYS DISTRIBUTION PTE LTD,0.0,0.0,,PYS DISTRIBUTION PTE LTD..pdf
,CLEAR MEN SHAMPOO ICE COOL300ML,1.0,2.64,0.0,2.64,PYS DISTRIBUTION PTE LTD,0.0,0.0,,PYS DISTRIBUTION PTE LTD..pdf
,DETTOL ANTISEPTIC LIQUID (INDIA) 550ML,1.0,63.6,0.0,63.6,PYS DISTRIBUTION PTE LTD,0.0,0.0,,PYS DISTRIBUTION PTE LTD..pdf
,DUREX CLOSE FIT 3S,1.0,3.13,0.0,3.13,PYS DISTRIBUTION PTE LTD,0.0,0.0,,PYS DISTRIBUTION PTE LTD..pdf
,DUREX EXTRA SAFE 3S,1.0,4.2,0.0,4.2,PYS DISTRIBUTION PTE LTD,0.0,0.0,,PYS DISTRIBUTION PTE LTD..pdf
,DUREX LOVE 3S,1.0,2.26,0.0,2.26,PYS DISTRIBUTION PTE LTD,0.0,0.0,,PYS DISTRIBUTION PTE LTD..pdf
,EVERYDAY MILK POWDER 250G 12s/ctn,12.0,44.58,0.0,44.58,PYS DISTRIBUTION PTE LTD,0.0,0.0,,PYS DISTRIBUTION PTE LTD..pdf
,EVERYDAY MILK POWDER 500G 14s/ctn,14.0,78.54,0.0,78.54,PYS DISTRIBUTION PTE LTD,0.0,0.0,,PYS DISTRIBUTION PTE LTD..pdf
,HS SHAMPOO ANTI HAIRFALL 300ML,1.0,3.52,0.0,3.52,PYS DISTRIBUTION PTE LTD,0.0,0.0,,PYS DISTRIBUTION PTE LTD..pdf
,HS SHAMPOO APPLE 300ML,1.0,3.52,0.0,3.52,PYS DISTRIBUTION PTE LTD,0.0,0.0,,PYS DISTRIBUTION PTE LTD..pdf
,HS SHAMPOO APPLE FRESH 300ML,1.0,3.52,0.0,3.52,PYS DISTRIBUTION PTE LTD,0.0,0.0,,PYS DISTRIBUTION PTE LTD..pdf
,HS SHAMPOO CLEAN BALANCE 300ML,1.0,3.52,0.0,3.52,PYS DISTRIBUTION PTE LTD,0.0,0.0,,PYS DISTRIBUTION PTE LTD..pdf
,HS SHAMPOO COOL MENTHOL 300ML,1.0,3.52,0.0,3.52,PYS DISTRIBUTION PTE LTD,0.0,0.0,,PYS DISTRIBUTION PTE LTD..pdf
,HS SHAMPOO SMOOTH & SILKY 300ML,1.0,3.52,0.0,3.52,PYS DISTRIBUTION PTE LTD,0.0,0.0,,PYS DISTRIBUTION PTE LTD..pdf
,M2000 TRANSPARENT CHEAP LIGHTER 50S/BOX A130,50.0,9.0,0.0,9.0,PYS DISTRIBUTION PTE LTD,0.0,0.0,,PYS DISTRIBUTION PTE LTD..pdf
,SUNSILK SHAMPOO HAIR FALL SOLUTION 300ML,1.0,2.8,0.0,2.8,PYS DISTRIBUTION PTE LTD,0.0,0.0,,PYS DISTRIBUTION PTE LTD..pdf
,SUNSILK SHAMPOO PERFECT STRAIGHT 300ML,1.0,2.8,0.0,2.8,PYS DISTRIBUTION PTE LTD,0.0,0.0,,PYS DISTRIBUTION PTE LTD..pdf
,SUNSILK SHAMPOO SMOOTH & MANAGABLE 300ML,1.0,2.8,0.0,2.8,PYS DISTRIBUTION PTE LTD,0.0,0.0,,PYS DISTRIBUTION PTE LTD..pdf
,SUNSILK SHAMPOO SOFT & SMOOTH 300ML,1.0,2.8,0.0,2.8,PYS DISTRIBUTION PTE LTD,0.0,0.0,,PYS DISTRIBUTION PTE LTD..pdf
,Hacks Regular (50x100gm),50.0,38.4,0.0,38.4,RAZON TRADING PTE. LTD.,0.0,0.0,,Razon PTE Ltd..pdf
,Hacks Clover & Apple (50x100gm),50.0,38.4,0.0,38.4,RAZON TRADING PTE. LTD.,0.0,0.0,,Razon PTE Ltd..pdf
,Hacks Mandarin Ginger (50x100gm),50.0,38.4,0.0,38.4,RAZON TRADING PTE. LTD.,0.0,0.0,,Razon PTE Ltd..pdf
,Hacks Honey Lemon (50x100gm),50.0,38.4,0.0,38.4,RAZON TRADING PTE. LTD.,0.0,0.0,,Razon PTE Ltd..pdf
,Hacks Blackcurrant (50x100gm),50.0,38.4,0.0,38.4,RAZON TRADING PTE. LTD.,0.0,0.0,,Razon PTE Ltd..pdf
,24X310ML ICE COOL YOUNG COCONUT WITH PULP (罐)椰子汁,24.0,15.0,0.0,15.0,SHENG SHENG F&B INDUSTRIES PTE LTD,0.0,0.0,,Sheng Sheng PTE LTD..pdf
,24X310ML ICE COOL ROSE BANDUNG DRINK (罐)曼隆,24.0,10.0,0.0,10.0,SHENG SHENG F&B INDUSTRIES PTE LTD,0.0,0.0,,Sheng Sheng PTE LTD..pdf
,115GX20X3BDITHUMBS MENGLEMBU GROUNDNUT 115G 颜贤万里望花生115g,60.0,62.5,0.0,62.5,SHENG SHENG F&B INDUSTRIES PTE LTD,0.0,0.0,,Sheng Sheng PTE LTD..pdf
,(30GX6)X25 PATHUMBS MENGLEMBU GROUNDNUT (COMBO) 颜贤万里望花生30GX6,25.0,47.3,0.0,47.3,SHENG SHENG F&B INDUSTRIES PTE LTD,0.0,0.0,,Sheng Sheng PTE LTD..pdf
,(12GX48P)X20 APOLLO - MILK WAFER CREAM (1010BC),20.0,57.2,0.0,57.2,SHENG SHENG F&B INDUSTRIES PTE LTD,0.0,0.0,,Sheng Sheng PTE LTD..pdf
,(12GX48P)X20 APOLLO - CHOCOLATE WAFER CREAM (1011BC),20.0,57.2,0.0,57.2,SHENG SHENG F&B INDUSTRIES PTE LTD,0.0,0.0,,Sheng Sheng PTE LTD..pdf
,15 X 500ml KANGSHIFU ICE BLACK TEA LEMON FLAVOUR 康师傅- 冰红茶,24.0,8.17,0.0,8.17,SHENG SHENG F&B INDUSTRIES PTE LTD,0.0,0.0,,Sheng Sheng PTE LTD..pdf
,15 X 500ml KANGSHIFU PEAR JUICE WITH ROCK SUGAR DRINK 康师傅-冰糖雪梨,24.0,8.17,0.0,8.17,SHENG SHENG F&B INDUSTRIES PTE LTD,0.0,0.0,,Sheng Sheng PTE LTD..pdf
,15 X 500ml KANGSHIFU HONEY POMELO DRINK 康师傅- 蜂蜜柚子,24.0,8.17,0.0,8.17,SHENG SHENG F&B INDUSTRIES PTE LTD,0.0,0.0,,Sheng Sheng PTE LTD..pdf
,15X500ML CHA PAI PEACH OOLONG TEA 茶蜜桃乌龙,24.0,10.83,0.0,10.83,SHENG SHENG F&B INDUSTRIES PTE LTD,0.0,0.0,,Sheng Sheng PTE LTD..pdf
,15X500ML CHA PAI GRAPEFRUIT JASMINE TEA 茶ㅠ西柚茉莉,24.0,10.83,0.0,10.83,SHENG SHENG F&B INDUSTRIES PTE LTD,0.0,0.0,,Sheng Sheng PTE LTD..pdf
,15X500ML CHA PAI POMELO GREEN TEA 茶柚子绿茶,24.0,10.83,0.0,10.83,SHENG SHENG F&B INDUSTRIES PTE LTD,0.0,0.0,,Sheng Sheng PTE LTD..pdf
,6X4X300ML ICE COOL BIRD'S NEST FLAVOUR DRINK (6X4) (罐)燕窝口味饮品,24.0,9.5,0.0,9.5,SHENG SHENG F&B INDUSTRIES PTE LTD,0.0,0.0,,Sheng Sheng PTE LTD..pdf
,Gift Assorted 118g x 24,24.0,21.6,0.0,21.6,LEE FOODS (TAI HOCK) PTE. LTD.,0.0,0.0,,LEE FOODS JAN TO MAY.pdf
,Cream Crackers 130g x 24,24.0,17.5,0.0,17.5,LEE FOODS (TAI HOCK) PTE. LTD.,0.0,0.0,,LEE FOODS JAN TO MAY.pdf
,Lemon Puff 100g x 24,24.0,12.9,0.0,12.9,LEE FOODS (TAI HOCK) PTE. LTD.,0.0,0.0,,LEE FOODS JAN TO MAY.pdf
,Small Marie 24 x 135g,24.0,18.7,0.0,18.7,LEE FOODS (TAI HOCK) PTE. LTD.,0.0,0.0,,LEE FOODS JAN TO MAY.pdf
,Spray Cheese 110g x 24,24.0,18.7,0.0,18.7,LEE FOODS (TAI HOCK) PTE. LTD.,0.0,0.0,,LEE FOODS JAN TO MAY.pdf
,Wafer Lemon Cubes 90g x 24,24.0,14.3,0.0,14.3,LEE FOODS (TAI HOCK) PTE. LTD.,0.0,0.0,,LEE FOODS JAN TO MAY.pdf
,Original Crackers 130g x 24,24.0,17.5,0.0,17.5,LEE FOODS (TAI HOCK) PTE. LTD.,0.0,0.0,,LEE FOODS JAN TO MAY.pdf
,Wafer Chocolate Cubes 90g x 24,24.0,14.3,0.0,14.3,LEE FOODS (TAI HOCK) PTE. LTD.,0.0,0.0,,LEE FOODS JAN TO MAY.pdf
,Sugar Crackers 130g x 24,24.0,17.5,0.0,17.5,LEE FOODS (TAI HOCK) PTE. LTD.,0.0,0.0,,LEE FOODS JAN TO MAY.pdf
,Pandan Coconut 160g x 24,24.0,21.6,0.0,21.6,LEE FOODS (TAI HOCK) PTE. LTD.,0.0,0.0,,LEE FOODS JAN TO MAY.pdf
,Butter Coconut Flavoured Bisc 160g x 24,24.0,21.6,0.0,21.6,LEE FOODS (TAI HOCK) PTE. LTD.,0.0,0.0,,LEE FOODS JAN TO MAY.pdf
,SAMYANG HOT CHICKEN BIG BOWL 105G X 16 *953385,16.0,34.181818,0.0,34.181818,SING LONG FOODSTUFF TRADING COMPANY PTE LTD,0.0,0.0,,singlong foodstuff JAN TO MAY.pdf
,SAMYANG HOT CHICKEN CHEESE BIG BOWL105GX16*953385,16.0,34.181818,0.0,34.181818,SING LONG FOODSTUFF TRADING COMPANY PTE LTD,0.0,0.0,,singlong foodstuff JAN TO MAY.pdf
,SAMYANG HOT CHICKEN CARBONARA BIG BOWL 105G X 16,16.0,34.181818,0.0,34.181818,SING LONG FOODSTUFF TRADING COMPANY PTE LTD,0.0,0.0,,singlong foodstuff JAN TO MAY.pdf
,SL SEASONED SEAWEED(PERILLAOIL LAVER) 4GX8'SX12(L2),12.0,30.545454,0.0,30.545454,SING LONG FOODSTUFF TRADING COMPANY PTE LTD,0.0,0.0,,singlong foodstuff JAN TO MAY.pdf
,SAMYANG HOT CHICKENCREAMCARBONARA BIG BOWL120GX16,16.0,34.181818,0.0,34.181818,SING LONG FOODSTUFF TRADING COMPANY PTE LTD,0.0,0.0,,singlong foodstuff JAN TO MAY.pdf
,F&N FRUITADE 12X1.1LT,12.0,8.4,0.0,8.4,TGS GROUP SDN. BHD.,0.0,0.0,,TGS.pdf
,F&N GRAPE 12X1.1LT,12.0,8.4,0.0,8.4,TGS GROUP SDN. BHD.,0.0,0.0,,TGS.pdf
,F&N ICE CREAM SODA 12X1.1LT,12.0,8.4,0.0,8.4,TGS GROUP SDN. BHD.,0.0,0.0,,TGS.pdf
,F&N SARSI 12X1.1LT,12.0,8.4,0.0,8.4,TGS GROUP SDN. BHD.,0.0,0.0,,TGS.pdf
,F&N ORANGE 12X1.1LT,12.0,8.4,0.0,8.4,TGS GROUP SDN. BHD.,0.0,0.0,,TGS.pdf
,F&N STRAWBERRY 12X1.1LT,12.0,8.4,0.0,8.4,TGS GROUP SDN. BHD.,0.0,0.0,,TGS.pdf
,MAMEE PREMIUM CURRY NOODLE (S+1) 8(X80G),8.0,11.5,0.0,11.5,TGS GROUP SDN. BHD.,0.0,0.0,,TGS.pdf
,MAMEE PREMIUM VEGETARIAN NOODLE (S+1) 8(X70G),8.0,11.5,0.0,11.5,TGS GROUP SDN. BHD.,0.0,0.0,,TGS.pdf
,ORIENTAL CHEESE BALL 6X10X60G,60.0,34.0,0.0,34.0,TGS GROUP SDN. BHD.,0.0,0.0,,TGS.pdf
,ORIENTAL ROTA PRAWN CRACKERS 10(X10X60G),100.0,37.0,0.0,37.0,TGS GROUP SDN. BHD.,0.0,0.0,,TGS.pdf
,ORIENTAL CHICKEN RING F/P 8(X1KG),8.0,37.0,0.0,37.0,TGS GROUP SDN. BHD.,0.0,0.0,,TGS.pdf
,SUPER RING FAMILY PACK 30(8X14G),30.0,30.5,0.0,30.5,TGS GROUP SDN. BHD.,0.0,0.0,,TGS.pdf
,POPO MURUKU SPICY CHICKEN 20(24X12G),20.0,30.5,0.0,30.5,TGS GROUP SDN. BHD.,0.0,0.0,,TGS.pdf
,POPO MURUKU SWEET&SPICY 20(24X12G),20.0,30.5,0.0,30.5,TGS GROUP SDN. BHD.,0.0,0.0,,tgs july.pdf
,POPO MURUKU IKAN KEROPK 20(24X12G),20.0,30.5,0.0,30.5,TGS GROUP SDN. BHD.,0.0,0.0,,TGS.pdf
,MAGICLEAN KITCHEN REFILL LIME 24X500ML,24.0,49.8,0.0,49.8,TGS GROUP SDN. BHD.,0.0,0.0,,TGS.pdf
,MAGICLEAN BATHROOM REFILL TP 12X(2X500ML),12.0,21.0,0.0,21.0,TGS GROUP SDN. BHD.,0.0,0.0,,TGS.pdf
,LEXUS CHOCOLATE SANDWICH 12X190G,12.0,18.5,0.0,18.5,TGS GROUP SDN. BHD.,0.0,0.0,,TGS.pdf
,JIUJIU ALWAYS MI GORENG ASLI 30(8X14G),30.0,18.5,0.0,18.5,TGS GROUP SDN. BHD.,0.0,0.0,,TGS.pdf
,MAMEE MONSTER F/P BBQ 10(10X25G),10.0,13.5,0.0,13.5,TGS GROUP SDN. BHD.,0.0,0.0,,TGS.pdf
,BREEZE LIQUID POWER CLEAN 4X3.6KG,4.0,25.7,0.0,25.7,TGS GROUP SDN. BHD.,0.0,0.0,,TGS.pdf
,BREEZE LIQUID ZINI- SILKY SAKURA 4X3.6KG,4.0,25.7,0.0,25.7,TGS GROUP SDN. BHD.,0.0,0.0,,TGS.pdf
,SOFTLAN LAVENDER REFILL (PURPLE) 8X1.6LT,8.0,13.6,0.0,13.6,TGS GROUP SDN. BHD.,0.0,0.0,,TGS.pdf
,SOFTLAN SPRING FRESH REFILL 8X1.6LT,8.0,13.6,0.0,13.6,TGS GROUP SDN. BHD.,0.0,0.0,,TGS.pdf
,MAGICLEAN BATHROOM STAIN & MOLD REFILL 12X400ML,12.0,25.5,0.0,25.5,TGS GROUP SDN. BHD.,0.0,0.0,,tgs july.pdf
,JULIE'S LOVE LETTERS CHOCOLATE 6X360G,6.0,20.5,0.0,20.5,TGS GROUP SDN. BHD.,0.0,0.0,,TGS.pdf
,JULIE'S LOVE LETTERS STRAWBERRY 6X360G,6.0,20.5,0.0,20.5,TGS GROUP SDN. BHD.,0.0,0.0,,TGS.pdf
,MAMEE MONSTER F/P HOT & SPICY 10(10X20G),10.0,13.5,0.0,13.5,TGS GROUP SDN. BHD.,0.0,0.0,,tgs july.pdf
,ORIENTAL GREEN PEAS F/P 30x(8X14G),30.0,37.0,0.0,37.0,TGS GROUP SDN. BHD.,0.0,0.0,,TGS.pdf
,MAGICLEAN BATHROOM STAIN & MOLD TRIGGER 12X400ML,12.0,34.5,0.0,34.5,TGS GROUP SDN. BHD.,0.0,0.0,,TGS.pdf
,BREEZE LIQUID COLOUR CARE 4X3.6KG,4.0,25.7,0.0,25.7,TGS GROUP SDN. BHD.,0.0,0.0,,TGS.pdf
,COKE ZERO 12X1.25LT,12.0,8.9,0.0,8.9,TGS GROUP SDN. BHD.,0.0,0.0,,TGS.pdf
,MAMEE PREMIUM NOODLE (D) 8(X70G),8.0,11.5,0.0,11.5,TGS GROUP SDN. BHD.,0.0,0.0,,TGS.pdf
,MAMEE PREMIUM NOODLE (C) 8(X70G),8.0,11.5,0.0,11.5,TGS GROUP SDN. BHD.,0.0,0.0,,TGS.pdf
,MAMEE PREMIUM VEGETARIAN NOODLE 8(X70G),8.0,11.5,0.0,11.5,TGS GROUP SDN. BHD.,0.0,0.0,,TGS.pdf
,MAMEE EXPRESS CUP NOODLE TOMYAM 24X65G,24.0,13.0,0.0,13.0,TGS GROUP SDN. BHD.,0.0,0.0,,TGS.pdf
,MAMEE EXPRESS CUP NOODLE VEGETABLE 24X65G,24.0,13.0,0.0,13.0,TGS GROUP SDN. BHD.,0.0,0.0,,TGS.pdf
,KEROPUK ORIGINAL CAP MENARA 30(8X80G),30.0,21.6,0.0,21.6,TGS GROUP SDN. BHD.,0.0,0.0,,TGS.pdf
,KEROPUK SIRA CAP MENARA 30(8X80G),30.0,21.6,0.0,21.6,TGS GROUP SDN. BHD.,0.0,0.0,,TGS.pdf
,DOUBLE DECKER F/P CHEESE RING 10(10X60G),10.0,8.5,0.0,8.5,TGS GROUP SDN. BHD.,0.0,0.0,,TGS.pdf
,DOUBLE DECKER F/P CHICKEN 10(10X60G),10.0,8.5,0.0,8.5,TGS GROUP SDN. BHD.,0.0,0.0,,TGS.pdf
,MAMEE MONSTER F/P CHICKEN 10(10X25G),10.0,13.5,0.0,13.5,TGS GROUP SDN. BHD.,0.0,0.0,,TGS.pdf
,MAMEE MONSTER F/P HOT & SPICY 10(10X25G),10.0,13.5,0.0,13.5,TGS GROUP SDN. BHD.,0.0,0.0,,TGS.pdf
,COKE 12X1.25LT,12.0,8.9,0.0,8.9,TGS GROUP SDN. BHD.,0.0,0.0,,TGS.pdf
,SPRITE 12X1.25LT,12.0,8.9,0.0,8.9,TGS GROUP SDN. BHD.,0.0,0.0,,tgs july.pdf
,A&W SARSAP 12X1.1LT,12.0,8.9,0.0,8.9,TGS GROUP SDN. BHD.,0.0,0.0,,TGS.pdf
,MAGGI HOT CUP TOM YAM (Non-returnable) 24X66G,24.0,10.0,0.0,10.0,TGS GROUP SDN. BHD.,0.0,0.0,,TGS.pdf
,MUNCHY'S OAT KRUNCH BREAKFAST CRANBERRY 12X192G,12.0,21.0,0.0,21.0,TGS GROUP SDN. BHD.,0.0,0.0,,TGS.pdf
,MUNCHY'S OAT KRUNCH BREAKFAST DARK CHOCOLATE BLUEBERRY 12X192G,12.0,21.0,0.0,21.0,TGS GROUP SDN. BHD.,0.0,0.0,,TGS.pdf
,MUNCHY CREAM CRACKER 12X300G,12.0,18.85,0.0,18.85,TGS GROUP SDN. BHD.,0.0,0.0,,tgs july.pdf
,MUNCHY ORIGINAL CREAM CRACKER 12X375G,12.0,18.85,0.0,18.85,TGS GROUP SDN. BHD.,0.0,0.0,,TGS.pdf
,MAGGI HOT CUP TOM YAM 24X66G,24.0,13.0,0.0,13.0,TGS GROUP SDN. BHD.,0.0,0.0,,TGS.pdf
,MAMEE EXPRESS CUP NOODLE CURRY 24X66G,24.0,13.0,0.0,13.0,TGS GROUP SDN. BHD.,0.0,0.0,,TGS.pdf
,MAMEE EXPRESS CUP NOODLE MUSHROOM 24X66G,24.0,13.0,0.0,13.0,TGS GROUP SDN. BHD.,0.0,0.0,,TGS.pdf
,BIKA (2170) PARTY PACK CHICKEN FLAV.CRACKERS (GRREN) 6X10X60G,60.0,22.5,0.0,22.5,TGS GROUP SDN. BHD.,0.0,0.0,,TGS.pdf
,NESTLE HONEY STAR 24X70G,24.0,22.0,0.0,22.0,TGS GROUP SDN. BHD.,0.0,0.0,,TGS.pdf
,NESTLE KOKO KRUNCH 24X70G,24.0,22.0,0.0,22.0,TGS GROUP SDN. BHD.,0.0,0.0,,TGS.pdf
,MAMEE PREMIUM CURRY NOODLE 8(X80G),8.0,11.5,0.0,11.5,TGS GROUP SDN. BHD.,0.0,0.0,,TGS.pdf
,LEXUS PEANUT BUTTER SANDWICH 12X190G,12.0,20.5,0.0,20.5,TGS GROUP SDN. BHD.,0.0,0.0,,TGS.pdf
,LEXUS CHEESE SANDWICH 12X190G,12.0,20.5,0.0,20.5,TGS GROUP SDN. BHD.,0.0,0.0,,tgs july.pdf
,LEXUS VEGETABLE CRACKER 12X200G,12.0,20.5,0.0,20.5,TGS GROUP SDN. BHD.,0.0,0.0,,TGS.pdf
,MUNCHY'S CHOCOLATE SANDWICH CRACKER 12X258G,12.0,18.85,0.0,18.85,TGS GROUP SDN. BHD.,0.0,0.0,,TGS.pdf
,MUNCHY'S SUGAR CRACKER 12X390G,12.0,18.85,0.0,18.85,TGS GROUP SDN. BHD.,0.0,0.0,,TGS.pdf
,MUNCHY VEGETABLE CRACKER 12X390G,12.0,18.85,0.0,18.85,TGS GROUP SDN. BHD.,0.0,0.0,,TGS.pdf
,F&N CORDIAL ROSE 6X2LT,6.0,22.6,0.0,22.6,TGS GROUP SDN. BHD.,0.0,0.0,,TGS.pdf
,F&N CORDIAL ORANGE 6X2LT,6.0,22.6,0.0,22.6,TGS GROUP SDN. BHD.,0.0,0.0,,TGS.pdf
,MAGGI CHILLI SAUCE 24X340G,24.0,27.9,0.0,27.9,TGS GROUP SDN. BHD.,0.0,0.0,,TGS.pdf
,MAGGI TOMATO KETCHUP 24X325G,24.0,27.9,0.0,27.9,TGS GROUP SDN. BHD.,0.0,0.0,,TGS.pdf
,TOP LIQUID ODOUR BUSTER 4X3.6KG,4.0,25.7,0.0,25.7,TGS GROUP SDN. BHD.,0.0,0.0,,TGS.pdf
,TOP LIQUID BRILLIANT WHITE 4X3.6KG,4.0,25.7,0.0,25.7,TGS GROUP SDN. BHD.,0.0,0.0,,TGS.pdf
,FALL LIQUID COLOUR CARE 6X2.5LT,6.0,39.5,0.0,39.5,TGS GROUP SDN. BHD.,0.0,0.0,,TGS.pdf
,DYNAMO LIQUID COLOUR CARE 6X2.5LT,6.0,39.5,0.0,39.5,TGS GROUP SDN. BHD.,0.0,0.0,,TGS.pdf
,DYNAMO LIQUID ANTI BACTERIAL 450.00 LT,1.0,39.5,0.0,39.5,TGS GROUP SDN. BHD.,0.0,0.0,,TGS.pdf
,DYNAMO LIQUID EAU DE ROSE REFILL 6X2.5LT,6.0,39.5,0.0,39.5,TGS GROUP SDN. BHD.,0.0,0.0,,TGS.pdf
,DYNAMO LIQUID FRESH REFILL 6X2.5LT,6.0,39.5,0.0,39.5,TGS GROUP SDN. BHD.,0.0,0.0,,TGS.pdf
,FAB DETERGENT POWDER WHITE 18X660G,18.0,27.9,0.0,27.9,TGS GROUP SDN. BHD.,0.0,0.0,,tgs july.pdf
,FAB DETERGENT POWDER ANTI BACTERIAL 18X660G,18.0,27.9,0.0,27.9,TGS GROUP SDN. BHD.,0.0,0.0,,tgs july.pdf
,FAB LAUNDRY POWDER COTTON 5X2KG,5.0,20.5,0.0,20.5,TGS GROUP SDN. BHD.,0.0,0.0,,TGS.pdf
,MILO NUGGETS 30X25G,30.0,20.0,0.0,20.0,TGS GROUP SDN. BHD.,0.0,0.0,,TGS.pdf
,NESTLE MILO CEREAL 24X70G,24.0,22.0,0.0,22.0,TGS GROUP SDN. BHD.,0.0,0.0,,TGS.pdf
,SOFTLAN LIQUID FRAGRANCE OF COMFORT (PINK) 4X3.6KG,4.0,25.7,0.0,25.7,TGS GROUP SDN. BHD.,0.0,0.0,,TGS.pdf
,BREEZE LIQUID FRAGRANCE OF COMFORT (PINK) 4X3.6KG,4.0,25.7,0.0,25.7,TGS GROUP SDN. BHD.,0.0,0.0,,TGS.pdf
,ZEES SUPER RING CHEESE CRACKERS 30X75G,30.0,22.5,0.0,22.5,TGS GROUP SDN. BHD.,0.0,0.0,,TGS.pdf
,ZEES SAVOURY CRACKERS ORIGINAL 30X75G,30.0,22.5,0.0,22.5,TGS GROUP SDN. BHD.,0.0,0.0,,TGS.pdf
,SUPER RING CHEESE CRACKERS 30X75G,30.0,22.5,0.0,22.5,TGS GROUP SDN. BHD.,0.0,0.0,,TGS.pdf
,ORIENTAL CHEESE BALL,100.0,34.0,0.0,34.0,TGS GROUP SDN. BHD.,0.0,0.0,,TGS.pdf
,POPO MURUKU SHOWLEMY FUNPACK ORIGINAL 24X8X140G,24.0,27.0,0.0,27.0,TGS GROUP SDN. BHD.,0.0,0.0,,TGS.pdf
,XWIDE BLEACH COLOUR LIQUID 6X2LT,6.0,21.0,0.0,21.0,TGS GROUP SDN. BHD.,0.0,0.0,,TGS.pdf
,SOFTLAN FLORAL FANTASY REFILL 8X1.6LT,8.0,13.6,0.0,13.6,TGS GROUP SDN. BHD.,0.0,0.0,,TGS.pdf
,TOP LIQUID BLOOMING PLEASURE 4X3.6KG,4.0,25.7,0.0,25.7,TGS GROUP SDN. BHD.,0.0,0.0,,TGS.pdf
,100 PLUS 12X1.75L,12.0,12.3,0.0,12.3,TGS GROUP SDN. BHD.,0.0,0.0,,TGS.pdf
,HUP SENG DELUXE ORIGINAL CRACKERS 12X250G,12.0,19.5,0.0,19.5,TGS GROUP SDN. BHD.,0.0,0.0,,TGS.pdf
,HUP SENG DELUXE SUGAR CRACKERS 12X250G,12.0,19.5,0.0,19.5,TGS GROUP SDN. BHD.,0.0,0.0,,TGS.pdf
,MUNCHY'S CHOCOLATE SANDWICH 12X258G,12.0,18.85,0.0,18.85,TGS GROUP SDN. BHD.,0.0,0.0,,TGS.pdf
,MAGICLEAN TOILET BLEACH REGULAR 12X500ML,12.0,24.0,0.0,24.0,TGS GROUP SDN. BHD.,0.0,0.0,,TGS.pdf
,TG 35g Honey Sunflower (1 CTN x 10 Bag x 12 Pkts.),120.0,60.0,0.0,60.0,TONG GARDEN FOOD (SINGAPORE) PTE. LTD.,0.0,0.0,,TONG GARDEN.pdf
,TG 40g Salted Peanuts (1 CTN x 10 Bag x 12 Pkts.),120.0,60.0,0.0,60.0,TONG GARDEN FOOD (SINGAPORE) PTE. LTD.,0.0,0.0,,TONG GARDEN.pdf
,TG 40g Honey Peanuts (1 CTN x 10 Bag x 12 Pkts.),120.0,60.0,0.0,60.0,TONG GARDEN FOOD (SINGAPORE) PTE. LTD.,0.0,0.0,,TONG GARDEN.pdf
,TG 28g Peanuts Mixed Anchovy (1 CTN x 10 Bag x 12 Pkts.),120.0,60.0,0.0,60.0,TONG GARDEN FOOD (SINGAPORE) PTE. LTD.,0.0,0.0,,TONG GARDEN.pdf
,TG 45g Coconut Coated Peanuts (1 CTN x 10 Bag x 12 Pkts.),120.0,60.0,0.0,60.0,TONG GARDEN FOOD (SINGAPORE) PTE. LTD.,0.0,0.0,,TONG GARDEN.pdf
,TG 40g Satay Broad Beans (1 CTN x 10 Bag x 12 Pkts.),120.0,60.0,0.0,60.0,TONG GARDEN FOOD (SINGAPORE) PTE. LTD.,0.0,0.0,,TONG GARDEN.pdf
,TG 40g Wasabi Coated Green Peas (1 CTN x 10 Bag x 12 Pkts.),120.0,60.0,0.0,60.0,TONG GARDEN FOOD (SINGAPORE) PTE. LTD.,0.0,0.0,,TONG GARDEN.pdf
,TG 40g Party Snack (1 CTN x 10 Bag x 12 Pkts.),120.0,60.0,0.0,60.0,TONG GARDEN FOOD (SINGAPORE) PTE. LTD.,0.0,0.0,,TONG GARDEN.pdf
,TG 30g Honey Sunflower (1 CTN x 10 DP x 12 Pkts.),120.0,60.0,0.0,60.0,TONG GARDEN FOOD (SINGAPORE) PTE. LTD.,0.0,0.0,,TONG GARDEN.pdf
,TG 30g Salted Sunflower (1 CTN x 10 DP x 12 Pkts.),120.0,60.0,0.0,60.0,TONG GARDEN FOOD (SINGAPORE) PTE. LTD.,0.0,0.0,,TONG GARDEN.pdf
,TG 40g Coated Green Peas (1 CTN x 10 Bag x 12 Pkts.),120.0,60.0,0.0,60.0,TONG GARDEN FOOD (SINGAPORE) PTE. LTD.,0.0,0.0,,TONG GARDEN.pdf
,DOVE SHOWER BEAUTY MOISTURE MYSG 12X1L,12.0,96.96,0.0,96.96,U DISTRIBUTION PTE. LTD.,0.0,0.0,,U DISTRIBUTION JAN TO MAY.pdf
,DOVE SHOWER EXFOLIATING MYSG 12X1L,12.0,96.96,0.0,96.96,U DISTRIBUTION PTE. LTD.,0.0,0.0,,U DISTRIBUTION JAN TO MAY.pdf
,DOVE REVIVE BW MYSG 4X3X1000ML,12.0,96.96,0.0,96.96,U DISTRIBUTION PTE. LTD.,0.0,0.0,,U DISTRIBUTION JAN TO MAY.pdf
,DOVE AQUA BODYWASH NFG STK 12X1000G,12.0,55.44,0.0,55.44,U DISTRIBUTION PTE. LTD.,0.0,0.0,,U DISTRIBUTION JAN TO MAY.pdf
,DOVE DLC AD SH STR 12X680ML,12.0,55.44,0.0,55.44,U DISTRIBUTION PTE. LTD.,0.0,0.0,,U DISTRIBUTION JAN TO MAY.pdf
,DOVE DLC D CARE SH STR 12X680ML,12.0,55.44,0.0,55.44,U DISTRIBUTION PTE. LTD.,0.0,0.0,,U DISTRIBUTION JAN TO MAY.pdf
,DOVE DLC D CARE CD STR 12X660ML,12.0,55.44,0.0,55.44,U DISTRIBUTION PTE. LTD.,0.0,0.0,,U DISTRIBUTION JAN TO MAY.pdf
,DOVE DLC IDT CD STR 12X660ML,12.0,55.44,0.0,55.44,U DISTRIBUTION PTE. LTD.,0.0,0.0,,U DISTRIBUTION JAN TO MAY.pdf
,DOVE DLC IDT SH STR 12X680ML,12.0,55.44,0.0,55.44,U DISTRIBUTION PTE. LTD.,0.0,0.0,,U DISTRIBUTION JAN TO MAY.pdf
,LUX LIQ MAGICAL ORCHID24 RF 12X800ML,12.0,56.64,0.0,56.64,U DISTRIBUTION PTE. LTD.,0.0,0.0,,U DISTRIBUTION JAN TO MAY.pdf
,LUX LIQ BRIGHTENING GLOW RF 12X800ML,12.0,56.64,0.0,56.64,U DISTRIBUTION PTE. LTD.,0.0,0.0,,U DISTRIBUTION JAN TO MAY.pdf
,LUX LIQ ROSY GLOW RF 12X800ML,12.0,56.64,0.0,56.64,U DISTRIBUTION PTE. LTD.,0.0,0.0,,U DISTRIBUTION JAN TO MAY.pdf
,SUNSILK SH SMO&MANAGE SPC MYSG 12X625ML,12.0,94.56,0.0,94.56,U DISTRIBUTION PTE. LTD.,0.0,0.0,,U DISTRIBUTION JAN TO MAY.pdf
,SUNSILK HC PERF STR SNR MYSG 4X3X300ML,12.0,61.8,0.0,61.8,U DISTRIBUTION PTE. LTD.,0.0,0.0,,U DISTRIBUTION JAN TO MAY.pdf
,SUNSILK HC HFSOLUTION SNR MYSG 4X3X300ML,12.0,61.8,0.0,61.8,U DISTRIBUTION PTE. LTD.,0.0,0.0,,U DISTRIBUTION JAN TO MAY.pdf
,SUNSILK HC SMO&MNGBLE SNR MYSG 4X3X300ML,12.0,61.8,0.0,61.8,U DISTRIBUTION PTE. LTD.,0.0,0.0,,U DISTRIBUTION JAN TO MAY.pdf
,SUNSILK SH SMO&MANAGEABLE SNR 12X625ML,12.0,94.56,0.0,94.56,U DISTRIBUTION PTE. LTD.,0.0,0.0,,U DISTRIBUTION JAN TO MAY.pdf
,SUNSILK SH PERFECT STRAIGHT SNR 12X625ML,12.0,94.56,0.0,94.56,U DISTRIBUTION PTE. LTD.,0.0,0.0,,U DISTRIBUTION JAN TO MAY.pdf
,SUNSILK SHP HFSOLUTION SNR MYSG 12X625ML,12.0,94.56,0.0,94.56,U DISTRIBUTION PTE. LTD.,0.0,0.0,,U DISTRIBUTION JAN TO MAY.pdf
,JIAJIA HERBAL TEA HERITAGE ORIGINAL 24S,24.0,12.75,0.0,12.75,UNICO DISTRIBUTION SERVICES PTE LTD,0.0,0.0,,UNICO.pdf
,Chippy BBQ 110Gx10x3,30.0,25.23,0.0,25.23,URC FOODS (SINGAPORE) PTE LTD,0.0,0.0,,URC FOODS JAN TO MAY.pdf
,PIATTOS SOUR CREAM & ONION 85Gx10x3,30.0,25.23,0.0,25.23,URC FOODS (SINGAPORE) PTE LTD,0.0,0.0,,URC FOODS JAN TO MAY.pdf
,PIATTOS CHEESE 85Gx10x3,30.0,25.23,0.0,25.23,URC FOODS (SINGAPORE) PTE LTD,0.0,0.0,,URC FOODS JAN TO MAY.pdf
,C2 Green Tea Lemon 455 ml x 6 x 4 (SG),24.0,12.0,0.0,12.0,URC FOODS (SINGAPORE) PTE LTD,0.0,0.0,,URC FOODS JAN TO MAY.pdf
,C2 Black Tea Peach 455 ml x 6 x 4 (SG),24.0,12.0,0.0,12.0,URC FOODS (SINGAPORE) PTE LTD,0.0,0.0,,URC FOODS JAN TO MAY.pdf
,Cream-O Choco Vani 85g x 24 (SG),24.0,8.25,0.0,8.25,URC FOODS (SINGAPORE) PTE LTD,0.0,0.0,,URC FOODS JAN TO MAY.pdf
,Cream-O Brown Choco 85g x24 (SG),24.0,8.25,0.0,8.25,URC FOODS (SINGAPORE) PTE LTD,0.0,0.0,,URC FOODS JAN TO MAY.pdf
,Cream-O Strawberry Yoghurt 85g x 24 (SG),24.0,8.25,0.0,8.25,URC FOODS (SINGAPORE) PTE LTD,0.0,0.0,,URC FOODS JAN TO MAY.pdf
,JNJ P.CHIPS SOG 70GX20S,20.0,25.0,0.0,25.0,URC FOODS (SINGAPORE) PTE LTD,0.0,0.0,,URC FOODS JAN TO MAY.pdf
,JNJ P.CHIPS BBQ 15GX8SX10 FP S'PORE,10.0,24.0,0.0,24.0,URC FOODS (SINGAPORE) PTE LTD,0.0,0.0,,URC FOODS JAN TO MAY.pdf
,JNJ P.CHIPS SAL 15GX8SX10 FP-S'PORE,10.0,24.0,0.0,24.0,URC FOODS (SINGAPORE) PTE LTD,0.0,0.0,,URC FOODS JAN TO MAY.pdf
,ROLLER COASTER BBQ 18GX8SX10 FP(FY18) SG,10.0,21.03,0.0,21.03,URC FOODS (SINGAPORE) PTE LTD,0.0,0.0,,URC FOODS JAN TO MAY.pdf
,ROLLER COASTER CHS 18GX8SX10 FP(FY18) SG,10.0,21.03,0.0,21.03,URC FOODS (SINGAPORE) PTE LTD,0.0,0.0,,URC FOODS JAN TO MAY.pdf
,ROLLER COASTER BBQ 100GX14SX1 CAN SG,14.0,16.25,0.0,16.25,URC FOODS (SINGAPORE) PTE LTD,0.0,0.0,,URC FOODS JAN TO MAY.pdf
,ROLLER COASTER CHEESE 100GX14SX1 CAN SG,14.0,16.25,0.0,16.25,URC FOODS (SINGAPORE) PTE LTD,0.0,0.0,,URC FOODS JAN TO MAY.pdf
,ROLLER COASTER ORIGINAL 100GX14SX1,14.0,16.25,0.0,16.25,URC FOODS (SINGAPORE) PTE LTD,0.0,0.0,,URC FOODS JAN TO MAY.pdf
,ROLLER COASTER HOT&SPICY 100GX14S,14.0,16.25,0.0,16.25,URC FOODS (SINGAPORE) PTE LTD,0.0,0.0,,URC FOODS JAN TO MAY.pdf
,JNJ P.CHIPS NORI SEAWEED 70GX20S SG,20.0,25.0,0.0,25.0,URC FOODS (SINGAPORE) PTE LTD,0.0,0.0,,URC FOODS JAN TO MAY.pdf
,CDM Black Forest 130g 6 x (12 x 130g),72.0,155.38709677419354,0.0,155.38709677419354,WEMBS MARKETING SDN. BHD.,0.0,0.0,,WEMBS JAN TO MAY.pdf
,CDM Chipsmore Sharebag 125g 16 x 125g,16.0,38.45161290322581,0.0,38.45161290322581,WEMBS MARKETING SDN. BHD.,0.0,0.0,,WEMBS JAN TO MAY.pdf
,CDM Doybag Hazelnut (10's) 16 x 120g,16.0,38.45161290322581,0.0,38.45161290322581,WEMBS MARKETING SDN. BHD.,0.0,0.0,,WEMBS JAN TO MAY.pdf
,CDM Fruit & Nut 130g 6 x (12 x 130g),72.0,155.38709677419354,0.0,155.38709677419354,WEMBS MARKETING SDN. BHD.,0.0,0.0,,WEMBS JAN TO MAY.pdf
,CDM Oreo Sharebag 125g 16 x 125g,16.0,38.45161290322581,0.0,38.45161290322581,WEMBS MARKETING SDN. BHD.,0.0,0.0,,WEMBS JAN TO MAY.pdf
,Cheezels Bbq Cheese 60g 6 x (10 x 60g),60.0,31.741935483870968,0.0,31.741935483870968,WEMBS MARKETING SDN. BHD.,0.0,0.0,,WEMBS JAN TO MAY.pdf
,Cheezels Original 140g 12 x 140g,12.0,13.387096774193548,0.0,13.387096774193548,WEMBS MARKETING SDN. BHD.,0.0,0.0,,WEMBS JAN TO MAY.pdf
,Cheezels Original 60g 6 x (10 x 60g),60.0,31.741935483870968,0.0,31.741935483870968,WEMBS MARKETING SDN. BHD.,0.0,0.0,,WEMBS JAN TO MAY.pdf
,Cheezels Original Mp 15 x (8 x 13g),15.0,21.580645161290324,0.0,21.580645161290324,WEMBS MARKETING SDN. BHD.,0.0,0.0,,WEMBS JAN TO MAY.pdf
,Chipsmore Almond Crunch 1x24x117g,24.0,21.806451612903224,0.0,21.806451612903224,WEMBS MARKETING SDN. BHD.,0.0,0.0,,WEMBS JAN TO MAY.pdf
,Chipsmore Double Choc 135g 24 x 135g,24.0,24.19354838709677,0.0,24.19354838709677,WEMBS MARKETING SDN. BHD.,0.0,0.0,,WEMBS JAN TO MAY.pdf
,Chipsmore Double Choc Handy Mp 16 x (8 x 24g),16.0,27.354838709677416,0.0,27.354838709677416,WEMBS MARKETING SDN. BHD.,0.0,0.0,,WEMBS JAN TO MAY.pdf
,Chipsmore Double Choc Mini 72g 48 x 72g,48.0,27.096774193548388,0.0,27.096774193548388,WEMBS MARKETING SDN. BHD.,0.0,0.0,,WEMBS JAN TO MAY.pdf
,Chipsmore Hazelnut 135g 24 x 135g,24.0,24.19354838709677,0.0,24.19354838709677,WEMBS MARKETING SDN. BHD.,0.0,0.0,,WEMBS JAN TO MAY.pdf
,Chipsmore Hazelnut Handy Mp 16 x (8 x 24g),16.0,27.354838709677416,0.0,27.354838709677416,WEMBS MARKETING SDN. BHD.,0.0,0.0,,WEMBS JAN TO MAY.pdf
,Chipsmore Hazelnut Mini 72g 48 x 72g,48.0,27.096774193548388,0.0,27.096774193548388,WEMBS MARKETING SDN. BHD.,0.0,0.0,,WEMBS JAN TO MAY.pdf
,Chipsmore Original 135g 24 x 135g,24.0,24.19354838709677,0.0,24.19354838709677,WEMBS MARKETING SDN. BHD.,0.0,0.0,,WEMBS JAN TO MAY.pdf
,Chipsmore Original Handy Mp 16 x (8 x 24g),16.0,8.82258064516129,0.0,8.82258064516129,WEMBS MARKETING SDN. BHD.,0.0,0.0,,WEMBS JAN TO MAY.pdf
,Chipsmore Original Mini 72g 48 x 72g,48.0,27.096774193548388,0.0,27.096774193548388,WEMBS MARKETING SDN. BHD.,0.0,0.0,,WEMBS JAN TO MAY.pdf
,Halls xs Blueberry 24 x (12 x 20's),288.0,161.5483870967742,0.0,161.5483870967742,WEMBS MARKETING SDN. BHD.,0.0,0.0,,WEMBS JAN TO MAY.pdf
,Halls xs Lime 24 x (12 x 20's),288.0,161.5483870967742,0.0,161.5483870967742,WEMBS MARKETING SDN. BHD.,0.0,0.0,,WEMBS JAN TO MAY.pdf
,Halls xs Mentho-Lyptus 24 x (12 x 20's),288.0,161.5483870967742,0.0,161.5483870967742,WEMBS MARKETING SDN. BHD.,0.0,0.0,,WEMBS JAN TO MAY.pdf
,Ibumie Dry Noodles - Original 12 x (5's x 80g),12.0,18.29032258064516,0.0,18.29032258064516,WEMBS MARKETING SDN. BHD.,0.0,0.0,,WEMBS JAN TO MAY.pdf
,Ibumie Dry Noodles - Prawn Har Mee 12 x (5's x 80g),12.0,18.29032258064516,0.0,18.29032258064516,WEMBS MARKETING SDN. BHD.,0.0,0.0,,WEMBS JAN TO MAY.pdf
,Ibumie Dry Noodles - Thai Tom Yam 12 x (5's x 80g),12.0,18.29032258064516,0.0,18.29032258064516,WEMBS MARKETING SDN. BHD.,0.0,0.0,,WEMBS JAN TO MAY.pdf
,Lingham's Chili Sauce 12 x 280ml,12.0,18.032258064516128,0.0,18.032258064516128,WEMBS MARKETING SDN. BHD.,0.0,0.0,,WEMBS JAN TO MAY.pdf
,Lingham's Garlic Chili Sauce 12 x 280ml,12.0,19.580645161290324,0.0,19.580645161290324,WEMBS MARKETING SDN. BHD.,0.0,0.0,,WEMBS JAN TO MAY.pdf
,Lingham's Sriracha Chili Sauce 12 x 280ml,12.0,19.580645161290324,0.0,19.580645161290324,WEMBS MARKETING SDN. BHD.,0.0,0.0,,WEMBS JAN TO MAY.pdf
,Lingham's Thai Chili Sauce 12 x 280ml,12.0,19.580645161290324,0.0,19.580645161290324,WEMBS MARKETING SDN. BHD.,0.0,0.0,,WEMBS JAN TO MAY.pdf
,Mamee Monster - BBQ 10 x (10 x 25g),10.0,13.66774193548387,0.0,13.66774193548387,WEMBS MARKETING SDN. BHD.,0.0,0.0,,WEMBS JAN TO MAY.pdf
,Mamee Monster - Chicken 10 x (10 x 25g),10.0,13.66774193548387,0.0,13.66774193548387,WEMBS MARKETING SDN. BHD.,0.0,0.0,,WEMBS JAN TO MAY.pdf
,Mamee Monster - Hot & Spicy 10 x (10 x 25g),10.0,13.66774193548387,0.0,13.66774193548387,WEMBS MARKETING SDN. BHD.,0.0,0.0,,WEMBS JAN TO MAY.pdf
,Ribena Concentrate Regular 12 x 600ml,12.0,33.16129032258064,0.0,33.16129032258064,WEMBS MARKETING SDN. BHD.,0.0,0.0,,WEMBS JAN TO MAY.pdf
,Ribena Pasttile w Ziplock - Mixberries 24 x (12 x 46g),288.0,278.1935483870968,0.0,278.1935483870968,WEMBS MARKETING SDN. BHD.,0.0,0.0,,WEMBS JAN TO MAY.pdf
,Ribena Pasttile w Ziplock - Regular 24 x (12 x 46g),288.0,278.1935483870968,0.0,278.1935483870968,WEMBS MARKETING SDN. BHD.,0.0,0.0,,WEMBS JAN TO MAY.pdf
,Super Ring 6 x (10 x 60g),60.0,35.97096774193548,0.0,35.97096774193548,WEMBS MARKETING SDN. BHD.,0.0,0.0,,WEMBS JAN TO MAY.pdf
,Tiger Chocolate (Mld Pack) 24 x 144.4g,24.0,16.967741935483872,0.0,16.967741935483872,WEMBS MARKETING SDN. BHD.,0.0,0.0,,WEMBS JAN TO MAY.pdf
,Tiger Chocolate (Small) 8 x (12 x 53.2g),96.0,22.19354838709677,0.0,22.19354838709677,WEMBS MARKETING SDN. BHD.,0.0,0.0,,WEMBS JAN TO MAY.pdf
,Tiger Chocolate Multipack 12 x 372.4g,12.0,20.516129032258064,0.0,20.516129032258064,WEMBS MARKETING SDN. BHD.,0.0,0.0,,WEMBS JAN TO MAY.pdf
,Tiger Marie 249.7g 12 x 249.7g,12.0,12.774193548387096,0.0,12.774193548387096,WEMBS MARKETING SDN. BHD.,0.0,0.0,,WEMBS JAN TO MAY.pdf
,Tiger Original (Mld Pack) 24 x 144.4g,24.0,16.967741935483872,0.0,16.967741935483872,WEMBS MARKETING SDN. BHD.,0.0,0.0,,WEMBS JAN TO MAY.pdf
,Tiger Original (Small) 8 x (12 x 53.2g),96.0,22.19354838709677,0.0,22.19354838709677,WEMBS MARKETING SDN. BHD.,0.0,0.0,,WEMBS JAN TO MAY.pdf
,Twisties Cheeky Cheddar Cheese 140g 18 x 140g,18.0,20.0,0.0,20.0,WEMBS MARKETING SDN. BHD.,0.0,0.0,,WEMBS JAN TO MAY.pdf
,Twisties Cheeky Cheddar Cheese 60g 6 x (10 x 60g),60.0,31.516129032258064,0.0,31.516129032258064,WEMBS MARKETING SDN. BHD.,0.0,0.0,,WEMBS JAN TO MAY.pdf
,Twisties Cheeky Cheddar Cheese MP 30 x (8 x 13g),30.0,42.48387096774193,0.0,42.48387096774193,WEMBS MARKETING SDN. BHD.,0.0,0.0,,WEMBS JAN TO MAY.pdf
,Twisties Cherry Tomato Bomb 140g 18 x 140g,18.0,20.0,0.0,20.0,WEMBS MARKETING SDN. BHD.,0.0,0.0,,WEMBS JAN TO MAY.pdf
,Twisties Cherry Tomato Bomb 60g 6 x (10 x 60g),60.0,31.516129032258064,0.0,31.516129032258064,WEMBS MARKETING SDN. BHD.,0.0,0.0,,WEMBS JAN TO MAY.pdf
,Twisties Chipster Flaming BBQ 130g 12 x 130g,12.0,21.774193548387096,0.0,21.774193548387096,WEMBS MARKETING SDN. BHD.,0.0,0.0,,WEMBS JAN TO MAY.pdf
,Twisties Chipster Flaming BBQ 60g 3 x (10 x 60g),30.0,27.58064516129032,0.0,27.58064516129032,WEMBS MARKETING SDN. BHD.,0.0,0.0,,WEMBS JAN TO MAY.pdf
,Twisties Chipster Hot & Spicy 130g 12 x 130g,12.0,21.774193548387096,0.0,21.774193548387096,WEMBS MARKETING SDN. BHD.,0.0,0.0,,WEMBS JAN TO MAY.pdf
,Twisties Chipster Original 60g 3 x (10 x 60g),30.0,27.93548387096774,0.0,27.93548387096774,WEMBS MARKETING SDN. BHD.,0.0,0.0,,WEMBS JAN TO MAY.pdf
,Twisties Chipster SC & Onion 130g 12 x 130g,12.0,6.941935483870967,0.0,6.941935483870967,WEMBS MARKETING SDN. BHD.,0.0,0.0,,WEMBS JAN TO MAY.pdf
,Twisties Chipster SC & Onion 60g 3 x (10 x 60g),30.0,27.93548387096774,0.0,27.93548387096774,WEMBS MARKETING SDN. BHD.,0.0,0.0,,WEMBS JAN TO MAY.pdf
,Twisties Flaming Cheese 60g 6 x (10 x 60g),60.0,31.516129032258064,0.0,31.516129032258064,WEMBS MARKETING SDN. BHD.,0.0,0.0,,WEMBS JAN TO MAY.pdf
,Twisties Kaboom BBQ Curry 140g 18 x 140g,18.0,20.0,0.0,20.0,WEMBS MARKETING SDN. BHD.,0.0,0.0,,WEMBS JAN TO MAY.pdf
,Twisties Kaboom BBQ Curry 60g 6 x (10 x 60g),60.0,31.516129032258064,0.0,31.516129032258064,WEMBS MARKETING SDN. BHD.,0.0,0.0,,WEMBS JAN TO MAY.pdf
,Twisties Kaboom BBQ Curry MP 30 x (8 x 13g),30.0,42.48387096774193,0.0,42.48387096774193,WEMBS MARKETING SDN. BHD.,0.0,0.0,,WEMBS JAN TO MAY.pdf
,Twisties Roast Chicken Dance 140g 18 x 140g,18.0,20.0,0.0,20.0,WEMBS MARKETING SDN. BHD.,0.0,0.0,,WEMBS JAN TO MAY.pdf
,Twisties Roast Chicken Dance 60g 6 x (10 x 60g),60.0,31.516129032258064,0.0,31.516129032258064,WEMBS MARKETING SDN. BHD.,0.0,0.0,,WEMBS JAN TO MAY.pdf
,3 Legs CW 200ml 三脚标清热水 8 x 6's x 200ml (NL) (1 ctn x 8 clusters x 6's x 200ml) SC#0000-0006-71,8.0,23.5,0.0,23.5,WEN KEN MARKETING (S) PTE LTD,0.0,0.0,,wenken Jan to May.pdf
,3 Legs CW 24 x 320ml 三脚标清热水 24 x 320ml(Lychee Flavor) -NL (1 ctn x 24btl x 320ml) POM-TR.152685211E,24.0,20.87,0.0,20.87,WEN KEN MARKETING (S) PTE LTD,0.0,0.0,,wenken Jan to May.pdf
,3 Legs CW 24 x 320ml 三脚标清热水 24 x 320ml(Lime Flavor) - NL (1 ctn x 24btl x 320ml) POM-TR.162691861E,24.0,20.87,0.0,20.87,WEN KEN MARKETING (S) PTE LTD,0.0,0.0,,wenken Jan to May.pdf
,3 Legs CW 24 x 320ml 三脚标清热水 24 x 320ml(Guava Flavor) -NL (1 ctn x 24btl x 320ml) POM-TR.152685201E,24.0,20.87,0.0,20.87,WEN KEN MARKETING (S) PTE LTD,0.0,0.0,,wenken Jan to May.pdf
,380ML PET LONGAN RED DATE DK X24 SG,24.0,22.8,0.0,22.8,YHS (SINGAPORE) PTE LTD,0.0,0.0,,YHS JAN TO MAY.pdf
,CAN325ML KICKAPOO JOY JUICE ORIG5%X24 SG,24.0,8.209090909,0.0,8.209090909,YHS (SINGAPORE) PTE LTD,0.0,0.0,,YHS JAN TO MAY.pdf
,300ML CAN YEOS CHRY TEA 5% HCS X24 SG,24.0,8.209090909,0.0,8.209090909,YHS (SINGAPORE) PTE LTD,0.0,0.0,,YHS JAN TO MAY.pdf
,300ML CAN YEOS GRASS JELLY DK X24(LS) SG,24.0,8.209090909,0.0,8.209090909,YHS (SINGAPORE) PTE LTD,0.0,0.0,,YHS JAN TO MAY.pdf
,300ML CAN YEOS SOY BEAN DK 5HCS X24 SG,24.0,8.4,0.0,8.4,YHS (SINGAPORE) PTE LTD,0.0,0.0,,YHS JAN TO MAY.pdf
,300ML CAN YEOS WINTER MELON X24(3.8) MYSG,24.0,8.209090909,0.0,8.209090909,YHS (SINGAPORE) PTE LTD,0.0,0.0,,YHS JAN TO MAY.pdf
,PET500ML KICKAPOO JOY JUICE ORIG5%X24_SG,24.0,11.4,0.0,11.4,YHS (SINGAPORE) PTE LTD,0.0,0.0,,YHS JAN TO MAY.pdf
,1.5L PET KICKAPOO JOY JUICE MANGOx12 SG,12.0,9.9,0.0,9.9,YHS (SINGAPORE) PTE LTD,0.0,0.0,,YHS JAN TO MAY.pdf
,PET1.5L KICKAPOO JOY JUICE ORIG5%X12_SG,12.0,11.88,0.0,11.88,YHS (SINGAPORE) PTE LTD,0.0,0.0,,YHS JAN TO MAY.pdf
,250ML TB YEOS F.HARVEST GT HORSE 4X6 SG,4.0,3.930927835,0.0,3.930927835,YHS (SINGAPORE) PTE LTD,0.0,0.0,,YHS JAN TO MAY.pdf
,IKA'S KARA SQUID HONEY 6'S S,48.0,36.8,0.0,36.8,WINSTAR MARKETING PTE. LTD.,0.0,0.0,,winstar Jan to May.pdf
,IKA'S KARA SQUID ORIGINAL 6'S S,48.0,36.8,0.0,36.8,WINSTAR MARKETING PTE. LTD.,0.0,0.0,,winstar Jan to May.pdf
,IKA'S KARA SQUID SPICY 6'S S,48.0,36.8,0.0,36.8,WINSTAR MARKETING PTE. LTD.,0.0,0.0,,winstar Jan to May.pdf
,MAGICLEAN BATHROOM REFILL LEMON 500MLX24,24.0,50.99570732337088,0.0,50.99570732337088,MJ TIAN SDN. BHD.,0.0,0.0,,MJ TIAN.pdf
,MAGICLEAN STAIN & MOULD REFILL 400MLX12,12.0,27.30529645289352,0.0,27.30529645289352,MJ TIAN SDN. BHD.,0.0,0.0,,MJ TIAN.pdf
,MAGICLEAN KITCHEN REFILL LIME 500MLX24,24.0,50.99570732337088,0.0,50.99570732337088,MJ TIAN SDN. BHD.,0.0,0.0,,MJ TIAN.pdf
,MAGICLEAN TOILET BLEACH 500MLX12,12.0,23.722686634606077,0.0,23.722686634606077,MJ TIAN SDN. BHD.,0.0,0.0,,MJ TIAN.pdf
,MAGICLEAN TOILET BLEACH LEMON 500MLX12,12.0,23.722686634606077,0.0,23.722686634606077,MJ TIAN SDN. BHD.,0.0,0.0,,MJ TIAN.pdf
,SOFTLAN FLORAL FANTASY 1.6LX8,8.0,14.201336216634928,0.0,14.201336216634928,MJ TIAN SDN. BHD.,0.0,0.0,,MJ TIAN.pdf
,SOFTLAN LAVENDER FRESH 1.6X8,8.0,14.201336216634928,0.0,14.201336216634928,MJ TIAN SDN. BHD.,0.0,0.0,,MJ TIAN.pdf
,SOFTLAN SPRING FRESH 1.6LX8,16.0,14.201336216634928,0.0,14.201336216634928,MJ TIAN SDN. BHD.,0.0,0.0,,MJ TIAN.pdf
,CHEEZELS BBQ CHEESE 60GX10X6,60.0,30.66197592227996,0.0,30.66197592227996,MJ TIAN SDN. BHD.,0.0,0.0,,MJ TIAN.pdf
,CHEEZELS ORIGINAL 60GMX10X6,60.0,30.66197592227996,0.0,30.66197592227996,MJ TIAN SDN. BHD.,0.0,0.0,,MJ TIAN.pdf
,CHEEZELS CHEEZY CHEESE (ORIGINAL) 140GX12,12.0,12.813478359100152,0.0,12.813478359100152,MJ TIAN SDN. BHD.,0.0,0.0,,MJ TIAN.pdf
,CHEEZELS ORIGINAL MULTIPACK 13GX8X15,15.0,20.172352580447345,0.0,20.172352580447345,MJ TIAN SDN. BHD.,0.0,0.0,,MJ TIAN.pdf
,CHIPSMORE DBL CHOCOLATE MINI 80G/72GX48,48.0,28.886808895200595,0.0,28.886808895200595,MJ TIAN SDN. BHD.,0.0,0.0,,MJ TIAN.pdf
,CHIPSMORE ORIGINAL MINI 80G/72GX48,48.0,28.886808895200595,0.0,28.886808895200595,MJ TIAN SDN. BHD.,0.0,0.0,,MJ TIAN.pdf
,CHIPSMORE ORIGINAL HANDY MP 24GX8X16 (4275553/4310368),16.0,28.031501145789623,0.0,28.031501145789623,MJ TIAN SDN. BHD.,0.0,0.0,,MJ TIAN.pdf
,TWISTIES TOMATO 60GX10X6,60.0,30.66197592227996,0.0,30.66197592227996,MJ TIAN SDN. BHD.,0.0,0.0,,MJ TIAN.pdf
,TWISTIES KABOOM BBQ CURRY 60GX10X6,60.0,30.66197592227996,0.0,30.66197592227996,MJ TIAN SDN. BHD.,0.0,0.0,,MJ TIAN.pdf
,TWISTIES CHEEKY CHEDDAR CHEESE 60GX10X6,60.0,30.66197592227996,0.0,30.66197592227996,MJ TIAN SDN. BHD.,0.0,0.0,,MJ TIAN.pdf
,TWISTIES ROAST CHICKEN DANCE 60GX10X6,60.0,30.66197592227996,0.0,30.66197592227996,MJ TIAN SDN. BHD.,0.0,0.0,,MJ TIAN.pdf
,TWISTER BBQ CURRY 140GX18,18.0,19.04270083594229,0.0,19.04270083594229,MJ TIAN SDN. BHD.,0.0,0.0,,MJ TIAN.pdf
,TWISTIES CHEEKY CHEDDAR CHEESE 140GX18,18.0,19.04270083594229,0.0,19.04270083594229,MJ TIAN SDN. BHD.,0.0,0.0,,MJ TIAN.pdf
,TWISTIES ROAST CHICKEN DANCE 140GX18,18.0,19.04270083594229,0.0,19.04270083594229,MJ TIAN SDN. BHD.,0.0,0.0,,MJ TIAN.pdf
,TWISTIES CHERRY TOMATO 140GX18,18.0,19.04270083594229,0.0,19.04270083594229,MJ TIAN SDN. BHD.,0.0,0.0,,MJ TIAN.pdf
,TWISTIES KABOOM BBQ CURRY 13GX30X8,240.0,40.34470516089469,0.0,40.34470516089469,MJ TIAN SDN. BHD.,0.0,0.0,,MJ TIAN.pdf
,TWISTIES CHIPSTER SOUR CREAM & ONION 60GX10X3,30.0,27.11164186812123,0.0,27.11164186812123,MJ TIAN SDN. BHD.,0.0,0.0,,MJ TIAN.pdf
,TWISTIES CHIPSTER HOT & SPICY 60GX10X3,30.0,27.11164186812123,0.0,27.11164186812123,MJ TIAN SDN. BHD.,0.0,0.0,,MJ TIAN.pdf
,TWISTIES CHIPSTER FLAMING BBQ 60GX10X3,30.0,27.11164186812123,0.0,27.11164186812123,MJ TIAN SDN. BHD.,0.0,0.0,,MJ TIAN.pdf
,TWISTIES CHIPSTER FLAMING BBQ 130GX12,12.0,21.302004324952392,0.0,21.302004324952392,MJ TIAN SDN. BHD.,0.0,0.0,,MJ TIAN.pdf
,TWISTIES CHIPSTER SOUR CREAM & ONION 130GX12,12.0,21.302004324952392,0.0,21.302004324952392,MJ TIAN SDN. BHD.,0.0,0.0,,MJ TIAN.pdf
,TWISTIES CHIPSTER HOT & SPICY 130GX12,12.0,21.302004324952392,0.0,21.302004324952392,MJ TIAN SDN. BHD.,0.0,0.0,,MJ TIAN.pdf
,MAGGI HOT CUP CURRY 58GX6X9,54.0,31.307491204854276,0.0,31.307491204854276,MJ TIAN SDN. BHD.,0.0,0.0,,MJ TIAN.pdf
,MAGICLEAN BATHROOM TRIGGER LEMON 500MLX24,24.0,59.60688119291224,0.0,59.60688119291224,MJ TIAN SDN. BHD.,0.0,0.0,,MJ TIAN.pdf
,MAGICLEAN KITCHEN TRIGGER LIME 500MLX24,24.0,59.60688119291224,0.0,59.60688119291224,MJ TIAN SDN. BHD.,0.0,0.0,,MJ TIAN.pdf
,MAGICLEAN STAIN & MOULD TRIGGER 400MLX12,12.0,35.0514798437853,0.0,35.0514798437853,MJ TIAN SDN. BHD.,0.0,0.0,,MJ TIAN.pdf
,MAGGI HOT CUP TOM YAM 61GX6X9,54.0,31.307491204854276,0.0,31.307491204854276,MJ TIAN SDN. BHD.,0.0,0.0,,MJ TIAN.pdf
,SUPER RING CHEESE 14GX8X30,30.0,33.566794693864374,0.0,33.566794693864374,MJ TIAN SDN. BHD.,0.0,0.0,,MJ TIAN.pdf
,ORIENTAL ROTA PRAWN CRACKERS (FAMILY PACK) 14GX8X30,30.0,33.566794693864374,0.0,33.566794693864374,MJ TIAN SDN. BHD.,0.0,0.0,,MJ TIAN.pdf
,PLANTA MARGARINE 2.5KGX6,6.0,57.12810250782688,0.0,57.12810250782688,MJ TIAN SDN. BHD.,0.0,0.0,,MJ TIAN.pdf
,LIGO Raisin Seedless 30g*144~Not Ret~,144.0,71.87017001545595,0.0,71.87017001545595,JB YAP BROTHERS FOOD SDN. BHD.,0.0,0.0,,JB YAP JAN TO MAY.pdf
,LOT 100 Gummy Mango 130g*24+4,24.0,35.54868624420402,0.0,35.54868624420402,JB YAP BROTHERS FOOD SDN. BHD.,0.0,0.0,,JB YAP JAN TO MAY.pdf
,FUYUN Peeled Chestnut 108g*50,50.0,49.90984028851108,0.0,49.90984028851108,JB YAP BROTHERS FOOD SDN. BHD.,0.0,0.0,,JB YAP JAN TO MAY.pdf
,KHY Mini Latiao 72*12 (Not Ret),144.0,29.75270479134467,0.0,29.75270479134467,JB YAP BROTHERS FOOD SDN. BHD.,0.0,0.0,,JB YAP JAN TO MAY.pdf
,TRAIN Slice Of Haw 180g*40,40.0,54.09582689335394,0.0,54.09582689335394,JB YAP BROTHERS FOOD SDN. BHD.,0.0,0.0,,JB YAP JAN TO MAY.pdf
,BIKA Ayam M 60g*10*6,60.0,27.43431221020093,0.0,27.43431221020093,JB YAP BROTHERS FOOD SDN. BHD.,0.0,0.0,,JB YAP JAN TO MAY.pdf
,DOLPHIN Jelly With Nata Mango 32g*8*24,24.0,18.160741885625967,0.0,18.160741885625967,JB YAP BROTHERS FOOD SDN. BHD.,0.0,0.0,,JB YAP JAN TO MAY.pdf
,JACKER Wafer Cube Choco 80g*30,30.0,27.04791344667697,0.0,27.04791344667697,JB YAP BROTHERS FOOD SDN. BHD.,0.0,0.0,,JB YAP JAN TO MAY.pdf
,JACKER Wafer Cube Hazelnut 80g*30,30.0,27.04791344667697,0.0,27.04791344667697,JB YAP BROTHERS FOOD SDN. BHD.,0.0,0.0,,JB YAP JAN TO MAY.pdf
,JACKER Wafer Cube Peanut 80g*30,30.0,27.04791344667697,0.0,27.04791344667697,JB YAP BROTHERS FOOD SDN. BHD.,0.0,0.0,,JB YAP JAN TO MAY.pdf
,SNEK KU Pick Fine (22g*8)*24,24.0,29.366306027820716,0.0,29.366306027820716,JB YAP BROTHERS FOOD SDN. BHD.,0.0,0.0,,JB YAP JAN TO MAY.pdf
,Kickapoo Carbonated Drink 24 x 320ml,24.0,8.403683324741829,0.0,8.403683324741829,SKY PLUS TRADING (M) SDN. BHD.,0.0,0.0,,SKY PLUS.pdf
,Maggi Hot Cup Tom Yam 9(6 x 60g) Exp Date: 31/10/2026,54.0,65.04000121064557,0.0,65.04000121064557,SKY PLUS TRADING (M) SDN. BHD.,0.0,0.0,,SKY PLUS.pdf
,Milo Active-Go Softpack 24 x 400g Exp Date: 30/04/2027,24.0,11.108317038451842,0.0,11.108317038451842,SKY PLUS TRADING (M) SDN. BHD.,0.0,0.0,,SKY PLUS.pdf
,Indomie Mi Goreng -Asli 8 x 5's x 80g Exp Date: 28/01/2027,8.0,11.108317038451842,0.0,11.108317038451842,SKY PLUS TRADING (M) SDN. BHD.,0.0,0.0,,SKY PLUS.pdf
,Indomie Mi Goreng -Special 8 x 5's x 85g Exp Date: 10/02/2027,8.0,11.108317038451842,0.0,11.108317038451842,SKY PLUS TRADING (M) SDN. BHD.,0.0,0.0,,SKY PLUS.pdf
,Indomie Mi Goreng - Hot & Spicy 8 x 5's x 80g Exp Date: 03/10/2026,8.0,11.108317038451842,0.0,11.108317038451842,SKY PLUS TRADING (M) SDN. BHD.,0.0,0.0,,SKY PLUS.pdf
,Mamee Express Cup Curry 24 x 65g,24.0,12.39623785450423,0.0,12.39623785450423,SKY PLUS TRADING (M) SDN. BHD.,0.0,0.0,,SKY PLUS.pdf
,Mamee Express Cup Chicken 24 x 64g,24.0,12.39623785450423,0.0,12.39623785450423,SKY PLUS TRADING (M) SDN. BHD.,0.0,0.0,,SKY PLUS.pdf
,Mamee Express Cup Tomyam 24 x 68g,24.0,12.36403983410292,0.0,12.36403983410292,SKY PLUS TRADING (M) SDN. BHD.,0.0,0.0,,SKY PLUS.pdf
,Pokka Ice Lemon Tea 4 x 6 x 250ml,4.0,7.985109059524802,0.0,7.985109059524802,SKY PLUS TRADING (M) SDN. BHD.,0.0,0.0,,SKY PLUS.pdf
,Dettol Original Anti Bacterial Bodywash Refill 12 x 750g,12.0,35.09584223742756,0.0,35.09584223742756,SKY PLUS TRADING (M) SDN. BHD.,0.0,0.0,,SKY PLUS.pdf
,Dettol Lasting Fresh Anti Bacterial Bodywash Refill 12 x 750g,12.0,35.09584223742756,0.0,35.09584223742756,SKY PLUS TRADING (M) SDN. BHD.,0.0,0.0,,SKY PLUS.pdf
,Dettol Instant Cool Anti Bacterial Bodywash Refill 12 x 750g,12.0,35.09584223742756,0.0,35.09584223742756,SKY PLUS TRADING (M) SDN. BHD.,0.0,0.0,,SKY PLUS.pdf
,Dettol Original Anti Bacterial Bodywash Refill 6 x 2 x 750g (Twin Pack),6.0,31.87604019729659,0.0,31.87604019729659,SKY PLUS TRADING (M) SDN. BHD.,0.0,0.0,,SKY PLUS.pdf
,Dettol Instant Cool Anti Bacterial Bodywash Refill 6 x 2 x 750g/720g (Twin Pack),6.0,31.87604019729659,0.0,31.87604019729659,SKY PLUS TRADING (M) SDN. BHD.,0.0,0.0,,SKY PLUS.pdf
,Lifebuoy Body Wash Cool Refill 6 x (2 x 800ml) Twin Pack,6.0,39.60356509361092,0.0,39.60356509361092,SKY PLUS TRADING (M) SDN. BHD.,0.0,0.0,,SKY PLUS.pdf
,Lifebuoy Body Wash Lemon Fresh Refill 6 x (2 x 800ml) Twin Pack,6.0,39.60356509361092,0.0,39.60356509361092,SKY PLUS TRADING (M) SDN. BHD.,0.0,0.0,,SKY PLUS.pdf
,Lifebuoy Body Wash Total 10 Refill 6 x (2 x 800ml) Twin Pack,6.0,39.60356509361092,0.0,39.60356509361092,SKY PLUS TRADING (M) SDN. BHD.,0.0,0.0,,SKY PLUS.pdf
,100 Plus Isotonic Drink 24+4 x 325ml Exp Date: 28/01/2027,24.0,9.756000181596836,0.0,9.756000181596836,SKY PLUS TRADING (M) SDN. BHD.,0.0,0.0,,SKY PLUS.pdf
,Coca-Cola 24 x 320ml Exp Date: 05/02/2027,24.0,9.337425916379807,0.0,9.337425916379807,SKY PLUS TRADING (M) SDN. BHD.,0.0,0.0,,SKY PLUS.pdf
,Pepsi Cola 12 x 320ml Exp Date: 08/01/2027,12.0,3.7510693767525782,0.0,3.7510693767525782,SKY PLUS TRADING (M) SDN. BHD.,0.0,0.0,,SKY PLUS.pdf
,7UP Lemon Lime 12 x 320ml Exp Date: 04/01/2027,12.0,3.7510693767525782,0.0,3.7510693767525782,SKY PLUS TRADING (M) SDN. BHD.,0.0,0.0,,SKY PLUS.pdf
,Kickapoo Carbonated Drink 12 x 320ml Exp Date: 10/01/2027,12.0,34.451881829401366,0.0,34.451881829401366,SKY PLUS TRADING (M) SDN. BHD.,0.0,0.0,,SKY PLUS.pdf
,"Pokka Jasmine Green Tea 4 x 6 x 250ml Exp Date: 17/02/2027, 02/04/2027, 07/05/2027",4.0,7.985109059524802,0.0,7.985109059524802,SKY PLUS TRADING (M) SDN. BHD.,0.0,0.0,,SKY PLUS.pdf
,Yeo's Chrysantemum Tea 4 x 6 x 250ml Exp Date: 06/08/2027,4.0,5.409267427420028,0.0,5.409267427420028,SKY PLUS TRADING (M) SDN. BHD.,0.0,0.0,,SKY PLUS.pdf
,Yeo's Lychee 4 x 6 x 250ml Exp Date: 10/03/2027,4.0,5.409267427420028,0.0,5.409267427420028,SKY PLUS TRADING (M) SDN. BHD.,0.0,0.0,,SKY PLUS.pdf
,"Yeo's Soya Bean 4 x 6 x 250ml Exp Date: 26/01/2027, 11/03/2027",4.0,5.409267427420028,0.0,5.409267427420028,SKY PLUS TRADING (M) SDN. BHD.,0.0,0.0,,SKY PLUS.pdf
,Maggi Hot Cup Curry 9 (6 x 58g) Exp Date: 30/11/2026,54.0,34.451881829401366,0.0,34.451881829401366,SKY PLUS TRADING (M) SDN. BHD.,0.0,0.0,,SKY PLUS.pdf
,"Maggi Hot Cup Chicken 9(6 x 57g) Exp Date: 31/10/2026, 30/11/2026",54.0,34.451881829401366,0.0,34.451881829401366,SKY PLUS TRADING (M) SDN. BHD.,0.0,0.0,,SKY PLUS.pdf
,Milo Original RTD Box 4 x 5+1 x 200ml Exp Date: 31/12/2026,4.0,10.786336834438746,0.0,10.786336834438746,SKY PLUS TRADING (M) SDN. BHD.,0.0,0.0,,SKY PLUS.pdf
,Apollo Original Cake 12 x 24pcs x 18g (3010) Exp Date: 31/07/2027,12.0,31.87604019729659,0.0,31.87604019729659,SKY PLUS TRADING (M) SDN. BHD.,0.0,0.0,,SKY PLUS.pdf
,Apollo Pandan Cake 12 x 24pcs x 18g (3030) Exp Date: 31/07/2027,12.0,31.87604019729659,0.0,31.87604019729659,SKY PLUS TRADING (M) SDN. BHD.,0.0,0.0,,SKY PLUS.pdf
,Apollo Cocoa Cake 12 x 24pcs x 18g (3040) Exp Date: 31/08/2027,12.0,31.87604019729659,0.0,31.87604019729659,SKY PLUS TRADING (M) SDN. BHD.,0.0,0.0,,SKY PLUS.pdf
,Apollo Strawberry Cake 12 x 24pcs x 18g (3060) Exp Date:31/10/2027,12.0,31.87604019729659,0.0,31.87604019729659,SKY PLUS TRADING (M) SDN. BHD.,0.0,0.0,,SKY PLUS.pdf
,Apollo Banana Cake 12 x 24pcs x 18g (3050) Exp Date: 31/07/2027,12.0,31.87604019729659,0.0,31.87604019729659,SKY PLUS TRADING (M) SDN. BHD.,0.0,0.0,,SKY PLUS.pdf
,Apollo Blueberry Cake 12 x 24pcs x 18g (3080) Exp Date: 31/07/2027,12.0,31.87604019729659,0.0,31.87604019729659,SKY PLUS TRADING (M) SDN. BHD.,0.0,0.0,,SKY PLUS.pdf
,Apollo Chocolate Cake 12 x 24pcs x 18g/16g (3020) Exp Date: 30/09/2027,12.0,36.70574325749305,0.0,36.70574325749305,SKY PLUS TRADING (M) SDN. BHD.,0.0,0.0,,SKY PLUS.pdf
,100 PLUS 500ML,24.0,13.2,0.0,13.2,SY FOODSTUFFS & TRADING PTE LTD,0.0,0.0,,SY.pdf
,100 PLUS ZERO 24 X 325ML,24.0,13.5,0.0,13.5,SY FOODSTUFFS & TRADING PTE LTD,0.0,0.0,,SY.pdf
,F&N STRAWBERRY 24 X 500ML,24.0,12.8,0.0,12.8,SY FOODSTUFFS & TRADING PTE LTD,0.0,0.0,,SY.pdf
,POKKA GREEN TEA (LESS) 24 X 500ML,24.0,11.0,0.0,11.0,SY FOODSTUFFS & TRADING PTE LTD,0.0,0.0,,SY.pdf
,PRISTIN DRINKING WATER 24 X 500ML,24.0,2.4,0.0,2.4,SY FOODSTUFFS & TRADING PTE LTD,0.0,0.0,,SY.pdf
,COKE ORIGINAL (CAN) 24 X 320ML,24.0,9.3,0.0,9.3,SY FOODSTUFFS & TRADING PTE LTD,0.0,0.0,,SY.pdf
,[DRINK] NESCAFE ORIGINAL 24 X 240ML,24.0,13.2,0.0,13.2,SY FOODSTUFFS & TRADING PTE LTD,0.0,0.0,,SY.pdf
,100 PLUS (CAN) 24 X 325ML,24.0,9.3,0.0,9.3,SY FOODSTUFFS & TRADING PTE LTD,0.0,0.0,,SY.pdf
,F&N SEASON LEMON TEA (CAN) 24 X 300ML,24.0,8.3,0.0,8.3,SY FOODSTUFFS & TRADING PTE LTD,0.0,0.0,,SY.pdf
,F&N ICE CREAM SODA 24 X 500ML,24.0,12.8,0.0,12.8,SY FOODSTUFFS & TRADING PTE LTD,0.0,0.0,,SY.pdf
,F&N SARSI 24 X 500ML,24.0,12.8,0.0,12.8,SY FOODSTUFFS & TRADING PTE LTD,0.0,0.0,,SY.pdf
,PRISTIN DRINKING WATER 12 X 1.5L,12.0,2.4,0.0,2.4,SY FOODSTUFFS & TRADING PTE LTD,0.0,0.0,,SY.pdf
,F&N ORANGE 24 X 500ML,24.0,12.8,0.0,12.8,SY FOODSTUFFS & TRADING PTE LTD,0.0,0.0,,SY.pdf
,F&N FRUITADE 24 X 500ML,24.0,12.8,0.0,12.8,SY FOODSTUFFS & TRADING PTE LTD,0.0,0.0,,SY.pdf
,F&N GRAPE 24 X 500ML,24.0,12.8,0.0,12.8,SY FOODSTUFFS & TRADING PTE LTD,0.0,0.0,,SY.pdf
,F&N ZAPPEL 24 X 500ML,24.0,12.8,0.0,12.8,SY FOODSTUFFS & TRADING PTE LTD,0.0,0.0,,SY.pdf
,BREEZE FLUID PERFUME 4 X 3.8KG,4.0,24.2,0.0,24.2,SY FOODSTUFFS & TRADING PTE LTD,0.0,0.0,,SY.pdf
,WANG LAO JI (CAN) 王老吉 24 X 310ML,24.0,11.5,0.0,11.5,SY FOODSTUFFS & TRADING PTE LTD,0.0,0.0,,SY.pdf
,HSC OLDENLANDIA (CAN) 24 X 320ML,24.0,12.8,0.0,12.8,SY FOODSTUFFS & TRADING PTE LTD,0.0,0.0,,SY.pdf
,100 PLUS (CAN) 28TIN 24 X 325ML,28.0,10.5,0.0,10.5,SY FOODSTUFFS & TRADING PTE LTD,0.0,0.0,,SY.pdf
,100PLUS ZERO 12 X 1.5L,12.0,12.45,0.0,12.45,SY FOODSTUFFS & TRADING PTE LTD,0.0,0.0,,SY.pdf
,QOO WHITE GRAPE (CAN) 美粒果白葡萄 24 X 300ML,24.0,12.4,0.0,12.4,SY FOODSTUFFS & TRADING PTE LTD,0.0,0.0,,SY.pdf
,F&N ICE CREAM SODA 12 X 1.1L,12.0,8.45,0.0,8.45,SY FOODSTUFFS & TRADING PTE LTD,0.0,0.0,,SY.pdf
,F&N SARSI 12 X 1.1L,12.0,8.45,0.0,8.45,SY FOODSTUFFS & TRADING PTE LTD,0.0,0.0,,SY.pdf
,F&N STRAWBERRY 12 X 1.1L,12.0,8.45,0.0,8.45,SY FOODSTUFFS & TRADING PTE LTD,0.0,0.0,,SY.pdf
,F&N ORANGE 12 X 1.1L,12.0,8.45,0.0,8.45,SY FOODSTUFFS & TRADING PTE LTD,0.0,0.0,,SY.pdf
,F&N ZAPPEL 12 X 1.1L,12.0,8.45,0.0,8.45,SY FOODSTUFFS & TRADING PTE LTD,0.0,0.0,,SY.pdf
,F&N GRAPE 12 X 1.1L,12.0,8.45,0.0,8.45,SY FOODSTUFFS & TRADING PTE LTD,0.0,0.0,,SY.pdf
,F&N FRUITADE 12 X 1.1L,12.0,8.45,0.0,8.45,SY FOODSTUFFS & TRADING PTE LTD,0.0,0.0,,SY.pdf
,A&W 1.25L 12 X 1.25L,12.0,8.6,0.0,8.6,SY FOODSTUFFS & TRADING PTE LTD,0.0,0.0,,SY.pdf
,SPRITE 1.25L 12 X 1.25L,12.0,8.95,0.0,8.95,SY FOODSTUFFS & TRADING PTE LTD,0.0,0.0,,SY.pdf
,YEOS SOYA BEAN (CAN) 24 X 300ML,24.0,8.3,0.0,8.3,SY FOODSTUFFS & TRADING PTE LTD,0.0,0.0,,SY.pdf
,YEOS CHRYSANTHEMUM TEA (CAN) 24 X 300ML,24.0,8.3,0.0,8.3,SY FOODSTUFFS & TRADING PTE LTD,0.0,0.0,,SY.pdf
,YEOS GRASS JELLY (CAN) 24 X 300ML,24.0,8.3,0.0,8.3,SY FOODSTUFFS & TRADING PTE LTD,0.0,0.0,,SY.pdf
,YEOS WINTERMELON (CAN) 24 X 300ML,24.0,8.3,0.0,8.3,SY FOODSTUFFS & TRADING PTE LTD,0.0,0.0,,SY.pdf
,MAGGI CURRY MEE 12 X 5PKT,12.0,14.8,0.0,14.8,SY FOODSTUFFS & TRADING PTE LTD,0.0,0.0,,SY.pdf
,CADBURY ALMOND BAR 吉百利杏仁巧克力 130G X 12 X 6,72.0,133.2,0.0,133.2,SY FOODSTUFFS & TRADING PTE LTD,0.0,0.0,,SY.pdf
,CADBURY HAZELNUT BAR 130G X 12 X 6,72.0,133.2,0.0,133.2,SY FOODSTUFFS & TRADING PTE LTD,0.0,0.0,,SY.pdf
,CADBURY MILK BAR 吉百利牛奶巧克力 130G X 12 X 6,72.0,133.2,0.0,133.2,SY FOODSTUFFS & TRADING PTE LTD,0.0,0.0,,SY.pdf
,CADBURY FRUIT & NUT BAR 吉百利水果坚果巧克力 130G X 12 X 6,72.0,133.2,0.0,133.2,SY FOODSTUFFS & TRADING PTE LTD,0.0,0.0,,SY.pdf
,TASBI DRINKING WATER 24 X 500ML,24.0,2.4,0.0,2.4,SY FOODSTUFFS & TRADING PTE LTD,0.0,0.0,,SY.pdf
,MILO (CAN) 24 X 240ML,24.0,13.2,0.0,13.2,SY FOODSTUFFS & TRADING PTE LTD,0.0,0.0,,SY.pdf
,MAGGI CHICKEN MEE 12 X 5PKT,12.0,12.5,0.0,12.5,SY FOODSTUFFS & TRADING PTE LTD,0.0,0.0,,SY.pdf
,BREEZE FD POWER SILKY SAKURA 4 X 240G,4.0,24.2,0.0,24.2,SY FOODSTUFFS & TRADING PTE LTD,0.0,0.0,,SY.pdf
,TOP STAIN BUSTER FD - BLUE 4 X 3.6KG,4.0,24.8,0.0,24.8,SY FOODSTUFFS & TRADING PTE LTD,0.0,0.0,,SY.pdf
,YEOS LYCHEE (PKT) 24 X 250ML,4.0,5.95,0.0,5.95,SY FOODSTUFFS & TRADING PTE LTD,0.0,0.0,,SY.pdf
,YEOS SOYA BEAN (PKT) 24 X 250ML,4.0,5.95,0.0,5.95,SY FOODSTUFFS & TRADING PTE LTD,0.0,0.0,,SY.pdf
,YEOS WINTERMELON (PKT) 24 X 250ML,4.0,5.95,0.0,5.95,SY FOODSTUFFS & TRADING PTE LTD,0.0,0.0,,SY.pdf
,YEOS CHRYSANTHEMUM TEA (PKT) 24 X 250ML,4.0,5.95,0.0,5.95,SY FOODSTUFFS & TRADING PTE LTD,0.0,0.0,,SY.pdf
,COKE 1.25L 可乐 12 X 1.25L,12.0,8.95,0.0,8.95,SY FOODSTUFFS & TRADING PTE LTD,0.0,0.0,,SY.pdf
,HSC OLDENLANDIA DRINK 24X325ML,24.0,12.2,0.0,12.2,TGS GROUP SDN. BHD.,0.0,0.0,,tgs july.pdf
,IBUMIE ALWAYS GORENG ASLI (5+1) NOODLE 12(6X80G),12.0,18.5,0.0,18.5,TGS GROUP SDN. BHD.,0.0,0.0,,tgs july.pdf
,HUP SENG CREAM CRACKER 12X428G,12.0,18.0,0.0,18.0,TGS GROUP SDN. BHD.,0.0,0.0,,tgs july.pdf
,HUP SENG DELUXE VEGETABLE CRACKERS 12X258G,12.0,19.0,0.0,19.0,TGS GROUP SDN. BHD.,0.0,0.0,,tgs july.pdf
,HUP SENG DELUXE SUGAR CRACKERS 12X258G,12.0,19.0,0.0,19.0,TGS GROUP SDN. BHD.,0.0,0.0,,tgs july.pdf
,LONDON CAKE ROLL CHOCOLATE 12X24X16G,24.0,29.2,0.0,29.2,TGS GROUP SDN. BHD.,0.0,0.0,,tgs july.pdf
,LONDON CAKE ROLL STRAWBERRY 12X24X16G,24.0,29.2,0.0,29.2,TGS GROUP SDN. BHD.,0.0,0.0,,tgs july.pdf
,LONDON CAKE ROLL VANILLA 12X24X16G,24.0,29.2,0.0,29.2,TGS GROUP SDN. BHD.,0.0,0.0,,tgs july.pdf
,LONDON CAKE ROLL COCONUT 12X24X16G,24.0,29.2,0.0,29.2,TGS GROUP SDN. BHD.,0.0,0.0,,tgs july.pdf
,ORIENTAL CHICKEN RING F/P 30(8X14G),30.0,37.0,0.0,37.0,TGS GROUP SDN. BHD.,0.0,0.0,,tgs july.pdf
,POPO MURUKU IKAN KEROPOK 20(24X12G),20.0,30.5,0.0,30.5,TGS GROUP SDN. BHD.,0.0,0.0,,tgs july.pdf
,LUNA LAUNDRY DETERGENT BLOOM FRESH 4X4.2KG,4.0,17.9,0.0,17.9,TGS GROUP SDN. BHD.,0.0,0.0,,tgs july.pdf
,LUNA LAUNDRY DETERGENT MIDNIGHT BREEZE 4X4.2KG,4.0,17.9,0.0,17.9,TGS GROUP SDN. BHD.,0.0,0.0,,tgs july.pdf
,LUNA LAUNDRY DETERGENT SOFT CARESS 4X4.2KG,4.0,17.9,0.0,17.9,TGS GROUP SDN. BHD.,0.0,0.0,,tgs july.pdf
,LUNA LAUNDRY DETERGENT 6X1.8LT,6.0,14.0,0.0,14.0,TGS GROUP SDN. BHD.,0.0,0.0,,tgs july.pdf
,LUNA LAUNDRY DETERGENT REFILL MIDNIGHT BREEZE 6X1.8LT,6.0,14.0,0.0,14.0,TGS GROUP SDN. BHD.,0.0,0.0,,tgs july.pdf
,LUNA LAUNDRY DETERGENT REFILL SOFT CARESS 6X1.8LT,6.0,14.0,0.0,14.0,TGS GROUP SDN. BHD.,0.0,0.0,,tgs july.pdf
,LUNA SOFTENER REFILL BLOOMING PETALS 6X1.8LT,6.0,8.5,0.0,8.5,TGS GROUP SDN. BHD.,0.0,0.0,,tgs july.pdf
,LUNA SOFTENER REFILL MIDNIGHT ORCHID 6X1.8LT,6.0,8.5,0.0,8.5,TGS GROUP SDN. BHD.,0.0,0.0,,tgs july.pdf
,LUNA SOFTENER REFILL VELVET LAVENDER 6X1.8LT,6.0,8.5,0.0,8.5,TGS GROUP SDN. BHD.,0.0,0.0,,tgs july.pdf
,POKKA JASMINE GREEN TEA 24X300ML,24.0,10.7,0.0,10.7,TGS GROUP SDN. BHD.,0.0,0.0,,tgs july.pdf
,MUNCHY'S FUNMIX ASSORTED BISCUIT (JUMBO) 6X900G,6.0,26.5,0.0,26.5,TGS GROUP SDN. BHD.,0.0,0.0,,tgs july.pdf
,MUNCHY'S WHEAT CRACKERS 12X276G,12.0,18.85,0.0,18.85,TGS GROUP SDN. BHD.,0.0,0.0,,tgs july.pdf
,LEXUS CHOCO CREAM COATED BISCUITS 12X200G,12.0,20.5,0.0,20.5,TGS GROUP SDN. BHD.,0.0,0.0,,tgs july.pdf
,JULIE'S PEANUT BUTTER 12X360G,12.0,34.5,0.0,34.5,TGS GROUP SDN. BHD.,0.0,0.0,,tgs july.pdf
,MAMEE PREMIUM VEGETARIAN NOODLE 8(5X78G),8.0,11.5,0.0,11.5,TGS GROUP SDN. BHD.,0.0,0.0,,tgs july.pdf
,MAMEE PREMIUM NOODLE (5+1) (C) 8(6X79G),8.0,11.5,0.0,11.5,TGS GROUP SDN. BHD.,0.0,0.0,,tgs july.pdf
,MAMEE EXPRESS CUP NOODLE CURRY 24X65G,24.0,13.0,0.0,13.0,TGS GROUP SDN. BHD.,0.0,0.0,,tgs july.pdf
,MAMEE EXPRESS CUP NOODLE TOMYAM 24X68G,24.0,13.0,0.0,13.0,TGS GROUP SDN. BHD.,0.0,0.0,,tgs july.pdf
,BENTOREE KOREAN SPICY (C) FLAVOUR NOODLE 30X71.5G,30.0,18.9,0.0,18.9,TGS GROUP SDN. BHD.,0.0,0.0,,tgs july.pdf
,IB CHOKI-CHOKI CHOCO 18(12X5X9G),18.0,113.0,0.0,113.0,TGS GROUP SDN. BHD.,0.0,0.0,,tgs july.pdf
,CLOUD 9 CANDY BUTTER CARAMEL (POUCH) 72X62.5G,72.0,47.9,0.0,47.9,TGS GROUP SDN. BHD.,0.0,0.0,,tgs july.pdf
,CLOUD 9 CANDY ICE LEMON TEA (POUCH) 72X62.5G,72.0,47.9,0.0,47.9,TGS GROUP SDN. BHD.,0.0,0.0,,tgs july.pdf
,CLOUD 9 CANDY CHOCOLATE CHEWS (POUCH) 72X62.5G,72.0,47.9,0.0,47.9,TGS GROUP SDN. BHD.,0.0,0.0,,tgs july.pdf
,FAB DETERGENT POWDER COTTON 18X660G,18.0,27.9,0.0,27.9,TGS GROUP SDN. BHD.,0.0,0.0,,tgs july.pdf
,FAB DETERGENT POWDER SAKURA 18X660G,18.0,27.9,0.0,27.9,TGS GROUP SDN. BHD.,0.0,0.0,,tgs july.pdf
,FAB LAUNDRY POWDER ANTI BACTERIAL 5X1.9KG,5.0,21.0,0.0,21.0,TGS GROUP SDN. BHD.,0.0,0.0,,tgs july.pdf
,FAB LAUNDRY POWDER SAKURA 5X1.9KG,5.0,21.0,0.0,21.0,TGS GROUP SDN. BHD.,0.0,0.0,,tgs july.pdf
,FAB LIQUID COLOUR CARE 4X3.5KG,4.0,28.5,0.0,28.5,TGS GROUP SDN. BHD.,0.0,0.0,,tgs july.pdf
,DOWNY PASSION REFILL 9X1.35LT,9.0,42.0,0.0,42.0,TGS GROUP SDN. BHD.,0.0,0.0,,tgs july.pdf
,DOWNY MYSTIQUE REFILL 9X1.35LT,9.0,42.0,0.0,42.0,TGS GROUP SDN. BHD.,0.0,0.0,,tgs july.pdf
,DOWNY GARDEN BLOOM REFILL 9X1.5LT,9.0,42.0,0.0,42.0,TGS GROUP SDN. BHD.,0.0,0.0,,tgs july.pdf
,DOWNY SUNRISE FRESH REFILL 9X1.5LT,9.0,42.0,0.0,42.0,TGS GROUP SDN. BHD.,0.0,0.0,,tgs july.pdf
