
Collecting usage statistics. To deactivate, set browser.gatherUsageStats to false.


  You can now view your Streamlit app in your browser.

  Local URL: http://localhost:8501
  Network URL: http://64.227.110.183:8501
  External URL: http://64.227.110.183:8501

2026-04-09 17:29:50.462 Uncaught app execution
Traceback (most recent call last):
  File "/root/kp/retail/rpoc/.venv/lib/python3.13/site-packages/streamlit/runtime/scriptrunner/exec_code.py", line 129, in exec_func_with_error_handling
    result = func()
  File "/root/kp/retail/rpoc/.venv/lib/python3.13/site-packages/streamlit/runtime/scriptrunner/script_runner.py", line 689, in code_to_exec
    exec(code, module.__dict__)  # noqa: S102
    ~~~~^^^^^^^^^^^^^^^^^^^^^^^
  File "/root/kp/retail/rpoc/src/rpoc/app.py", line 9, in <module>
    client = Groq(api_key = os.environ['GROQ_API_KEY'])
                            ~~~~~~~~~~^^^^^^^^^^^^^^^^
  File "<frozen os>", line 717, in __getitem__
KeyError: 'GROQ_API_KEY'
Killed
Hello from rpoc!

Collecting usage statistics. To deactivate, set browser.gatherUsageStats to false.


  You can now view your Streamlit app in your browser.

  Local URL: http://localhost:8501
  Network URL: http://64.227.110.183:8501
  External URL: http://64.227.110.183:8501

2026-04-11 00:13:38.322 Please replace `use_container_width` with `width`.

`use_container_width` will be removed after 2025-12-31.

For `use_container_width=True`, use `width='stretch'`. For `use_container_width=False`, use `width='content'`.
2026-04-11 00:14:49.000 Please replace `use_container_width` with `width`.

`use_container_width` will be removed after 2025-12-31.

For `use_container_width=True`, use `width='stretch'`. For `use_container_width=False`, use `width='content'`.
2026-04-11 00:14:49.604 Please replace `use_container_width` with `width`.

`use_container_width` will be removed after 2025-12-31.

For `use_container_width=True`, use `width='stretch'`. For `use_container_width=False`, use `width='content'`.
2026-04-11 00:16:01.323 Please replace `use_container_width` with `width`.

`use_container_width` will be removed after 2025-12-31.

For `use_container_width=True`, use `width='stretch'`. For `use_container_width=False`, use `width='content'`.
<string>:7: FutureWarning: Setting an item of incompatible dtype is deprecated and will raise an error in a future version of pandas. Value '17.142857142857142' has dtype incompatible with int64, please explicitly cast to a compatible dtype first.
2026-04-11 00:16:02.208 Please replace `use_container_width` with `width`.

`use_container_width` will be removed after 2025-12-31.

For `use_container_width=True`, use `width='stretch'`. For `use_container_width=False`, use `width='content'`.
2026-04-12 03:46:30.178 Please replace `use_container_width` with `width`.

`use_container_width` will be removed after 2025-12-31.

For `use_container_width=True`, use `width='stretch'`. For `use_container_width=False`, use `width='content'`.
2026-04-12 03:46:35.746 Please replace `use_container_width` with `width`.

`use_container_width` will be removed after 2025-12-31.

For `use_container_width=True`, use `width='stretch'`. For `use_container_width=False`, use `width='content'`.
2026-04-12 03:47:25.801 Please replace `use_container_width` with `width`.

`use_container_width` will be removed after 2025-12-31.

For `use_container_width=True`, use `width='stretch'`. For `use_container_width=False`, use `width='content'`.
2026-04-12 03:47:36.273 Please replace `use_container_width` with `width`.

`use_container_width` will be removed after 2025-12-31.

For `use_container_width=True`, use `width='stretch'`. For `use_container_width=False`, use `width='content'`.
2026-04-12 03:47:37.200 Please replace `use_container_width` with `width`.

`use_container_width` will be removed after 2025-12-31.

For `use_container_width=True`, use `width='stretch'`. For `use_container_width=False`, use `width='content'`.
2026-04-12 03:47:40.232 Please replace `use_container_width` with `width`.

`use_container_width` will be removed after 2025-12-31.

For `use_container_width=True`, use `width='stretch'`. For `use_container_width=False`, use `width='content'`.
2026-04-12 03:47:51.180 Please replace `use_container_width` with `width`.

`use_container_width` will be removed after 2025-12-31.

For `use_container_width=True`, use `width='stretch'`. For `use_container_width=False`, use `width='content'`.
2026-04-12 03:47:51.899 Please replace `use_container_width` with `width`.

`use_container_width` will be removed after 2025-12-31.

For `use_container_width=True`, use `width='stretch'`. For `use_container_width=False`, use `width='content'`.
2026-04-12 03:47:52.841 Please replace `use_container_width` with `width`.

`use_container_width` will be removed after 2025-12-31.

For `use_container_width=True`, use `width='stretch'`. For `use_container_width=False`, use `width='content'`.
2026-04-12 03:47:53.073 Please replace `use_container_width` with `width`.

`use_container_width` will be removed after 2025-12-31.

For `use_container_width=True`, use `width='stretch'`. For `use_container_width=False`, use `width='content'`.
2026-04-12 03:47:55.076 Please replace `use_container_width` with `width`.

`use_container_width` will be removed after 2025-12-31.

For `use_container_width=True`, use `width='stretch'`. For `use_container_width=False`, use `width='content'`.
2026-04-12 03:48:18.773 Please replace `use_container_width` with `width`.

`use_container_width` will be removed after 2025-12-31.

For `use_container_width=True`, use `width='stretch'`. For `use_container_width=False`, use `width='content'`.
2026-04-12 03:48:50.906 Please replace `use_container_width` with `width`.

`use_container_width` will be removed after 2025-12-31.

For `use_container_width=True`, use `width='stretch'`. For `use_container_width=False`, use `width='content'`.
2026-04-12 03:48:51.523 Please replace `use_container_width` with `width`.

`use_container_width` will be removed after 2025-12-31.

For `use_container_width=True`, use `width='stretch'`. For `use_container_width=False`, use `width='content'`.
2026-04-12 03:49:26.155 Please replace `use_container_width` with `width`.

`use_container_width` will be removed after 2025-12-31.

For `use_container_width=True`, use `width='stretch'`. For `use_container_width=False`, use `width='content'`.
2026-04-12 03:49:27.474 Please replace `use_container_width` with `width`.

`use_container_width` will be removed after 2025-12-31.

For `use_container_width=True`, use `width='stretch'`. For `use_container_width=False`, use `width='content'`.
2026-04-12 03:49:54.483 Please replace `use_container_width` with `width`.

`use_container_width` will be removed after 2025-12-31.

For `use_container_width=True`, use `width='stretch'`. For `use_container_width=False`, use `width='content'`.
2026-04-12 03:49:55.828 Please replace `use_container_width` with `width`.

`use_container_width` will be removed after 2025-12-31.

For `use_container_width=True`, use `width='stretch'`. For `use_container_width=False`, use `width='content'`.
2026-04-12 03:54:29.616 Please replace `use_container_width` with `width`.

`use_container_width` will be removed after 2025-12-31.

For `use_container_width=True`, use `width='stretch'`. For `use_container_width=False`, use `width='content'`.
2026-04-12 03:54:30.324 Please replace `use_container_width` with `width`.

`use_container_width` will be removed after 2025-12-31.

For `use_container_width=True`, use `width='stretch'`. For `use_container_width=False`, use `width='content'`.
2026-04-12 03:55:17.290 Please replace `use_container_width` with `width`.

`use_container_width` will be removed after 2025-12-31.

For `use_container_width=True`, use `width='stretch'`. For `use_container_width=False`, use `width='content'`.
2026-04-12 03:55:17.858 Please replace `use_container_width` with `width`.

`use_container_width` will be removed after 2025-12-31.

For `use_container_width=True`, use `width='stretch'`. For `use_container_width=False`, use `width='content'`.
2026-04-12 03:59:26.530 Please replace `use_container_width` with `width`.

`use_container_width` will be removed after 2025-12-31.

For `use_container_width=True`, use `width='stretch'`. For `use_container_width=False`, use `width='content'`.
2026-04-12 03:59:28.082 Please replace `use_container_width` with `width`.

`use_container_width` will be removed after 2025-12-31.

For `use_container_width=True`, use `width='stretch'`. For `use_container_width=False`, use `width='content'`.
2026-04-12 03:59:58.989 Please replace `use_container_width` with `width`.

`use_container_width` will be removed after 2025-12-31.

For `use_container_width=True`, use `width='stretch'`. For `use_container_width=False`, use `width='content'`.
2026-04-12 04:00:00.175 Please replace `use_container_width` with `width`.

`use_container_width` will be removed after 2025-12-31.

For `use_container_width=True`, use `width='stretch'`. For `use_container_width=False`, use `width='content'`.
2026-04-12 04:02:26.317 Please replace `use_container_width` with `width`.

`use_container_width` will be removed after 2025-12-31.

For `use_container_width=True`, use `width='stretch'`. For `use_container_width=False`, use `width='content'`.
2026-04-12 04:02:27.276 Please replace `use_container_width` with `width`.

`use_container_width` will be removed after 2025-12-31.

For `use_container_width=True`, use `width='stretch'`. For `use_container_width=False`, use `width='content'`.
2026-04-12 04:02:37.441 Please replace `use_container_width` with `width`.

`use_container_width` will be removed after 2025-12-31.

For `use_container_width=True`, use `width='stretch'`. For `use_container_width=False`, use `width='content'`.
2026-04-12 04:02:54.344 Please replace `use_container_width` with `width`.

`use_container_width` will be removed after 2025-12-31.

For `use_container_width=True`, use `width='stretch'`. For `use_container_width=False`, use `width='content'`.
2026-04-12 04:03:32.387 Please replace `use_container_width` with `width`.

`use_container_width` will be removed after 2025-12-31.

For `use_container_width=True`, use `width='stretch'`. For `use_container_width=False`, use `width='content'`.
Killed
Hello from rpoc!

Collecting usage statistics. To deactivate, set browser.gatherUsageStats to false.


  You can now view your Streamlit app in your browser.

  Local URL: http://localhost:8501
  Network URL: http://64.227.110.183:8501
  External URL: http://64.227.110.183:8501

2026-04-14 03:32:08.277 Please replace `use_container_width` with `width`.

`use_container_width` will be removed after 2025-12-31.

For `use_container_width=True`, use `width='stretch'`. For `use_container_width=False`, use `width='content'`.
2026-04-14 03:39:59.573 Please replace `use_container_width` with `width`.

`use_container_width` will be removed after 2025-12-31.

For `use_container_width=True`, use `width='stretch'`. For `use_container_width=False`, use `width='content'`.
2026-04-14 03:40:00.125 Please replace `use_container_width` with `width`.

`use_container_width` will be removed after 2025-12-31.

For `use_container_width=True`, use `width='stretch'`. For `use_container_width=False`, use `width='content'`.
2026-04-14 04:02:34.261 Please replace `use_container_width` with `width`.

`use_container_width` will be removed after 2025-12-31.

For `use_container_width=True`, use `width='stretch'`. For `use_container_width=False`, use `width='content'`.
Killed
Hello from rpoc!
   Building rpoc @ file:///root/kp/retail/rpoc
      Built rpoc @ file:///root/kp/retail/rpoc
Uninstalled 1 package in 0.52ms
Installed 2 packages in 3ms

Collecting usage statistics. To deactivate, set browser.gatherUsageStats to false.


  You can now view your Streamlit app in your browser.

  Local URL: http://localhost:8501
  Network URL: http://64.227.110.183:8501
  External URL: http://64.227.110.183:8501

2026-04-16 21:25:26.600 Please replace `use_container_width` with `width`.

`use_container_width` will be removed after 2025-12-31.

For `use_container_width=True`, use `width='stretch'`. For `use_container_width=False`, use `width='content'`.
2026-04-17 06:00:45.089 Please replace `use_container_width` with `width`.

`use_container_width` will be removed after 2025-12-31.

For `use_container_width=True`, use `width='stretch'`. For `use_container_width=False`, use `width='content'`.
2026-04-17 06:01:16.887 Please replace `use_container_width` with `width`.

`use_container_width` will be removed after 2025-12-31.

For `use_container_width=True`, use `width='stretch'`. For `use_container_width=False`, use `width='content'`.
2026-04-17 06:01:19.576 Please replace `use_container_width` with `width`.

`use_container_width` will be removed after 2025-12-31.

For `use_container_width=True`, use `width='stretch'`. For `use_container_width=False`, use `width='content'`.
2026-04-17 06:01:38.647 Please replace `use_container_width` with `width`.

`use_container_width` will be removed after 2025-12-31.

For `use_container_width=True`, use `width='stretch'`. For `use_container_width=False`, use `width='content'`.
2026-04-17 06:02:29.982 Please replace `use_container_width` with `width`.

`use_container_width` will be removed after 2025-12-31.

For `use_container_width=True`, use `width='stretch'`. For `use_container_width=False`, use `width='content'`.
2026-04-17 06:02:32.771 Please replace `use_container_width` with `width`.

`use_container_width` will be removed after 2025-12-31.

For `use_container_width=True`, use `width='stretch'`. For `use_container_width=False`, use `width='content'`.
2026-04-17 06:02:34.326 Please replace `use_container_width` with `width`.

`use_container_width` will be removed after 2025-12-31.

For `use_container_width=True`, use `width='stretch'`. For `use_container_width=False`, use `width='content'`.
2026-04-17 06:02:34.347 `label` got an empty value. This is discouraged for accessibility reasons and may be disallowed in the future by raising an exception. Please provide a non-empty label and hide it with label_visibility if needed.
Stack (most recent call last):
  File "/root/.local/share/uv/python/cpython-3.13.11-linux-x86_64-gnu/lib/python3.13/threading.py", line 1015, in _bootstrap
    self._bootstrap_inner()
  File "/root/.local/share/uv/python/cpython-3.13.11-linux-x86_64-gnu/lib/python3.13/threading.py", line 1044, in _bootstrap_inner
    self.run()
  File "/root/.local/share/uv/python/cpython-3.13.11-linux-x86_64-gnu/lib/python3.13/threading.py", line 995, in run
    self._target(*self._args, **self._kwargs)
  File "/root/kp/.venv/lib/python3.13/site-packages/streamlit/runtime/scriptrunner/script_runner.py", line 379, in _run_script_thread
    self._run_script(request.rerun_data)
  File "/root/kp/.venv/lib/python3.13/site-packages/streamlit/runtime/scriptrunner/script_runner.py", line 705, in _run_script
    ) = exec_func_with_error_handling(code_to_exec, ctx)
  File "/root/kp/.venv/lib/python3.13/site-packages/streamlit/runtime/scriptrunner/exec_code.py", line 129, in exec_func_with_error_handling
    result = func()
  File "/root/kp/.venv/lib/python3.13/site-packages/streamlit/runtime/scriptrunner/script_runner.py", line 689, in code_to_exec
    exec(code, module.__dict__)  # noqa: S102
  File "/root/kp/retail/rpoc/src/rpoc/app.py", line 311, in <module>
    elif col_s.checkbox("", key=f"s_{idx}"): selected.append(idx)
  File "/root/kp/.venv/lib/python3.13/site-packages/streamlit/runtime/metrics_util.py", line 532, in wrapped_func
    result = non_optional_func(*args, **kwargs)
  File "/root/kp/.venv/lib/python3.13/site-packages/streamlit/elements/widgets/checkbox.py", line 202, in checkbox
    return self._checkbox(
  File "/root/kp/.venv/lib/python3.13/site-packages/streamlit/elements/widgets/checkbox.py", line 396, in _checkbox
    maybe_raise_label_warnings(label, label_visibility)
  File "/root/kp/.venv/lib/python3.13/site-packages/streamlit/elements/lib/policies.py", line 187, in maybe_raise_label_warnings
    _LOGGER.warning(
2026-04-17 06:02:56.429 Please replace `use_container_width` with `width`.

`use_container_width` will be removed after 2025-12-31.

For `use_container_width=True`, use `width='stretch'`. For `use_container_width=False`, use `width='content'`.
2026-04-17 06:02:56.458 `label` got an empty value. This is discouraged for accessibility reasons and may be disallowed in the future by raising an exception. Please provide a non-empty label and hide it with label_visibility if needed.
Stack (most recent call last):
  File "/root/.local/share/uv/python/cpython-3.13.11-linux-x86_64-gnu/lib/python3.13/threading.py", line 1015, in _bootstrap
    self._bootstrap_inner()
  File "/root/.local/share/uv/python/cpython-3.13.11-linux-x86_64-gnu/lib/python3.13/threading.py", line 1044, in _bootstrap_inner
    self.run()
  File "/root/.local/share/uv/python/cpython-3.13.11-linux-x86_64-gnu/lib/python3.13/threading.py", line 995, in run
    self._target(*self._args, **self._kwargs)
  File "/root/kp/.venv/lib/python3.13/site-packages/streamlit/runtime/scriptrunner/script_runner.py", line 379, in _run_script_thread
    self._run_script(request.rerun_data)
  File "/root/kp/.venv/lib/python3.13/site-packages/streamlit/runtime/scriptrunner/script_runner.py", line 705, in _run_script
    ) = exec_func_with_error_handling(code_to_exec, ctx)
  File "/root/kp/.venv/lib/python3.13/site-packages/streamlit/runtime/scriptrunner/exec_code.py", line 129, in exec_func_with_error_handling
    result = func()
  File "/root/kp/.venv/lib/python3.13/site-packages/streamlit/runtime/scriptrunner/script_runner.py", line 689, in code_to_exec
    exec(code, module.__dict__)  # noqa: S102
  File "/root/kp/retail/rpoc/src/rpoc/app.py", line 311, in <module>
    elif col_s.checkbox("", key=f"s_{idx}"): selected.append(idx)
  File "/root/kp/.venv/lib/python3.13/site-packages/streamlit/runtime/metrics_util.py", line 532, in wrapped_func
    result = non_optional_func(*args, **kwargs)
  File "/root/kp/.venv/lib/python3.13/site-packages/streamlit/elements/widgets/checkbox.py", line 202, in checkbox
    return self._checkbox(
  File "/root/kp/.venv/lib/python3.13/site-packages/streamlit/elements/widgets/checkbox.py", line 396, in _checkbox
    maybe_raise_label_warnings(label, label_visibility)
  File "/root/kp/.venv/lib/python3.13/site-packages/streamlit/elements/lib/policies.py", line 187, in maybe_raise_label_warnings
    _LOGGER.warning(
2026-04-17 06:02:58.255 Please replace `use_container_width` with `width`.

`use_container_width` will be removed after 2025-12-31.

For `use_container_width=True`, use `width='stretch'`. For `use_container_width=False`, use `width='content'`.
2026-04-17 06:02:58.273 `label` got an empty value. This is discouraged for accessibility reasons and may be disallowed in the future by raising an exception. Please provide a non-empty label and hide it with label_visibility if needed.
Stack (most recent call last):
  File "/root/.local/share/uv/python/cpython-3.13.11-linux-x86_64-gnu/lib/python3.13/threading.py", line 1015, in _bootstrap
    self._bootstrap_inner()
  File "/root/.local/share/uv/python/cpython-3.13.11-linux-x86_64-gnu/lib/python3.13/threading.py", line 1044, in _bootstrap_inner
    self.run()
  File "/root/.local/share/uv/python/cpython-3.13.11-linux-x86_64-gnu/lib/python3.13/threading.py", line 995, in run
    self._target(*self._args, **self._kwargs)
  File "/root/kp/.venv/lib/python3.13/site-packages/streamlit/runtime/scriptrunner/script_runner.py", line 379, in _run_script_thread
    self._run_script(request.rerun_data)
  File "/root/kp/.venv/lib/python3.13/site-packages/streamlit/runtime/scriptrunner/script_runner.py", line 705, in _run_script
    ) = exec_func_with_error_handling(code_to_exec, ctx)
  File "/root/kp/.venv/lib/python3.13/site-packages/streamlit/runtime/scriptrunner/exec_code.py", line 129, in exec_func_with_error_handling
    result = func()
  File "/root/kp/.venv/lib/python3.13/site-packages/streamlit/runtime/scriptrunner/script_runner.py", line 689, in code_to_exec
    exec(code, module.__dict__)  # noqa: S102
  File "/root/kp/retail/rpoc/src/rpoc/app.py", line 311, in <module>
    elif col_s.checkbox("", key=f"s_{idx}"): selected.append(idx)
  File "/root/kp/.venv/lib/python3.13/site-packages/streamlit/runtime/metrics_util.py", line 532, in wrapped_func
    result = non_optional_func(*args, **kwargs)
  File "/root/kp/.venv/lib/python3.13/site-packages/streamlit/elements/widgets/checkbox.py", line 202, in checkbox
    return self._checkbox(
  File "/root/kp/.venv/lib/python3.13/site-packages/streamlit/elements/widgets/checkbox.py", line 396, in _checkbox
    maybe_raise_label_warnings(label, label_visibility)
  File "/root/kp/.venv/lib/python3.13/site-packages/streamlit/elements/lib/policies.py", line 187, in maybe_raise_label_warnings
    _LOGGER.warning(
2026-04-17 06:02:58.422 Please replace `use_container_width` with `width`.

`use_container_width` will be removed after 2025-12-31.

For `use_container_width=True`, use `width='stretch'`. For `use_container_width=False`, use `width='content'`.
2026-04-17 06:03:03.204 Please replace `use_container_width` with `width`.

`use_container_width` will be removed after 2025-12-31.

For `use_container_width=True`, use `width='stretch'`. For `use_container_width=False`, use `width='content'`.
2026-04-17 06:03:15.004 Please replace `use_container_width` with `width`.

`use_container_width` will be removed after 2025-12-31.

For `use_container_width=True`, use `width='stretch'`. For `use_container_width=False`, use `width='content'`.
2026-04-17 06:03:37.495 Please replace `use_container_width` with `width`.

`use_container_width` will be removed after 2025-12-31.

For `use_container_width=True`, use `width='stretch'`. For `use_container_width=False`, use `width='content'`.
2026-04-17 06:03:39.114 Please replace `use_container_width` with `width`.

`use_container_width` will be removed after 2025-12-31.

For `use_container_width=True`, use `width='stretch'`. For `use_container_width=False`, use `width='content'`.
2026-04-17 06:12:30.306 Please replace `use_container_width` with `width`.

`use_container_width` will be removed after 2025-12-31.

For `use_container_width=True`, use `width='stretch'`. For `use_container_width=False`, use `width='content'`.
2026-04-17 06:14:35.484 Please replace `use_container_width` with `width`.

`use_container_width` will be removed after 2025-12-31.

For `use_container_width=True`, use `width='stretch'`. For `use_container_width=False`, use `width='content'`.
2026-04-17 06:14:36.354 Please replace `use_container_width` with `width`.

`use_container_width` will be removed after 2025-12-31.

For `use_container_width=True`, use `width='stretch'`. For `use_container_width=False`, use `width='content'`.
2026-04-17 06:15:10.976 Please replace `use_container_width` with `width`.

`use_container_width` will be removed after 2025-12-31.

For `use_container_width=True`, use `width='stretch'`. For `use_container_width=False`, use `width='content'`.
2026-04-17 06:15:13.442 Please replace `use_container_width` with `width`.

`use_container_width` will be removed after 2025-12-31.

For `use_container_width=True`, use `width='stretch'`. For `use_container_width=False`, use `width='content'`.
2026-04-17 06:15:56.537 Please replace `use_container_width` with `width`.

`use_container_width` will be removed after 2025-12-31.

For `use_container_width=True`, use `width='stretch'`. For `use_container_width=False`, use `width='content'`.
2026-04-17 06:15:57.354 Please replace `use_container_width` with `width`.

`use_container_width` will be removed after 2025-12-31.

For `use_container_width=True`, use `width='stretch'`. For `use_container_width=False`, use `width='content'`.
2026-04-17 06:16:27.189 Please replace `use_container_width` with `width`.

`use_container_width` will be removed after 2025-12-31.

For `use_container_width=True`, use `width='stretch'`. For `use_container_width=False`, use `width='content'`.
2026-04-17 06:16:28.050 Please replace `use_container_width` with `width`.

`use_container_width` will be removed after 2025-12-31.

For `use_container_width=True`, use `width='stretch'`. For `use_container_width=False`, use `width='content'`.
2026-04-17 06:17:08.828 Please replace `use_container_width` with `width`.

`use_container_width` will be removed after 2025-12-31.

For `use_container_width=True`, use `width='stretch'`. For `use_container_width=False`, use `width='content'`.
2026-04-17 06:17:09.922 Please replace `use_container_width` with `width`.

`use_container_width` will be removed after 2025-12-31.

For `use_container_width=True`, use `width='stretch'`. For `use_container_width=False`, use `width='content'`.
2026-04-17 06:17:15.868 Please replace `use_container_width` with `width`.

`use_container_width` will be removed after 2025-12-31.

For `use_container_width=True`, use `width='stretch'`. For `use_container_width=False`, use `width='content'`.
2026-04-17 06:19:24.394 Please replace `use_container_width` with `width`.

`use_container_width` will be removed after 2025-12-31.

For `use_container_width=True`, use `width='stretch'`. For `use_container_width=False`, use `width='content'`.
2026-04-17 06:19:59.703 Please replace `use_container_width` with `width`.

`use_container_width` will be removed after 2025-12-31.

For `use_container_width=True`, use `width='stretch'`. For `use_container_width=False`, use `width='content'`.
2026-04-17 06:21:10.398 Please replace `use_container_width` with `width`.

`use_container_width` will be removed after 2025-12-31.

For `use_container_width=True`, use `width='stretch'`. For `use_container_width=False`, use `width='content'`.
2026-04-17 06:21:26.384 Please replace `use_container_width` with `width`.

`use_container_width` will be removed after 2025-12-31.

For `use_container_width=True`, use `width='stretch'`. For `use_container_width=False`, use `width='content'`.
2026-04-17 06:21:27.463 Please replace `use_container_width` with `width`.

`use_container_width` will be removed after 2025-12-31.

For `use_container_width=True`, use `width='stretch'`. For `use_container_width=False`, use `width='content'`.
2026-04-17 06:21:52.811 Please replace `use_container_width` with `width`.

`use_container_width` will be removed after 2025-12-31.

For `use_container_width=True`, use `width='stretch'`. For `use_container_width=False`, use `width='content'`.
2026-04-17 06:21:53.612 Please replace `use_container_width` with `width`.

`use_container_width` will be removed after 2025-12-31.

For `use_container_width=True`, use `width='stretch'`. For `use_container_width=False`, use `width='content'`.
2026-04-17 06:22:53.880 Please replace `use_container_width` with `width`.

`use_container_width` will be removed after 2025-12-31.

For `use_container_width=True`, use `width='stretch'`. For `use_container_width=False`, use `width='content'`.
2026-04-17 06:24:20.288 Please replace `use_container_width` with `width`.

`use_container_width` will be removed after 2025-12-31.

For `use_container_width=True`, use `width='stretch'`. For `use_container_width=False`, use `width='content'`.
2026-04-17 06:24:28.373 Please replace `use_container_width` with `width`.

`use_container_width` will be removed after 2025-12-31.

For `use_container_width=True`, use `width='stretch'`. For `use_container_width=False`, use `width='content'`.
2026-04-17 06:24:38.563 Please replace `use_container_width` with `width`.

`use_container_width` will be removed after 2025-12-31.

For `use_container_width=True`, use `width='stretch'`. For `use_container_width=False`, use `width='content'`.
2026-04-17 06:28:32.503 Please replace `use_container_width` with `width`.

`use_container_width` will be removed after 2025-12-31.

For `use_container_width=True`, use `width='stretch'`. For `use_container_width=False`, use `width='content'`.
<string>:9: FutureWarning: Setting an item of incompatible dtype is deprecated and will raise an error in a future version of pandas. Value '66.66666666666666' has dtype incompatible with int64, please explicitly cast to a compatible dtype first.
2026-04-17 06:28:33.451 Please replace `use_container_width` with `width`.

`use_container_width` will be removed after 2025-12-31.

For `use_container_width=True`, use `width='stretch'`. For `use_container_width=False`, use `width='content'`.
2026-04-17 06:29:11.772 Please replace `use_container_width` with `width`.

`use_container_width` will be removed after 2025-12-31.

For `use_container_width=True`, use `width='stretch'`. For `use_container_width=False`, use `width='content'`.
2026-04-17 06:29:12.845 Please replace `use_container_width` with `width`.

`use_container_width` will be removed after 2025-12-31.

For `use_container_width=True`, use `width='stretch'`. For `use_container_width=False`, use `width='content'`.
2026-04-17 06:29:35.161 Please replace `use_container_width` with `width`.

`use_container_width` will be removed after 2025-12-31.

For `use_container_width=True`, use `width='stretch'`. For `use_container_width=False`, use `width='content'`.
2026-04-17 06:29:35.881 Please replace `use_container_width` with `width`.

`use_container_width` will be removed after 2025-12-31.

For `use_container_width=True`, use `width='stretch'`. For `use_container_width=False`, use `width='content'`.
2026-04-17 06:30:54.047 Please replace `use_container_width` with `width`.

`use_container_width` will be removed after 2025-12-31.

For `use_container_width=True`, use `width='stretch'`. For `use_container_width=False`, use `width='content'`.
2026-04-17 06:30:55.154 Please replace `use_container_width` with `width`.

`use_container_width` will be removed after 2025-12-31.

For `use_container_width=True`, use `width='stretch'`. For `use_container_width=False`, use `width='content'`.
2026-04-17 06:31:50.846 Please replace `use_container_width` with `width`.

`use_container_width` will be removed after 2025-12-31.

For `use_container_width=True`, use `width='stretch'`. For `use_container_width=False`, use `width='content'`.
2026-04-17 06:32:20.947 Please replace `use_container_width` with `width`.

`use_container_width` will be removed after 2025-12-31.

For `use_container_width=True`, use `width='stretch'`. For `use_container_width=False`, use `width='content'`.
2026-04-17 06:32:21.855 Please replace `use_container_width` with `width`.

`use_container_width` will be removed after 2025-12-31.

For `use_container_width=True`, use `width='stretch'`. For `use_container_width=False`, use `width='content'`.
2026-04-17 06:33:01.174 Please replace `use_container_width` with `width`.

`use_container_width` will be removed after 2025-12-31.

For `use_container_width=True`, use `width='stretch'`. For `use_container_width=False`, use `width='content'`.
2026-04-17 06:33:02.180 Please replace `use_container_width` with `width`.

`use_container_width` will be removed after 2025-12-31.

For `use_container_width=True`, use `width='stretch'`. For `use_container_width=False`, use `width='content'`.
2026-04-17 06:36:40.656 Please replace `use_container_width` with `width`.

`use_container_width` will be removed after 2025-12-31.

For `use_container_width=True`, use `width='stretch'`. For `use_container_width=False`, use `width='content'`.
2026-04-17 06:36:41.917 Please replace `use_container_width` with `width`.

`use_container_width` will be removed after 2025-12-31.

For `use_container_width=True`, use `width='stretch'`. For `use_container_width=False`, use `width='content'`.
2026-04-17 06:38:15.397 Please replace `use_container_width` with `width`.

`use_container_width` will be removed after 2025-12-31.

For `use_container_width=True`, use `width='stretch'`. For `use_container_width=False`, use `width='content'`.
2026-04-17 06:38:16.171 Please replace `use_container_width` with `width`.

`use_container_width` will be removed after 2025-12-31.

For `use_container_width=True`, use `width='stretch'`. For `use_container_width=False`, use `width='content'`.
2026-04-17 06:39:09.750 Please replace `use_container_width` with `width`.

`use_container_width` will be removed after 2025-12-31.

For `use_container_width=True`, use `width='stretch'`. For `use_container_width=False`, use `width='content'`.
2026-04-17 07:13:30.658 Please replace `use_container_width` with `width`.

`use_container_width` will be removed after 2025-12-31.

For `use_container_width=True`, use `width='stretch'`. For `use_container_width=False`, use `width='content'`.
2026-04-17 07:14:06.888 Please replace `use_container_width` with `width`.

`use_container_width` will be removed after 2025-12-31.

For `use_container_width=True`, use `width='stretch'`. For `use_container_width=False`, use `width='content'`.
2026-04-17 07:14:18.959 Please replace `use_container_width` with `width`.

`use_container_width` will be removed after 2025-12-31.

For `use_container_width=True`, use `width='stretch'`. For `use_container_width=False`, use `width='content'`.
Killed
Hello from rpoc!

Collecting usage statistics. To deactivate, set browser.gatherUsageStats to false.


  You can now view your Streamlit app in your browser.

  Local URL: http://localhost:8501
  Network URL: http://64.227.110.183:8501
  External URL: http://64.227.110.183:8501

2026-04-17 08:01:34.091 Please replace `use_container_width` with `width`.

`use_container_width` will be removed after 2025-12-31.

For `use_container_width=True`, use `width='stretch'`. For `use_container_width=False`, use `width='content'`.
<string>:17: FutureWarning: Setting an item of incompatible dtype is deprecated and will raise an error in a future version of pandas. Value '0.25' has dtype incompatible with int64, please explicitly cast to a compatible dtype first.
2026-04-17 08:03:31.724 Please replace `use_container_width` with `width`.

`use_container_width` will be removed after 2025-12-31.

For `use_container_width=True`, use `width='stretch'`. For `use_container_width=False`, use `width='content'`.
2026-04-17 08:03:38.257 Please replace `use_container_width` with `width`.

`use_container_width` will be removed after 2025-12-31.

For `use_container_width=True`, use `width='stretch'`. For `use_container_width=False`, use `width='content'`.
2026-04-17 08:03:39.809 Please replace `use_container_width` with `width`.

`use_container_width` will be removed after 2025-12-31.

For `use_container_width=True`, use `width='stretch'`. For `use_container_width=False`, use `width='content'`.
2026-04-17 08:03:40.960 Please replace `use_container_width` with `width`.

`use_container_width` will be removed after 2025-12-31.

For `use_container_width=True`, use `width='stretch'`. For `use_container_width=False`, use `width='content'`.
2026-04-17 08:03:40.985 `label` got an empty value. This is discouraged for accessibility reasons and may be disallowed in the future by raising an exception. Please provide a non-empty label and hide it with label_visibility if needed.
Stack (most recent call last):
  File "/root/.local/share/uv/python/cpython-3.13.11-linux-x86_64-gnu/lib/python3.13/threading.py", line 1015, in _bootstrap
    self._bootstrap_inner()
  File "/root/.local/share/uv/python/cpython-3.13.11-linux-x86_64-gnu/lib/python3.13/threading.py", line 1044, in _bootstrap_inner
    self.run()
  File "/root/.local/share/uv/python/cpython-3.13.11-linux-x86_64-gnu/lib/python3.13/threading.py", line 995, in run
    self._target(*self._args, **self._kwargs)
  File "/root/kp/.venv/lib/python3.13/site-packages/streamlit/runtime/scriptrunner/script_runner.py", line 379, in _run_script_thread
    self._run_script(request.rerun_data)
  File "/root/kp/.venv/lib/python3.13/site-packages/streamlit/runtime/scriptrunner/script_runner.py", line 705, in _run_script
    ) = exec_func_with_error_handling(code_to_exec, ctx)
  File "/root/kp/.venv/lib/python3.13/site-packages/streamlit/runtime/scriptrunner/exec_code.py", line 129, in exec_func_with_error_handling
    result = func()
  File "/root/kp/.venv/lib/python3.13/site-packages/streamlit/runtime/scriptrunner/script_runner.py", line 689, in code_to_exec
    exec(code, module.__dict__)  # noqa: S102
  File "/root/kp/retail/rpoc/src/rpoc/app.py", line 362, in <module>
    elif col_s.checkbox("", key=f"s_{idx}"): selected.append(idx)
  File "/root/kp/.venv/lib/python3.13/site-packages/streamlit/runtime/metrics_util.py", line 532, in wrapped_func
    result = non_optional_func(*args, **kwargs)
  File "/root/kp/.venv/lib/python3.13/site-packages/streamlit/elements/widgets/checkbox.py", line 202, in checkbox
    return self._checkbox(
  File "/root/kp/.venv/lib/python3.13/site-packages/streamlit/elements/widgets/checkbox.py", line 396, in _checkbox
    maybe_raise_label_warnings(label, label_visibility)
  File "/root/kp/.venv/lib/python3.13/site-packages/streamlit/elements/lib/policies.py", line 187, in maybe_raise_label_warnings
    _LOGGER.warning(
2026-04-17 08:03:40.991 `label` got an empty value. This is discouraged for accessibility reasons and may be disallowed in the future by raising an exception. Please provide a non-empty label and hide it with label_visibility if needed.
Stack (most recent call last):
  File "/root/.local/share/uv/python/cpython-3.13.11-linux-x86_64-gnu/lib/python3.13/threading.py", line 1015, in _bootstrap
    self._bootstrap_inner()
  File "/root/.local/share/uv/python/cpython-3.13.11-linux-x86_64-gnu/lib/python3.13/threading.py", line 1044, in _bootstrap_inner
    self.run()
  File "/root/.local/share/uv/python/cpython-3.13.11-linux-x86_64-gnu/lib/python3.13/threading.py", line 995, in run
    self._target(*self._args, **self._kwargs)
  File "/root/kp/.venv/lib/python3.13/site-packages/streamlit/runtime/scriptrunner/script_runner.py", line 379, in _run_script_thread
    self._run_script(request.rerun_data)
  File "/root/kp/.venv/lib/python3.13/site-packages/streamlit/runtime/scriptrunner/script_runner.py", line 705, in _run_script
    ) = exec_func_with_error_handling(code_to_exec, ctx)
  File "/root/kp/.venv/lib/python3.13/site-packages/streamlit/runtime/scriptrunner/exec_code.py", line 129, in exec_func_with_error_handling
    result = func()
  File "/root/kp/.venv/lib/python3.13/site-packages/streamlit/runtime/scriptrunner/script_runner.py", line 689, in code_to_exec
    exec(code, module.__dict__)  # noqa: S102
  File "/root/kp/retail/rpoc/src/rpoc/app.py", line 362, in <module>
    elif col_s.checkbox("", key=f"s_{idx}"): selected.append(idx)
  File "/root/kp/.venv/lib/python3.13/site-packages/streamlit/runtime/metrics_util.py", line 532, in wrapped_func
    result = non_optional_func(*args, **kwargs)
  File "/root/kp/.venv/lib/python3.13/site-packages/streamlit/elements/widgets/checkbox.py", line 202, in checkbox
    return self._checkbox(
  File "/root/kp/.venv/lib/python3.13/site-packages/streamlit/elements/widgets/checkbox.py", line 396, in _checkbox
    maybe_raise_label_warnings(label, label_visibility)
  File "/root/kp/.venv/lib/python3.13/site-packages/streamlit/elements/lib/policies.py", line 187, in maybe_raise_label_warnings
    _LOGGER.warning(
2026-04-17 08:03:45.791 Please replace `use_container_width` with `width`.

`use_container_width` will be removed after 2025-12-31.

For `use_container_width=True`, use `width='stretch'`. For `use_container_width=False`, use `width='content'`.
2026-04-17 08:03:47.400 Please replace `use_container_width` with `width`.

`use_container_width` will be removed after 2025-12-31.

For `use_container_width=True`, use `width='stretch'`. For `use_container_width=False`, use `width='content'`.
2026-04-17 08:03:47.430 `label` got an empty value. This is discouraged for accessibility reasons and may be disallowed in the future by raising an exception. Please provide a non-empty label and hide it with label_visibility if needed.
Stack (most recent call last):
  File "/root/.local/share/uv/python/cpython-3.13.11-linux-x86_64-gnu/lib/python3.13/threading.py", line 1015, in _bootstrap
    self._bootstrap_inner()
  File "/root/.local/share/uv/python/cpython-3.13.11-linux-x86_64-gnu/lib/python3.13/threading.py", line 1044, in _bootstrap_inner
    self.run()
  File "/root/.local/share/uv/python/cpython-3.13.11-linux-x86_64-gnu/lib/python3.13/threading.py", line 995, in run
    self._target(*self._args, **self._kwargs)
  File "/root/kp/.venv/lib/python3.13/site-packages/streamlit/runtime/scriptrunner/script_runner.py", line 379, in _run_script_thread
    self._run_script(request.rerun_data)
  File "/root/kp/.venv/lib/python3.13/site-packages/streamlit/runtime/scriptrunner/script_runner.py", line 705, in _run_script
    ) = exec_func_with_error_handling(code_to_exec, ctx)
  File "/root/kp/.venv/lib/python3.13/site-packages/streamlit/runtime/scriptrunner/exec_code.py", line 129, in exec_func_with_error_handling
    result = func()
  File "/root/kp/.venv/lib/python3.13/site-packages/streamlit/runtime/scriptrunner/script_runner.py", line 689, in code_to_exec
    exec(code, module.__dict__)  # noqa: S102
  File "/root/kp/retail/rpoc/src/rpoc/app.py", line 362, in <module>
    elif col_s.checkbox("", key=f"s_{idx}"): selected.append(idx)
  File "/root/kp/.venv/lib/python3.13/site-packages/streamlit/runtime/metrics_util.py", line 532, in wrapped_func
    result = non_optional_func(*args, **kwargs)
  File "/root/kp/.venv/lib/python3.13/site-packages/streamlit/elements/widgets/checkbox.py", line 202, in checkbox
    return self._checkbox(
  File "/root/kp/.venv/lib/python3.13/site-packages/streamlit/elements/widgets/checkbox.py", line 396, in _checkbox
    maybe_raise_label_warnings(label, label_visibility)
  File "/root/kp/.venv/lib/python3.13/site-packages/streamlit/elements/lib/policies.py", line 187, in maybe_raise_label_warnings
    _LOGGER.warning(
2026-04-17 08:03:47.436 `label` got an empty value. This is discouraged for accessibility reasons and may be disallowed in the future by raising an exception. Please provide a non-empty label and hide it with label_visibility if needed.
Stack (most recent call last):
  File "/root/.local/share/uv/python/cpython-3.13.11-linux-x86_64-gnu/lib/python3.13/threading.py", line 1015, in _bootstrap
    self._bootstrap_inner()
  File "/root/.local/share/uv/python/cpython-3.13.11-linux-x86_64-gnu/lib/python3.13/threading.py", line 1044, in _bootstrap_inner
    self.run()
  File "/root/.local/share/uv/python/cpython-3.13.11-linux-x86_64-gnu/lib/python3.13/threading.py", line 995, in run
    self._target(*self._args, **self._kwargs)
  File "/root/kp/.venv/lib/python3.13/site-packages/streamlit/runtime/scriptrunner/script_runner.py", line 379, in _run_script_thread
    self._run_script(request.rerun_data)
  File "/root/kp/.venv/lib/python3.13/site-packages/streamlit/runtime/scriptrunner/script_runner.py", line 705, in _run_script
    ) = exec_func_with_error_handling(code_to_exec, ctx)
  File "/root/kp/.venv/lib/python3.13/site-packages/streamlit/runtime/scriptrunner/exec_code.py", line 129, in exec_func_with_error_handling
    result = func()
  File "/root/kp/.venv/lib/python3.13/site-packages/streamlit/runtime/scriptrunner/script_runner.py", line 689, in code_to_exec
    exec(code, module.__dict__)  # noqa: S102
  File "/root/kp/retail/rpoc/src/rpoc/app.py", line 362, in <module>
    elif col_s.checkbox("", key=f"s_{idx}"): selected.append(idx)
  File "/root/kp/.venv/lib/python3.13/site-packages/streamlit/runtime/metrics_util.py", line 532, in wrapped_func
    result = non_optional_func(*args, **kwargs)
  File "/root/kp/.venv/lib/python3.13/site-packages/streamlit/elements/widgets/checkbox.py", line 202, in checkbox
    return self._checkbox(
  File "/root/kp/.venv/lib/python3.13/site-packages/streamlit/elements/widgets/checkbox.py", line 396, in _checkbox
    maybe_raise_label_warnings(label, label_visibility)
  File "/root/kp/.venv/lib/python3.13/site-packages/streamlit/elements/lib/policies.py", line 187, in maybe_raise_label_warnings
    _LOGGER.warning(
2026-04-17 08:03:47.441 `label` got an empty value. This is discouraged for accessibility reasons and may be disallowed in the future by raising an exception. Please provide a non-empty label and hide it with label_visibility if needed.
Stack (most recent call last):
  File "/root/.local/share/uv/python/cpython-3.13.11-linux-x86_64-gnu/lib/python3.13/threading.py", line 1015, in _bootstrap
    self._bootstrap_inner()
  File "/root/.local/share/uv/python/cpython-3.13.11-linux-x86_64-gnu/lib/python3.13/threading.py", line 1044, in _bootstrap_inner
    self.run()
  File "/root/.local/share/uv/python/cpython-3.13.11-linux-x86_64-gnu/lib/python3.13/threading.py", line 995, in run
    self._target(*self._args, **self._kwargs)
  File "/root/kp/.venv/lib/python3.13/site-packages/streamlit/runtime/scriptrunner/script_runner.py", line 379, in _run_script_thread
    self._run_script(request.rerun_data)
  File "/root/kp/.venv/lib/python3.13/site-packages/streamlit/runtime/scriptrunner/script_runner.py", line 705, in _run_script
    ) = exec_func_with_error_handling(code_to_exec, ctx)
  File "/root/kp/.venv/lib/python3.13/site-packages/streamlit/runtime/scriptrunner/exec_code.py", line 129, in exec_func_with_error_handling
    result = func()
  File "/root/kp/.venv/lib/python3.13/site-packages/streamlit/runtime/scriptrunner/script_runner.py", line 689, in code_to_exec
    exec(code, module.__dict__)  # noqa: S102
  File "/root/kp/retail/rpoc/src/rpoc/app.py", line 362, in <module>
    elif col_s.checkbox("", key=f"s_{idx}"): selected.append(idx)
  File "/root/kp/.venv/lib/python3.13/site-packages/streamlit/runtime/metrics_util.py", line 532, in wrapped_func
    result = non_optional_func(*args, **kwargs)
  File "/root/kp/.venv/lib/python3.13/site-packages/streamlit/elements/widgets/checkbox.py", line 202, in checkbox
    return self._checkbox(
  File "/root/kp/.venv/lib/python3.13/site-packages/streamlit/elements/widgets/checkbox.py", line 396, in _checkbox
    maybe_raise_label_warnings(label, label_visibility)
  File "/root/kp/.venv/lib/python3.13/site-packages/streamlit/elements/lib/policies.py", line 187, in maybe_raise_label_warnings
    _LOGGER.warning(
2026-04-17 08:04:02.387 Please replace `use_container_width` with `width`.

`use_container_width` will be removed after 2025-12-31.

For `use_container_width=True`, use `width='stretch'`. For `use_container_width=False`, use `width='content'`.
2026-04-17 08:04:02.449 `label` got an empty value. This is discouraged for accessibility reasons and may be disallowed in the future by raising an exception. Please provide a non-empty label and hide it with label_visibility if needed.
Stack (most recent call last):
  File "/root/.local/share/uv/python/cpython-3.13.11-linux-x86_64-gnu/lib/python3.13/threading.py", line 1015, in _bootstrap
    self._bootstrap_inner()
  File "/root/.local/share/uv/python/cpython-3.13.11-linux-x86_64-gnu/lib/python3.13/threading.py", line 1044, in _bootstrap_inner
    self.run()
  File "/root/.local/share/uv/python/cpython-3.13.11-linux-x86_64-gnu/lib/python3.13/threading.py", line 995, in run
    self._target(*self._args, **self._kwargs)
  File "/root/kp/.venv/lib/python3.13/site-packages/streamlit/runtime/scriptrunner/script_runner.py", line 379, in _run_script_thread
    self._run_script(request.rerun_data)
  File "/root/kp/.venv/lib/python3.13/site-packages/streamlit/runtime/scriptrunner/script_runner.py", line 705, in _run_script
    ) = exec_func_with_error_handling(code_to_exec, ctx)
  File "/root/kp/.venv/lib/python3.13/site-packages/streamlit/runtime/scriptrunner/exec_code.py", line 129, in exec_func_with_error_handling
    result = func()
  File "/root/kp/.venv/lib/python3.13/site-packages/streamlit/runtime/scriptrunner/script_runner.py", line 689, in code_to_exec
    exec(code, module.__dict__)  # noqa: S102
  File "/root/kp/retail/rpoc/src/rpoc/app.py", line 362, in <module>
    elif col_s.checkbox("", key=f"s_{idx}"): selected.append(idx)
  File "/root/kp/.venv/lib/python3.13/site-packages/streamlit/runtime/metrics_util.py", line 532, in wrapped_func
    result = non_optional_func(*args, **kwargs)
  File "/root/kp/.venv/lib/python3.13/site-packages/streamlit/elements/widgets/checkbox.py", line 202, in checkbox
    return self._checkbox(
  File "/root/kp/.venv/lib/python3.13/site-packages/streamlit/elements/widgets/checkbox.py", line 396, in _checkbox
    maybe_raise_label_warnings(label, label_visibility)
  File "/root/kp/.venv/lib/python3.13/site-packages/streamlit/elements/lib/policies.py", line 187, in maybe_raise_label_warnings
    _LOGGER.warning(
2026-04-17 08:04:02.461 `label` got an empty value. This is discouraged for accessibility reasons and may be disallowed in the future by raising an exception. Please provide a non-empty label and hide it with label_visibility if needed.
Stack (most recent call last):
  File "/root/.local/share/uv/python/cpython-3.13.11-linux-x86_64-gnu/lib/python3.13/threading.py", line 1015, in _bootstrap
    self._bootstrap_inner()
  File "/root/.local/share/uv/python/cpython-3.13.11-linux-x86_64-gnu/lib/python3.13/threading.py", line 1044, in _bootstrap_inner
    self.run()
  File "/root/.local/share/uv/python/cpython-3.13.11-linux-x86_64-gnu/lib/python3.13/threading.py", line 995, in run
    self._target(*self._args, **self._kwargs)
  File "/root/kp/.venv/lib/python3.13/site-packages/streamlit/runtime/scriptrunner/script_runner.py", line 379, in _run_script_thread
    self._run_script(request.rerun_data)
  File "/root/kp/.venv/lib/python3.13/site-packages/streamlit/runtime/scriptrunner/script_runner.py", line 705, in _run_script
    ) = exec_func_with_error_handling(code_to_exec, ctx)
  File "/root/kp/.venv/lib/python3.13/site-packages/streamlit/runtime/scriptrunner/exec_code.py", line 129, in exec_func_with_error_handling
    result = func()
  File "/root/kp/.venv/lib/python3.13/site-packages/streamlit/runtime/scriptrunner/script_runner.py", line 689, in code_to_exec
    exec(code, module.__dict__)  # noqa: S102
  File "/root/kp/retail/rpoc/src/rpoc/app.py", line 362, in <module>
    elif col_s.checkbox("", key=f"s_{idx}"): selected.append(idx)
  File "/root/kp/.venv/lib/python3.13/site-packages/streamlit/runtime/metrics_util.py", line 532, in wrapped_func
    result = non_optional_func(*args, **kwargs)
  File "/root/kp/.venv/lib/python3.13/site-packages/streamlit/elements/widgets/checkbox.py", line 202, in checkbox
    return self._checkbox(
  File "/root/kp/.venv/lib/python3.13/site-packages/streamlit/elements/widgets/checkbox.py", line 396, in _checkbox
    maybe_raise_label_warnings(label, label_visibility)
  File "/root/kp/.venv/lib/python3.13/site-packages/streamlit/elements/lib/policies.py", line 187, in maybe_raise_label_warnings
    _LOGGER.warning(
2026-04-17 08:04:02.468 `label` got an empty value. This is discouraged for accessibility reasons and may be disallowed in the future by raising an exception. Please provide a non-empty label and hide it with label_visibility if needed.
Stack (most recent call last):
  File "/root/.local/share/uv/python/cpython-3.13.11-linux-x86_64-gnu/lib/python3.13/threading.py", line 1015, in _bootstrap
    self._bootstrap_inner()
  File "/root/.local/share/uv/python/cpython-3.13.11-linux-x86_64-gnu/lib/python3.13/threading.py", line 1044, in _bootstrap_inner
    self.run()
  File "/root/.local/share/uv/python/cpython-3.13.11-linux-x86_64-gnu/lib/python3.13/threading.py", line 995, in run
    self._target(*self._args, **self._kwargs)
  File "/root/kp/.venv/lib/python3.13/site-packages/streamlit/runtime/scriptrunner/script_runner.py", line 379, in _run_script_thread
    self._run_script(request.rerun_data)
  File "/root/kp/.venv/lib/python3.13/site-packages/streamlit/runtime/scriptrunner/script_runner.py", line 705, in _run_script
    ) = exec_func_with_error_handling(code_to_exec, ctx)
  File "/root/kp/.venv/lib/python3.13/site-packages/streamlit/runtime/scriptrunner/exec_code.py", line 129, in exec_func_with_error_handling
    result = func()
  File "/root/kp/.venv/lib/python3.13/site-packages/streamlit/runtime/scriptrunner/script_runner.py", line 689, in code_to_exec
    exec(code, module.__dict__)  # noqa: S102
  File "/root/kp/retail/rpoc/src/rpoc/app.py", line 362, in <module>
    elif col_s.checkbox("", key=f"s_{idx}"): selected.append(idx)
  File "/root/kp/.venv/lib/python3.13/site-packages/streamlit/runtime/metrics_util.py", line 532, in wrapped_func
    result = non_optional_func(*args, **kwargs)
  File "/root/kp/.venv/lib/python3.13/site-packages/streamlit/elements/widgets/checkbox.py", line 202, in checkbox
    return self._checkbox(
  File "/root/kp/.venv/lib/python3.13/site-packages/streamlit/elements/widgets/checkbox.py", line 396, in _checkbox
    maybe_raise_label_warnings(label, label_visibility)
  File "/root/kp/.venv/lib/python3.13/site-packages/streamlit/elements/lib/policies.py", line 187, in maybe_raise_label_warnings
    _LOGGER.warning(

Collecting usage statistics. To deactivate, set browser.gatherUsageStats to false.


  You can now view your Streamlit app in your browser.

  Local URL: http://localhost:8502
  Network URL: http://64.227.110.183:8502
  External URL: http://64.227.110.183:8502

2026-04-18 04:37:56.371 Please replace `use_container_width` with `width`.

`use_container_width` will be removed after 2025-12-31.

For `use_container_width=True`, use `width='stretch'`. For `use_container_width=False`, use `width='content'`.
2026-04-18 04:39:37.234 Please replace `use_container_width` with `width`.

`use_container_width` will be removed after 2025-12-31.

For `use_container_width=True`, use `width='stretch'`. For `use_container_width=False`, use `width='content'`.
2026-04-18 04:50:31.123 Please replace `use_container_width` with `width`.

`use_container_width` will be removed after 2025-12-31.

For `use_container_width=True`, use `width='stretch'`. For `use_container_width=False`, use `width='content'`.
2026-04-18 04:51:03.049 Please replace `use_container_width` with `width`.

`use_container_width` will be removed after 2025-12-31.

For `use_container_width=True`, use `width='stretch'`. For `use_container_width=False`, use `width='content'`.
2026-04-18 05:00:55.104 Please replace `use_container_width` with `width`.

`use_container_width` will be removed after 2025-12-31.

For `use_container_width=True`, use `width='stretch'`. For `use_container_width=False`, use `width='content'`.
2026-04-18 05:01:09.316 Please replace `use_container_width` with `width`.

`use_container_width` will be removed after 2025-12-31.

For `use_container_width=True`, use `width='stretch'`. For `use_container_width=False`, use `width='content'`.
2026-04-18 05:03:07.496 Please replace `use_container_width` with `width`.

`use_container_width` will be removed after 2025-12-31.

For `use_container_width=True`, use `width='stretch'`. For `use_container_width=False`, use `width='content'`.
2026-04-18 05:03:09.046 Please replace `use_container_width` with `width`.

`use_container_width` will be removed after 2025-12-31.

For `use_container_width=True`, use `width='stretch'`. For `use_container_width=False`, use `width='content'`.
2026-04-18 05:03:09.064 Please replace `use_container_width` with `width`.

`use_container_width` will be removed after 2025-12-31.

For `use_container_width=True`, use `width='stretch'`. For `use_container_width=False`, use `width='content'`.
2026-04-18 05:03:10.341 Please replace `use_container_width` with `width`.

`use_container_width` will be removed after 2025-12-31.

For `use_container_width=True`, use `width='stretch'`. For `use_container_width=False`, use `width='content'`.
2026-04-18 05:03:10.359 Please replace `use_container_width` with `width`.

`use_container_width` will be removed after 2025-12-31.

For `use_container_width=True`, use `width='stretch'`. For `use_container_width=False`, use `width='content'`.
2026-04-18 05:03:11.437 Please replace `use_container_width` with `width`.

`use_container_width` will be removed after 2025-12-31.

For `use_container_width=True`, use `width='stretch'`. For `use_container_width=False`, use `width='content'`.
2026-04-18 05:03:11.449 Please replace `use_container_width` with `width`.

`use_container_width` will be removed after 2025-12-31.

For `use_container_width=True`, use `width='stretch'`. For `use_container_width=False`, use `width='content'`.
2026-04-18 05:05:36.991 Please replace `use_container_width` with `width`.

`use_container_width` will be removed after 2025-12-31.

For `use_container_width=True`, use `width='stretch'`. For `use_container_width=False`, use `width='content'`.
2026-04-18 05:05:37.009 Please replace `use_container_width` with `width`.

`use_container_width` will be removed after 2025-12-31.

For `use_container_width=True`, use `width='stretch'`. For `use_container_width=False`, use `width='content'`.
2026-04-18 05:05:37.134 Please replace `use_container_width` with `width`.

`use_container_width` will be removed after 2025-12-31.

For `use_container_width=True`, use `width='stretch'`. For `use_container_width=False`, use `width='content'`.
2026-04-18 05:05:37.150 Please replace `use_container_width` with `width`.

`use_container_width` will be removed after 2025-12-31.

For `use_container_width=True`, use `width='stretch'`. For `use_container_width=False`, use `width='content'`.
2026-04-18 05:05:37.160 `label` got an empty value. This is discouraged for accessibility reasons and may be disallowed in the future by raising an exception. Please provide a non-empty label and hide it with label_visibility if needed.
Stack (most recent call last):
  File "/root/.local/share/uv/python/cpython-3.13.11-linux-x86_64-gnu/lib/python3.13/threading.py", line 1015, in _bootstrap
    self._bootstrap_inner()
  File "/root/.local/share/uv/python/cpython-3.13.11-linux-x86_64-gnu/lib/python3.13/threading.py", line 1044, in _bootstrap_inner
    self.run()
  File "/root/.local/share/uv/python/cpython-3.13.11-linux-x86_64-gnu/lib/python3.13/threading.py", line 995, in run
    self._target(*self._args, **self._kwargs)
  File "/root/kp/.venv/lib/python3.13/site-packages/streamlit/runtime/scriptrunner/script_runner.py", line 379, in _run_script_thread
    self._run_script(request.rerun_data)
  File "/root/kp/.venv/lib/python3.13/site-packages/streamlit/runtime/scriptrunner/script_runner.py", line 705, in _run_script
    ) = exec_func_with_error_handling(code_to_exec, ctx)
  File "/root/kp/.venv/lib/python3.13/site-packages/streamlit/runtime/scriptrunner/exec_code.py", line 129, in exec_func_with_error_handling
    result = func()
  File "/root/kp/.venv/lib/python3.13/site-packages/streamlit/runtime/scriptrunner/script_runner.py", line 689, in code_to_exec
    exec(code, module.__dict__)  # noqa: S102
  File "/root/kp/retail/rpoc/src/rpoc/app.py", line 1119, in <module>
    elif col_s.checkbox("", key=f"s_{idx}"):
  File "/root/kp/.venv/lib/python3.13/site-packages/streamlit/runtime/metrics_util.py", line 532, in wrapped_func
    result = non_optional_func(*args, **kwargs)
  File "/root/kp/.venv/lib/python3.13/site-packages/streamlit/elements/widgets/checkbox.py", line 202, in checkbox
    return self._checkbox(
  File "/root/kp/.venv/lib/python3.13/site-packages/streamlit/elements/widgets/checkbox.py", line 396, in _checkbox
    maybe_raise_label_warnings(label, label_visibility)
  File "/root/kp/.venv/lib/python3.13/site-packages/streamlit/elements/lib/policies.py", line 187, in maybe_raise_label_warnings
    _LOGGER.warning(
2026-04-18 05:05:48.116 Please replace `use_container_width` with `width`.

`use_container_width` will be removed after 2025-12-31.

For `use_container_width=True`, use `width='stretch'`. For `use_container_width=False`, use `width='content'`.
2026-04-18 05:05:48.129 Please replace `use_container_width` with `width`.

`use_container_width` will be removed after 2025-12-31.

For `use_container_width=True`, use `width='stretch'`. For `use_container_width=False`, use `width='content'`.
2026-04-18 05:05:48.137 `label` got an empty value. This is discouraged for accessibility reasons and may be disallowed in the future by raising an exception. Please provide a non-empty label and hide it with label_visibility if needed.
Stack (most recent call last):
  File "/root/.local/share/uv/python/cpython-3.13.11-linux-x86_64-gnu/lib/python3.13/threading.py", line 1015, in _bootstrap
    self._bootstrap_inner()
  File "/root/.local/share/uv/python/cpython-3.13.11-linux-x86_64-gnu/lib/python3.13/threading.py", line 1044, in _bootstrap_inner
    self.run()
  File "/root/.local/share/uv/python/cpython-3.13.11-linux-x86_64-gnu/lib/python3.13/threading.py", line 995, in run
    self._target(*self._args, **self._kwargs)
  File "/root/kp/.venv/lib/python3.13/site-packages/streamlit/runtime/scriptrunner/script_runner.py", line 379, in _run_script_thread
    self._run_script(request.rerun_data)
  File "/root/kp/.venv/lib/python3.13/site-packages/streamlit/runtime/scriptrunner/script_runner.py", line 705, in _run_script
    ) = exec_func_with_error_handling(code_to_exec, ctx)
  File "/root/kp/.venv/lib/python3.13/site-packages/streamlit/runtime/scriptrunner/exec_code.py", line 129, in exec_func_with_error_handling
    result = func()
  File "/root/kp/.venv/lib/python3.13/site-packages/streamlit/runtime/scriptrunner/script_runner.py", line 689, in code_to_exec
    exec(code, module.__dict__)  # noqa: S102
  File "/root/kp/retail/rpoc/src/rpoc/app.py", line 1119, in <module>
    elif col_s.checkbox("", key=f"s_{idx}"):
  File "/root/kp/.venv/lib/python3.13/site-packages/streamlit/runtime/metrics_util.py", line 532, in wrapped_func
    result = non_optional_func(*args, **kwargs)
  File "/root/kp/.venv/lib/python3.13/site-packages/streamlit/elements/widgets/checkbox.py", line 202, in checkbox
    return self._checkbox(
  File "/root/kp/.venv/lib/python3.13/site-packages/streamlit/elements/widgets/checkbox.py", line 396, in _checkbox
    maybe_raise_label_warnings(label, label_visibility)
  File "/root/kp/.venv/lib/python3.13/site-packages/streamlit/elements/lib/policies.py", line 187, in maybe_raise_label_warnings
    _LOGGER.warning(
2026-04-18 05:06:05.465 Please replace `use_container_width` with `width`.

`use_container_width` will be removed after 2025-12-31.

For `use_container_width=True`, use `width='stretch'`. For `use_container_width=False`, use `width='content'`.
2026-04-18 05:06:05.484 Please replace `use_container_width` with `width`.

`use_container_width` will be removed after 2025-12-31.

For `use_container_width=True`, use `width='stretch'`. For `use_container_width=False`, use `width='content'`.
2026-04-18 05:06:05.492 `label` got an empty value. This is discouraged for accessibility reasons and may be disallowed in the future by raising an exception. Please provide a non-empty label and hide it with label_visibility if needed.
Stack (most recent call last):
  File "/root/.local/share/uv/python/cpython-3.13.11-linux-x86_64-gnu/lib/python3.13/threading.py", line 1015, in _bootstrap
    self._bootstrap_inner()
  File "/root/.local/share/uv/python/cpython-3.13.11-linux-x86_64-gnu/lib/python3.13/threading.py", line 1044, in _bootstrap_inner
    self.run()
  File "/root/.local/share/uv/python/cpython-3.13.11-linux-x86_64-gnu/lib/python3.13/threading.py", line 995, in run
    self._target(*self._args, **self._kwargs)
  File "/root/kp/.venv/lib/python3.13/site-packages/streamlit/runtime/scriptrunner/script_runner.py", line 379, in _run_script_thread
    self._run_script(request.rerun_data)
  File "/root/kp/.venv/lib/python3.13/site-packages/streamlit/runtime/scriptrunner/script_runner.py", line 705, in _run_script
    ) = exec_func_with_error_handling(code_to_exec, ctx)
  File "/root/kp/.venv/lib/python3.13/site-packages/streamlit/runtime/scriptrunner/exec_code.py", line 129, in exec_func_with_error_handling
    result = func()
  File "/root/kp/.venv/lib/python3.13/site-packages/streamlit/runtime/scriptrunner/script_runner.py", line 689, in code_to_exec
    exec(code, module.__dict__)  # noqa: S102
  File "/root/kp/retail/rpoc/src/rpoc/app.py", line 1119, in <module>
    elif col_s.checkbox("", key=f"s_{idx}"):
  File "/root/kp/.venv/lib/python3.13/site-packages/streamlit/runtime/metrics_util.py", line 532, in wrapped_func
    result = non_optional_func(*args, **kwargs)
  File "/root/kp/.venv/lib/python3.13/site-packages/streamlit/elements/widgets/checkbox.py", line 202, in checkbox
    return self._checkbox(
  File "/root/kp/.venv/lib/python3.13/site-packages/streamlit/elements/widgets/checkbox.py", line 396, in _checkbox
    maybe_raise_label_warnings(label, label_visibility)
  File "/root/kp/.venv/lib/python3.13/site-packages/streamlit/elements/lib/policies.py", line 187, in maybe_raise_label_warnings
    _LOGGER.warning(
2026-04-18 05:06:11.556 Please replace `use_container_width` with `width`.

`use_container_width` will be removed after 2025-12-31.

For `use_container_width=True`, use `width='stretch'`. For `use_container_width=False`, use `width='content'`.
2026-04-18 05:06:11.571 Please replace `use_container_width` with `width`.

`use_container_width` will be removed after 2025-12-31.

For `use_container_width=True`, use `width='stretch'`. For `use_container_width=False`, use `width='content'`.
2026-04-18 05:06:11.576 `label` got an empty value. This is discouraged for accessibility reasons and may be disallowed in the future by raising an exception. Please provide a non-empty label and hide it with label_visibility if needed.
Stack (most recent call last):
  File "/root/.local/share/uv/python/cpython-3.13.11-linux-x86_64-gnu/lib/python3.13/threading.py", line 1015, in _bootstrap
    self._bootstrap_inner()
  File "/root/.local/share/uv/python/cpython-3.13.11-linux-x86_64-gnu/lib/python3.13/threading.py", line 1044, in _bootstrap_inner
    self.run()
  File "/root/.local/share/uv/python/cpython-3.13.11-linux-x86_64-gnu/lib/python3.13/threading.py", line 995, in run
    self._target(*self._args, **self._kwargs)
  File "/root/kp/.venv/lib/python3.13/site-packages/streamlit/runtime/scriptrunner/script_runner.py", line 379, in _run_script_thread
    self._run_script(request.rerun_data)
  File "/root/kp/.venv/lib/python3.13/site-packages/streamlit/runtime/scriptrunner/script_runner.py", line 705, in _run_script
    ) = exec_func_with_error_handling(code_to_exec, ctx)
  File "/root/kp/.venv/lib/python3.13/site-packages/streamlit/runtime/scriptrunner/exec_code.py", line 129, in exec_func_with_error_handling
    result = func()
  File "/root/kp/.venv/lib/python3.13/site-packages/streamlit/runtime/scriptrunner/script_runner.py", line 689, in code_to_exec
    exec(code, module.__dict__)  # noqa: S102
  File "/root/kp/retail/rpoc/src/rpoc/app.py", line 1119, in <module>
    elif col_s.checkbox("", key=f"s_{idx}"):
  File "/root/kp/.venv/lib/python3.13/site-packages/streamlit/runtime/metrics_util.py", line 532, in wrapped_func
    result = non_optional_func(*args, **kwargs)
  File "/root/kp/.venv/lib/python3.13/site-packages/streamlit/elements/widgets/checkbox.py", line 202, in checkbox
    return self._checkbox(
  File "/root/kp/.venv/lib/python3.13/site-packages/streamlit/elements/widgets/checkbox.py", line 396, in _checkbox
    maybe_raise_label_warnings(label, label_visibility)
  File "/root/kp/.venv/lib/python3.13/site-packages/streamlit/elements/lib/policies.py", line 187, in maybe_raise_label_warnings
    _LOGGER.warning(
2026-04-18 05:06:18.229 Please replace `use_container_width` with `width`.

`use_container_width` will be removed after 2025-12-31.

For `use_container_width=True`, use `width='stretch'`. For `use_container_width=False`, use `width='content'`.
2026-04-18 05:06:18.253 Please replace `use_container_width` with `width`.

`use_container_width` will be removed after 2025-12-31.

For `use_container_width=True`, use `width='stretch'`. For `use_container_width=False`, use `width='content'`.
2026-04-18 05:06:18.262 `label` got an empty value. This is discouraged for accessibility reasons and may be disallowed in the future by raising an exception. Please provide a non-empty label and hide it with label_visibility if needed.
Stack (most recent call last):
  File "/root/.local/share/uv/python/cpython-3.13.11-linux-x86_64-gnu/lib/python3.13/threading.py", line 1015, in _bootstrap
    self._bootstrap_inner()
  File "/root/.local/share/uv/python/cpython-3.13.11-linux-x86_64-gnu/lib/python3.13/threading.py", line 1044, in _bootstrap_inner
    self.run()
  File "/root/.local/share/uv/python/cpython-3.13.11-linux-x86_64-gnu/lib/python3.13/threading.py", line 995, in run
    self._target(*self._args, **self._kwargs)
  File "/root/kp/.venv/lib/python3.13/site-packages/streamlit/runtime/scriptrunner/script_runner.py", line 379, in _run_script_thread
    self._run_script(request.rerun_data)
  File "/root/kp/.venv/lib/python3.13/site-packages/streamlit/runtime/scriptrunner/script_runner.py", line 705, in _run_script
    ) = exec_func_with_error_handling(code_to_exec, ctx)
  File "/root/kp/.venv/lib/python3.13/site-packages/streamlit/runtime/scriptrunner/exec_code.py", line 129, in exec_func_with_error_handling
    result = func()
  File "/root/kp/.venv/lib/python3.13/site-packages/streamlit/runtime/scriptrunner/script_runner.py", line 689, in code_to_exec
    exec(code, module.__dict__)  # noqa: S102
  File "/root/kp/retail/rpoc/src/rpoc/app.py", line 1119, in <module>
    elif col_s.checkbox("", key=f"s_{idx}"):
  File "/root/kp/.venv/lib/python3.13/site-packages/streamlit/runtime/metrics_util.py", line 532, in wrapped_func
    result = non_optional_func(*args, **kwargs)
  File "/root/kp/.venv/lib/python3.13/site-packages/streamlit/elements/widgets/checkbox.py", line 202, in checkbox
    return self._checkbox(
  File "/root/kp/.venv/lib/python3.13/site-packages/streamlit/elements/widgets/checkbox.py", line 396, in _checkbox
    maybe_raise_label_warnings(label, label_visibility)
  File "/root/kp/.venv/lib/python3.13/site-packages/streamlit/elements/lib/policies.py", line 187, in maybe_raise_label_warnings
    _LOGGER.warning(
2026-04-18 05:06:19.286 Please replace `use_container_width` with `width`.

`use_container_width` will be removed after 2025-12-31.

For `use_container_width=True`, use `width='stretch'`. For `use_container_width=False`, use `width='content'`.
2026-04-18 05:06:19.302 Please replace `use_container_width` with `width`.

`use_container_width` will be removed after 2025-12-31.

For `use_container_width=True`, use `width='stretch'`. For `use_container_width=False`, use `width='content'`.
2026-04-18 05:06:19.310 `label` got an empty value. This is discouraged for accessibility reasons and may be disallowed in the future by raising an exception. Please provide a non-empty label and hide it with label_visibility if needed.
Stack (most recent call last):
  File "/root/.local/share/uv/python/cpython-3.13.11-linux-x86_64-gnu/lib/python3.13/threading.py", line 1015, in _bootstrap
    self._bootstrap_inner()
  File "/root/.local/share/uv/python/cpython-3.13.11-linux-x86_64-gnu/lib/python3.13/threading.py", line 1044, in _bootstrap_inner
    self.run()
  File "/root/.local/share/uv/python/cpython-3.13.11-linux-x86_64-gnu/lib/python3.13/threading.py", line 995, in run
    self._target(*self._args, **self._kwargs)
  File "/root/kp/.venv/lib/python3.13/site-packages/streamlit/runtime/scriptrunner/script_runner.py", line 379, in _run_script_thread
    self._run_script(request.rerun_data)
  File "/root/kp/.venv/lib/python3.13/site-packages/streamlit/runtime/scriptrunner/script_runner.py", line 705, in _run_script
    ) = exec_func_with_error_handling(code_to_exec, ctx)
  File "/root/kp/.venv/lib/python3.13/site-packages/streamlit/runtime/scriptrunner/exec_code.py", line 129, in exec_func_with_error_handling
    result = func()
  File "/root/kp/.venv/lib/python3.13/site-packages/streamlit/runtime/scriptrunner/script_runner.py", line 689, in code_to_exec
    exec(code, module.__dict__)  # noqa: S102
  File "/root/kp/retail/rpoc/src/rpoc/app.py", line 1119, in <module>
    elif col_s.checkbox("", key=f"s_{idx}"):
  File "/root/kp/.venv/lib/python3.13/site-packages/streamlit/runtime/metrics_util.py", line 532, in wrapped_func
    result = non_optional_func(*args, **kwargs)
  File "/root/kp/.venv/lib/python3.13/site-packages/streamlit/elements/widgets/checkbox.py", line 202, in checkbox
    return self._checkbox(
  File "/root/kp/.venv/lib/python3.13/site-packages/streamlit/elements/widgets/checkbox.py", line 396, in _checkbox
    maybe_raise_label_warnings(label, label_visibility)
  File "/root/kp/.venv/lib/python3.13/site-packages/streamlit/elements/lib/policies.py", line 187, in maybe_raise_label_warnings
    _LOGGER.warning(
2026-04-18 05:06:19.437 Please replace `use_container_width` with `width`.

`use_container_width` will be removed after 2025-12-31.

For `use_container_width=True`, use `width='stretch'`. For `use_container_width=False`, use `width='content'`.
2026-04-18 05:06:19.453 Please replace `use_container_width` with `width`.

`use_container_width` will be removed after 2025-12-31.

For `use_container_width=True`, use `width='stretch'`. For `use_container_width=False`, use `width='content'`.
/root/kp/.venv/lib/python3.13/site-packages/xlsxwriter/worksheet.py:2353: UserWarning: Can't merge single cell
  warn("Can't merge single cell")
2026-04-18 05:07:06.117 Please replace `use_container_width` with `width`.

`use_container_width` will be removed after 2025-12-31.

For `use_container_width=True`, use `width='stretch'`. For `use_container_width=False`, use `width='content'`.
2026-04-18 05:07:06.137 Please replace `use_container_width` with `width`.

`use_container_width` will be removed after 2025-12-31.

For `use_container_width=True`, use `width='stretch'`. For `use_container_width=False`, use `width='content'`.
2026-04-18 05:07:40.815 Please replace `use_container_width` with `width`.

`use_container_width` will be removed after 2025-12-31.

For `use_container_width=True`, use `width='stretch'`. For `use_container_width=False`, use `width='content'`.
2026-04-18 05:07:40.827 Please replace `use_container_width` with `width`.

`use_container_width` will be removed after 2025-12-31.

For `use_container_width=True`, use `width='stretch'`. For `use_container_width=False`, use `width='content'`.
2026-04-18 05:07:59.704 Please replace `use_container_width` with `width`.

`use_container_width` will be removed after 2025-12-31.

For `use_container_width=True`, use `width='stretch'`. For `use_container_width=False`, use `width='content'`.
2026-04-18 05:07:59.724 Please replace `use_container_width` with `width`.

`use_container_width` will be removed after 2025-12-31.

For `use_container_width=True`, use `width='stretch'`. For `use_container_width=False`, use `width='content'`.

Collecting usage statistics. To deactivate, set browser.gatherUsageStats to false.


  You can now view your Streamlit app in your browser.

  Local URL: http://localhost:8503
  Network URL: http://64.227.110.183:8503
  External URL: http://64.227.110.183:8503

/root/kp/retail/rpoc/src/rpoc/services/general_.py:17: FutureWarning: 

All support for the `google.generativeai` package has ended. It will no longer be receiving 
updates or bug fixes. Please switch to the `google.genai` package as soon as possible.
See README for more details:

https://github.com/google-gemini/deprecated-generative-ai-python/blob/main/README.md

  import google.generativeai as genai
2026-04-20 09:18:40.809 Please replace `use_container_width` with `width`.

`use_container_width` will be removed after 2025-12-31.

For `use_container_width=True`, use `width='stretch'`. For `use_container_width=False`, use `width='content'`.
2026-04-20 09:19:38.033 Please replace `use_container_width` with `width`.

`use_container_width` will be removed after 2025-12-31.

For `use_container_width=True`, use `width='stretch'`. For `use_container_width=False`, use `width='content'`.
2026-04-20 09:22:24.980 Please replace `use_container_width` with `width`.

`use_container_width` will be removed after 2025-12-31.

For `use_container_width=True`, use `width='stretch'`. For `use_container_width=False`, use `width='content'`.
2026-04-20 09:22:27.622 Please replace `use_container_width` with `width`.

`use_container_width` will be removed after 2025-12-31.

For `use_container_width=True`, use `width='stretch'`. For `use_container_width=False`, use `width='content'`.
2026-04-20 09:23:12.620 Please replace `use_container_width` with `width`.

`use_container_width` will be removed after 2025-12-31.

For `use_container_width=True`, use `width='stretch'`. For `use_container_width=False`, use `width='content'`.
2026-04-20 09:23:16.013 Please replace `use_container_width` with `width`.

`use_container_width` will be removed after 2025-12-31.

For `use_container_width=True`, use `width='stretch'`. For `use_container_width=False`, use `width='content'`.
2026-04-20 09:24:01.064 Please replace `use_container_width` with `width`.

`use_container_width` will be removed after 2025-12-31.

For `use_container_width=True`, use `width='stretch'`. For `use_container_width=False`, use `width='content'`.
2026-04-20 09:24:36.636 Please replace `use_container_width` with `width`.

`use_container_width` will be removed after 2025-12-31.

For `use_container_width=True`, use `width='stretch'`. For `use_container_width=False`, use `width='content'`.
Killed
Hello from rpoc!

Collecting usage statistics. To deactivate, set browser.gatherUsageStats to false.


  You can now view your Streamlit app in your browser.

  Local URL: http://localhost:8501
  Network URL: http://64.227.110.183:8501
  External URL: http://64.227.110.183:8501

/root/kp/retail/rpoc/src/rpoc/services/general_.py:17: FutureWarning: 

All support for the `google.generativeai` package has ended. It will no longer be receiving 
updates or bug fixes. Please switch to the `google.genai` package as soon as possible.
See README for more details:

https://github.com/google-gemini/deprecated-generative-ai-python/blob/main/README.md

  import google.generativeai as genai
2026-04-20 09:38:41.612 Please replace `use_container_width` with `width`.

`use_container_width` will be removed after 2025-12-31.

For `use_container_width=True`, use `width='stretch'`. For `use_container_width=False`, use `width='content'`.
2026-04-20 10:16:16.816 Please replace `use_container_width` with `width`.

`use_container_width` will be removed after 2025-12-31.

For `use_container_width=True`, use `width='stretch'`. For `use_container_width=False`, use `width='content'`.
2026-04-20 10:20:35.128 Please replace `use_container_width` with `width`.

`use_container_width` will be removed after 2025-12-31.

For `use_container_width=True`, use `width='stretch'`. For `use_container_width=False`, use `width='content'`.
2026-04-20 10:20:44.697 Please replace `use_container_width` with `width`.

`use_container_width` will be removed after 2025-12-31.

For `use_container_width=True`, use `width='stretch'`. For `use_container_width=False`, use `width='content'`.
2026-04-20 10:20:49.055 Please replace `use_container_width` with `width`.

`use_container_width` will be removed after 2025-12-31.

For `use_container_width=True`, use `width='stretch'`. For `use_container_width=False`, use `width='content'`.
2026-04-20 10:21:41.619 Please replace `use_container_width` with `width`.

`use_container_width` will be removed after 2025-12-31.

For `use_container_width=True`, use `width='stretch'`. For `use_container_width=False`, use `width='content'`.
2026-04-20 10:21:47.796 Please replace `use_container_width` with `width`.

`use_container_width` will be removed after 2025-12-31.

For `use_container_width=True`, use `width='stretch'`. For `use_container_width=False`, use `width='content'`.
2026-04-20 10:27:00.608 Please replace `use_container_width` with `width`.

`use_container_width` will be removed after 2025-12-31.

For `use_container_width=True`, use `width='stretch'`. For `use_container_width=False`, use `width='content'`.
2026-04-20 10:31:58.942 Please replace `use_container_width` with `width`.

`use_container_width` will be removed after 2025-12-31.

For `use_container_width=True`, use `width='stretch'`. For `use_container_width=False`, use `width='content'`.
2026-04-20 10:40:58.830 Please replace `use_container_width` with `width`.

`use_container_width` will be removed after 2025-12-31.

For `use_container_width=True`, use `width='stretch'`. For `use_container_width=False`, use `width='content'`.
2026-04-20 10:43:25.252 Please replace `use_container_width` with `width`.

`use_container_width` will be removed after 2025-12-31.

For `use_container_width=True`, use `width='stretch'`. For `use_container_width=False`, use `width='content'`.
2026-04-20 10:44:03.353 Please replace `use_container_width` with `width`.

`use_container_width` will be removed after 2025-12-31.

For `use_container_width=True`, use `width='stretch'`. For `use_container_width=False`, use `width='content'`.
2026-04-20 10:46:46.750 Please replace `use_container_width` with `width`.

`use_container_width` will be removed after 2025-12-31.

For `use_container_width=True`, use `width='stretch'`. For `use_container_width=False`, use `width='content'`.
2026-04-20 10:46:53.802 Please replace `use_container_width` with `width`.

`use_container_width` will be removed after 2025-12-31.

For `use_container_width=True`, use `width='stretch'`. For `use_container_width=False`, use `width='content'`.
2026-04-20 10:46:55.448 Please replace `use_container_width` with `width`.

`use_container_width` will be removed after 2025-12-31.

For `use_container_width=True`, use `width='stretch'`. For `use_container_width=False`, use `width='content'`.
2026-04-20 10:46:57.391 `label` got an empty value. This is discouraged for accessibility reasons and may be disallowed in the future by raising an exception. Please provide a non-empty label and hide it with label_visibility if needed.
Stack (most recent call last):
  File "/root/.local/share/uv/python/cpython-3.13.11-linux-x86_64-gnu/lib/python3.13/threading.py", line 1015, in _bootstrap
    self._bootstrap_inner()
  File "/root/.local/share/uv/python/cpython-3.13.11-linux-x86_64-gnu/lib/python3.13/threading.py", line 1044, in _bootstrap_inner
    self.run()
  File "/root/.local/share/uv/python/cpython-3.13.11-linux-x86_64-gnu/lib/python3.13/threading.py", line 995, in run
    self._target(*self._args, **self._kwargs)
  File "/root/kp/.venv/lib/python3.13/site-packages/streamlit/runtime/scriptrunner/script_runner.py", line 379, in _run_script_thread
    self._run_script(request.rerun_data)
  File "/root/kp/.venv/lib/python3.13/site-packages/streamlit/runtime/scriptrunner/script_runner.py", line 705, in _run_script
    ) = exec_func_with_error_handling(code_to_exec, ctx)
  File "/root/kp/.venv/lib/python3.13/site-packages/streamlit/runtime/scriptrunner/exec_code.py", line 129, in exec_func_with_error_handling
    result = func()
  File "/root/kp/.venv/lib/python3.13/site-packages/streamlit/runtime/scriptrunner/script_runner.py", line 689, in code_to_exec
    exec(code, module.__dict__)  # noqa: S102
  File "/root/kp/retail/rpoc/src/rpoc/app.py", line 38, in <module>
    pg.run()
  File "/root/kp/.venv/lib/python3.13/site-packages/streamlit/navigation/page.py", line 380, in run
    exec(code, module.__dict__)  # noqa: S102
  File "/root/kp/retail/rpoc/src/rpoc/pages_/orders_.py", line 40, in <module>
    elif col_s.checkbox("" , key = f"s_{index}") :
  File "/root/kp/.venv/lib/python3.13/site-packages/streamlit/runtime/metrics_util.py", line 532, in wrapped_func
    result = non_optional_func(*args, **kwargs)
  File "/root/kp/.venv/lib/python3.13/site-packages/streamlit/elements/widgets/checkbox.py", line 202, in checkbox
    return self._checkbox(
  File "/root/kp/.venv/lib/python3.13/site-packages/streamlit/elements/widgets/checkbox.py", line 396, in _checkbox
    maybe_raise_label_warnings(label, label_visibility)
  File "/root/kp/.venv/lib/python3.13/site-packages/streamlit/elements/lib/policies.py", line 187, in maybe_raise_label_warnings
    _LOGGER.warning(
2026-04-20 10:47:05.498 `label` got an empty value. This is discouraged for accessibility reasons and may be disallowed in the future by raising an exception. Please provide a non-empty label and hide it with label_visibility if needed.
Stack (most recent call last):
  File "/root/.local/share/uv/python/cpython-3.13.11-linux-x86_64-gnu/lib/python3.13/threading.py", line 1015, in _bootstrap
    self._bootstrap_inner()
  File "/root/.local/share/uv/python/cpython-3.13.11-linux-x86_64-gnu/lib/python3.13/threading.py", line 1044, in _bootstrap_inner
    self.run()
  File "/root/.local/share/uv/python/cpython-3.13.11-linux-x86_64-gnu/lib/python3.13/threading.py", line 995, in run
    self._target(*self._args, **self._kwargs)
  File "/root/kp/.venv/lib/python3.13/site-packages/streamlit/runtime/scriptrunner/script_runner.py", line 379, in _run_script_thread
    self._run_script(request.rerun_data)
  File "/root/kp/.venv/lib/python3.13/site-packages/streamlit/runtime/scriptrunner/script_runner.py", line 705, in _run_script
    ) = exec_func_with_error_handling(code_to_exec, ctx)
  File "/root/kp/.venv/lib/python3.13/site-packages/streamlit/runtime/scriptrunner/exec_code.py", line 129, in exec_func_with_error_handling
    result = func()
  File "/root/kp/.venv/lib/python3.13/site-packages/streamlit/runtime/scriptrunner/script_runner.py", line 689, in code_to_exec
    exec(code, module.__dict__)  # noqa: S102
  File "/root/kp/retail/rpoc/src/rpoc/app.py", line 38, in <module>
    pg.run()
  File "/root/kp/.venv/lib/python3.13/site-packages/streamlit/navigation/page.py", line 380, in run
    exec(code, module.__dict__)  # noqa: S102
  File "/root/kp/retail/rpoc/src/rpoc/pages_/orders_.py", line 40, in <module>
    elif col_s.checkbox("" , key = f"s_{index}") :
  File "/root/kp/.venv/lib/python3.13/site-packages/streamlit/runtime/metrics_util.py", line 532, in wrapped_func
    result = non_optional_func(*args, **kwargs)
  File "/root/kp/.venv/lib/python3.13/site-packages/streamlit/elements/widgets/checkbox.py", line 202, in checkbox
    return self._checkbox(
  File "/root/kp/.venv/lib/python3.13/site-packages/streamlit/elements/widgets/checkbox.py", line 396, in _checkbox
    maybe_raise_label_warnings(label, label_visibility)
  File "/root/kp/.venv/lib/python3.13/site-packages/streamlit/elements/lib/policies.py", line 187, in maybe_raise_label_warnings
    _LOGGER.warning(
2026-04-20 10:47:09.243 `label` got an empty value. This is discouraged for accessibility reasons and may be disallowed in the future by raising an exception. Please provide a non-empty label and hide it with label_visibility if needed.
Stack (most recent call last):
  File "/root/.local/share/uv/python/cpython-3.13.11-linux-x86_64-gnu/lib/python3.13/threading.py", line 1015, in _bootstrap
    self._bootstrap_inner()
  File "/root/.local/share/uv/python/cpython-3.13.11-linux-x86_64-gnu/lib/python3.13/threading.py", line 1044, in _bootstrap_inner
    self.run()
  File "/root/.local/share/uv/python/cpython-3.13.11-linux-x86_64-gnu/lib/python3.13/threading.py", line 995, in run
    self._target(*self._args, **self._kwargs)
  File "/root/kp/.venv/lib/python3.13/site-packages/streamlit/runtime/scriptrunner/script_runner.py", line 379, in _run_script_thread
    self._run_script(request.rerun_data)
  File "/root/kp/.venv/lib/python3.13/site-packages/streamlit/runtime/scriptrunner/script_runner.py", line 705, in _run_script
    ) = exec_func_with_error_handling(code_to_exec, ctx)
  File "/root/kp/.venv/lib/python3.13/site-packages/streamlit/runtime/scriptrunner/exec_code.py", line 129, in exec_func_with_error_handling
    result = func()
  File "/root/kp/.venv/lib/python3.13/site-packages/streamlit/runtime/scriptrunner/script_runner.py", line 689, in code_to_exec
    exec(code, module.__dict__)  # noqa: S102
  File "/root/kp/retail/rpoc/src/rpoc/app.py", line 38, in <module>
    pg.run()
  File "/root/kp/.venv/lib/python3.13/site-packages/streamlit/navigation/page.py", line 380, in run
    exec(code, module.__dict__)  # noqa: S102
  File "/root/kp/retail/rpoc/src/rpoc/pages_/orders_.py", line 40, in <module>
    elif col_s.checkbox("" , key = f"s_{index}") :
  File "/root/kp/.venv/lib/python3.13/site-packages/streamlit/runtime/metrics_util.py", line 532, in wrapped_func
    result = non_optional_func(*args, **kwargs)
  File "/root/kp/.venv/lib/python3.13/site-packages/streamlit/elements/widgets/checkbox.py", line 202, in checkbox
    return self._checkbox(
  File "/root/kp/.venv/lib/python3.13/site-packages/streamlit/elements/widgets/checkbox.py", line 396, in _checkbox
    maybe_raise_label_warnings(label, label_visibility)
  File "/root/kp/.venv/lib/python3.13/site-packages/streamlit/elements/lib/policies.py", line 187, in maybe_raise_label_warnings
    _LOGGER.warning(
2026-04-20 10:47:10.409 `label` got an empty value. This is discouraged for accessibility reasons and may be disallowed in the future by raising an exception. Please provide a non-empty label and hide it with label_visibility if needed.
Stack (most recent call last):
  File "/root/.local/share/uv/python/cpython-3.13.11-linux-x86_64-gnu/lib/python3.13/threading.py", line 1015, in _bootstrap
    self._bootstrap_inner()
  File "/root/.local/share/uv/python/cpython-3.13.11-linux-x86_64-gnu/lib/python3.13/threading.py", line 1044, in _bootstrap_inner
    self.run()
  File "/root/.local/share/uv/python/cpython-3.13.11-linux-x86_64-gnu/lib/python3.13/threading.py", line 995, in run
    self._target(*self._args, **self._kwargs)
  File "/root/kp/.venv/lib/python3.13/site-packages/streamlit/runtime/scriptrunner/script_runner.py", line 379, in _run_script_thread
    self._run_script(request.rerun_data)
  File "/root/kp/.venv/lib/python3.13/site-packages/streamlit/runtime/scriptrunner/script_runner.py", line 705, in _run_script
    ) = exec_func_with_error_handling(code_to_exec, ctx)
  File "/root/kp/.venv/lib/python3.13/site-packages/streamlit/runtime/scriptrunner/exec_code.py", line 129, in exec_func_with_error_handling
    result = func()
  File "/root/kp/.venv/lib/python3.13/site-packages/streamlit/runtime/scriptrunner/script_runner.py", line 689, in code_to_exec
    exec(code, module.__dict__)  # noqa: S102
  File "/root/kp/retail/rpoc/src/rpoc/app.py", line 38, in <module>
    pg.run()
  File "/root/kp/.venv/lib/python3.13/site-packages/streamlit/navigation/page.py", line 380, in run
    exec(code, module.__dict__)  # noqa: S102
  File "/root/kp/retail/rpoc/src/rpoc/pages_/orders_.py", line 40, in <module>
    elif col_s.checkbox("" , key = f"s_{index}") :
  File "/root/kp/.venv/lib/python3.13/site-packages/streamlit/runtime/metrics_util.py", line 532, in wrapped_func
    result = non_optional_func(*args, **kwargs)
  File "/root/kp/.venv/lib/python3.13/site-packages/streamlit/elements/widgets/checkbox.py", line 202, in checkbox
    return self._checkbox(
  File "/root/kp/.venv/lib/python3.13/site-packages/streamlit/elements/widgets/checkbox.py", line 396, in _checkbox
    maybe_raise_label_warnings(label, label_visibility)
  File "/root/kp/.venv/lib/python3.13/site-packages/streamlit/elements/lib/policies.py", line 187, in maybe_raise_label_warnings
    _LOGGER.warning(
2026-04-20 10:47:27.670 `label` got an empty value. This is discouraged for accessibility reasons and may be disallowed in the future by raising an exception. Please provide a non-empty label and hide it with label_visibility if needed.
Stack (most recent call last):
  File "/root/.local/share/uv/python/cpython-3.13.11-linux-x86_64-gnu/lib/python3.13/threading.py", line 1015, in _bootstrap
    self._bootstrap_inner()
  File "/root/.local/share/uv/python/cpython-3.13.11-linux-x86_64-gnu/lib/python3.13/threading.py", line 1044, in _bootstrap_inner
    self.run()
  File "/root/.local/share/uv/python/cpython-3.13.11-linux-x86_64-gnu/lib/python3.13/threading.py", line 995, in run
    self._target(*self._args, **self._kwargs)
  File "/root/kp/.venv/lib/python3.13/site-packages/streamlit/runtime/scriptrunner/script_runner.py", line 379, in _run_script_thread
    self._run_script(request.rerun_data)
  File "/root/kp/.venv/lib/python3.13/site-packages/streamlit/runtime/scriptrunner/script_runner.py", line 705, in _run_script
    ) = exec_func_with_error_handling(code_to_exec, ctx)
  File "/root/kp/.venv/lib/python3.13/site-packages/streamlit/runtime/scriptrunner/exec_code.py", line 129, in exec_func_with_error_handling
    result = func()
  File "/root/kp/.venv/lib/python3.13/site-packages/streamlit/runtime/scriptrunner/script_runner.py", line 689, in code_to_exec
    exec(code, module.__dict__)  # noqa: S102
  File "/root/kp/retail/rpoc/src/rpoc/app.py", line 38, in <module>
    pg.run()
  File "/root/kp/.venv/lib/python3.13/site-packages/streamlit/navigation/page.py", line 380, in run
    exec(code, module.__dict__)  # noqa: S102
  File "/root/kp/retail/rpoc/src/rpoc/pages_/orders_.py", line 40, in <module>
    elif col_s.checkbox("" , key = f"s_{index}") :
  File "/root/kp/.venv/lib/python3.13/site-packages/streamlit/runtime/metrics_util.py", line 532, in wrapped_func
    result = non_optional_func(*args, **kwargs)
  File "/root/kp/.venv/lib/python3.13/site-packages/streamlit/elements/widgets/checkbox.py", line 202, in checkbox
    return self._checkbox(
  File "/root/kp/.venv/lib/python3.13/site-packages/streamlit/elements/widgets/checkbox.py", line 396, in _checkbox
    maybe_raise_label_warnings(label, label_visibility)
  File "/root/kp/.venv/lib/python3.13/site-packages/streamlit/elements/lib/policies.py", line 187, in maybe_raise_label_warnings
    _LOGGER.warning(
2026-04-20 10:47:32.448 `label` got an empty value. This is discouraged for accessibility reasons and may be disallowed in the future by raising an exception. Please provide a non-empty label and hide it with label_visibility if needed.
Stack (most recent call last):
  File "/root/.local/share/uv/python/cpython-3.13.11-linux-x86_64-gnu/lib/python3.13/threading.py", line 1015, in _bootstrap
    self._bootstrap_inner()
  File "/root/.local/share/uv/python/cpython-3.13.11-linux-x86_64-gnu/lib/python3.13/threading.py", line 1044, in _bootstrap_inner
    self.run()
  File "/root/.local/share/uv/python/cpython-3.13.11-linux-x86_64-gnu/lib/python3.13/threading.py", line 995, in run
    self._target(*self._args, **self._kwargs)
  File "/root/kp/.venv/lib/python3.13/site-packages/streamlit/runtime/scriptrunner/script_runner.py", line 379, in _run_script_thread
    self._run_script(request.rerun_data)
  File "/root/kp/.venv/lib/python3.13/site-packages/streamlit/runtime/scriptrunner/script_runner.py", line 705, in _run_script
    ) = exec_func_with_error_handling(code_to_exec, ctx)
  File "/root/kp/.venv/lib/python3.13/site-packages/streamlit/runtime/scriptrunner/exec_code.py", line 129, in exec_func_with_error_handling
    result = func()
  File "/root/kp/.venv/lib/python3.13/site-packages/streamlit/runtime/scriptrunner/script_runner.py", line 689, in code_to_exec
    exec(code, module.__dict__)  # noqa: S102
  File "/root/kp/retail/rpoc/src/rpoc/app.py", line 38, in <module>
    pg.run()
  File "/root/kp/.venv/lib/python3.13/site-packages/streamlit/navigation/page.py", line 380, in run
    exec(code, module.__dict__)  # noqa: S102
  File "/root/kp/retail/rpoc/src/rpoc/pages_/orders_.py", line 40, in <module>
    elif col_s.checkbox("" , key = f"s_{index}") :
  File "/root/kp/.venv/lib/python3.13/site-packages/streamlit/runtime/metrics_util.py", line 532, in wrapped_func
    result = non_optional_func(*args, **kwargs)
  File "/root/kp/.venv/lib/python3.13/site-packages/streamlit/elements/widgets/checkbox.py", line 202, in checkbox
    return self._checkbox(
  File "/root/kp/.venv/lib/python3.13/site-packages/streamlit/elements/widgets/checkbox.py", line 396, in _checkbox
    maybe_raise_label_warnings(label, label_visibility)
  File "/root/kp/.venv/lib/python3.13/site-packages/streamlit/elements/lib/policies.py", line 187, in maybe_raise_label_warnings
    _LOGGER.warning(
2026-04-20 10:47:42.520 Please replace `use_container_width` with `width`.

`use_container_width` will be removed after 2025-12-31.

For `use_container_width=True`, use `width='stretch'`. For `use_container_width=False`, use `width='content'`.
2026-04-20 10:47:44.247 Please replace `use_container_width` with `width`.

`use_container_width` will be removed after 2025-12-31.

For `use_container_width=True`, use `width='stretch'`. For `use_container_width=False`, use `width='content'`.
2026-04-20 10:47:47.083 Please replace `use_container_width` with `width`.

`use_container_width` will be removed after 2025-12-31.

For `use_container_width=True`, use `width='stretch'`. For `use_container_width=False`, use `width='content'`.
2026-04-20 10:47:51.441 Please replace `use_container_width` with `width`.

`use_container_width` will be removed after 2025-12-31.

For `use_container_width=True`, use `width='stretch'`. For `use_container_width=False`, use `width='content'`.
2026-04-20 10:47:53.107 Please replace `use_container_width` with `width`.

`use_container_width` will be removed after 2025-12-31.

For `use_container_width=True`, use `width='stretch'`. For `use_container_width=False`, use `width='content'`.
2026-04-20 10:47:54.778 `label` got an empty value. This is discouraged for accessibility reasons and may be disallowed in the future by raising an exception. Please provide a non-empty label and hide it with label_visibility if needed.
Stack (most recent call last):
  File "/root/.local/share/uv/python/cpython-3.13.11-linux-x86_64-gnu/lib/python3.13/threading.py", line 1015, in _bootstrap
    self._bootstrap_inner()
  File "/root/.local/share/uv/python/cpython-3.13.11-linux-x86_64-gnu/lib/python3.13/threading.py", line 1044, in _bootstrap_inner
    self.run()
  File "/root/.local/share/uv/python/cpython-3.13.11-linux-x86_64-gnu/lib/python3.13/threading.py", line 995, in run
    self._target(*self._args, **self._kwargs)
  File "/root/kp/.venv/lib/python3.13/site-packages/streamlit/runtime/scriptrunner/script_runner.py", line 379, in _run_script_thread
    self._run_script(request.rerun_data)
  File "/root/kp/.venv/lib/python3.13/site-packages/streamlit/runtime/scriptrunner/script_runner.py", line 705, in _run_script
    ) = exec_func_with_error_handling(code_to_exec, ctx)
  File "/root/kp/.venv/lib/python3.13/site-packages/streamlit/runtime/scriptrunner/exec_code.py", line 129, in exec_func_with_error_handling
    result = func()
  File "/root/kp/.venv/lib/python3.13/site-packages/streamlit/runtime/scriptrunner/script_runner.py", line 689, in code_to_exec
    exec(code, module.__dict__)  # noqa: S102
  File "/root/kp/retail/rpoc/src/rpoc/app.py", line 38, in <module>
    pg.run()
  File "/root/kp/.venv/lib/python3.13/site-packages/streamlit/navigation/page.py", line 380, in run
    exec(code, module.__dict__)  # noqa: S102
  File "/root/kp/retail/rpoc/src/rpoc/pages_/orders_.py", line 40, in <module>
    elif col_s.checkbox("" , key = f"s_{index}") :
  File "/root/kp/.venv/lib/python3.13/site-packages/streamlit/runtime/metrics_util.py", line 532, in wrapped_func
    result = non_optional_func(*args, **kwargs)
  File "/root/kp/.venv/lib/python3.13/site-packages/streamlit/elements/widgets/checkbox.py", line 202, in checkbox
    return self._checkbox(
  File "/root/kp/.venv/lib/python3.13/site-packages/streamlit/elements/widgets/checkbox.py", line 396, in _checkbox
    maybe_raise_label_warnings(label, label_visibility)
  File "/root/kp/.venv/lib/python3.13/site-packages/streamlit/elements/lib/policies.py", line 187, in maybe_raise_label_warnings
    _LOGGER.warning(
2026-04-20 10:47:54.784 `label` got an empty value. This is discouraged for accessibility reasons and may be disallowed in the future by raising an exception. Please provide a non-empty label and hide it with label_visibility if needed.
Stack (most recent call last):
  File "/root/.local/share/uv/python/cpython-3.13.11-linux-x86_64-gnu/lib/python3.13/threading.py", line 1015, in _bootstrap
    self._bootstrap_inner()
  File "/root/.local/share/uv/python/cpython-3.13.11-linux-x86_64-gnu/lib/python3.13/threading.py", line 1044, in _bootstrap_inner
    self.run()
  File "/root/.local/share/uv/python/cpython-3.13.11-linux-x86_64-gnu/lib/python3.13/threading.py", line 995, in run
    self._target(*self._args, **self._kwargs)
  File "/root/kp/.venv/lib/python3.13/site-packages/streamlit/runtime/scriptrunner/script_runner.py", line 379, in _run_script_thread
    self._run_script(request.rerun_data)
  File "/root/kp/.venv/lib/python3.13/site-packages/streamlit/runtime/scriptrunner/script_runner.py", line 705, in _run_script
    ) = exec_func_with_error_handling(code_to_exec, ctx)
  File "/root/kp/.venv/lib/python3.13/site-packages/streamlit/runtime/scriptrunner/exec_code.py", line 129, in exec_func_with_error_handling
    result = func()
  File "/root/kp/.venv/lib/python3.13/site-packages/streamlit/runtime/scriptrunner/script_runner.py", line 689, in code_to_exec
    exec(code, module.__dict__)  # noqa: S102
  File "/root/kp/retail/rpoc/src/rpoc/app.py", line 38, in <module>
    pg.run()
  File "/root/kp/.venv/lib/python3.13/site-packages/streamlit/navigation/page.py", line 380, in run
    exec(code, module.__dict__)  # noqa: S102
  File "/root/kp/retail/rpoc/src/rpoc/pages_/orders_.py", line 40, in <module>
    elif col_s.checkbox("" , key = f"s_{index}") :
  File "/root/kp/.venv/lib/python3.13/site-packages/streamlit/runtime/metrics_util.py", line 532, in wrapped_func
    result = non_optional_func(*args, **kwargs)
  File "/root/kp/.venv/lib/python3.13/site-packages/streamlit/elements/widgets/checkbox.py", line 202, in checkbox
    return self._checkbox(
  File "/root/kp/.venv/lib/python3.13/site-packages/streamlit/elements/widgets/checkbox.py", line 396, in _checkbox
    maybe_raise_label_warnings(label, label_visibility)
  File "/root/kp/.venv/lib/python3.13/site-packages/streamlit/elements/lib/policies.py", line 187, in maybe_raise_label_warnings
    _LOGGER.warning(
2026-04-20 10:48:02.136 `label` got an empty value. This is discouraged for accessibility reasons and may be disallowed in the future by raising an exception. Please provide a non-empty label and hide it with label_visibility if needed.
Stack (most recent call last):
  File "/root/.local/share/uv/python/cpython-3.13.11-linux-x86_64-gnu/lib/python3.13/threading.py", line 1015, in _bootstrap
    self._bootstrap_inner()
  File "/root/.local/share/uv/python/cpython-3.13.11-linux-x86_64-gnu/lib/python3.13/threading.py", line 1044, in _bootstrap_inner
    self.run()
  File "/root/.local/share/uv/python/cpython-3.13.11-linux-x86_64-gnu/lib/python3.13/threading.py", line 995, in run
    self._target(*self._args, **self._kwargs)
  File "/root/kp/.venv/lib/python3.13/site-packages/streamlit/runtime/scriptrunner/script_runner.py", line 379, in _run_script_thread
    self._run_script(request.rerun_data)
  File "/root/kp/.venv/lib/python3.13/site-packages/streamlit/runtime/scriptrunner/script_runner.py", line 705, in _run_script
    ) = exec_func_with_error_handling(code_to_exec, ctx)
  File "/root/kp/.venv/lib/python3.13/site-packages/streamlit/runtime/scriptrunner/exec_code.py", line 129, in exec_func_with_error_handling
    result = func()
  File "/root/kp/.venv/lib/python3.13/site-packages/streamlit/runtime/scriptrunner/script_runner.py", line 689, in code_to_exec
    exec(code, module.__dict__)  # noqa: S102
  File "/root/kp/retail/rpoc/src/rpoc/app.py", line 38, in <module>
    pg.run()
  File "/root/kp/.venv/lib/python3.13/site-packages/streamlit/navigation/page.py", line 380, in run
    exec(code, module.__dict__)  # noqa: S102
  File "/root/kp/retail/rpoc/src/rpoc/pages_/orders_.py", line 40, in <module>
    elif col_s.checkbox("" , key = f"s_{index}") :
  File "/root/kp/.venv/lib/python3.13/site-packages/streamlit/runtime/metrics_util.py", line 532, in wrapped_func
    result = non_optional_func(*args, **kwargs)
  File "/root/kp/.venv/lib/python3.13/site-packages/streamlit/elements/widgets/checkbox.py", line 202, in checkbox
    return self._checkbox(
  File "/root/kp/.venv/lib/python3.13/site-packages/streamlit/elements/widgets/checkbox.py", line 396, in _checkbox
    maybe_raise_label_warnings(label, label_visibility)
  File "/root/kp/.venv/lib/python3.13/site-packages/streamlit/elements/lib/policies.py", line 187, in maybe_raise_label_warnings
    _LOGGER.warning(
2026-04-20 10:48:02.143 `label` got an empty value. This is discouraged for accessibility reasons and may be disallowed in the future by raising an exception. Please provide a non-empty label and hide it with label_visibility if needed.
Stack (most recent call last):
  File "/root/.local/share/uv/python/cpython-3.13.11-linux-x86_64-gnu/lib/python3.13/threading.py", line 1015, in _bootstrap
    self._bootstrap_inner()
  File "/root/.local/share/uv/python/cpython-3.13.11-linux-x86_64-gnu/lib/python3.13/threading.py", line 1044, in _bootstrap_inner
    self.run()
  File "/root/.local/share/uv/python/cpython-3.13.11-linux-x86_64-gnu/lib/python3.13/threading.py", line 995, in run
    self._target(*self._args, **self._kwargs)
  File "/root/kp/.venv/lib/python3.13/site-packages/streamlit/runtime/scriptrunner/script_runner.py", line 379, in _run_script_thread
    self._run_script(request.rerun_data)
  File "/root/kp/.venv/lib/python3.13/site-packages/streamlit/runtime/scriptrunner/script_runner.py", line 705, in _run_script
    ) = exec_func_with_error_handling(code_to_exec, ctx)
  File "/root/kp/.venv/lib/python3.13/site-packages/streamlit/runtime/scriptrunner/exec_code.py", line 129, in exec_func_with_error_handling
    result = func()
  File "/root/kp/.venv/lib/python3.13/site-packages/streamlit/runtime/scriptrunner/script_runner.py", line 689, in code_to_exec
    exec(code, module.__dict__)  # noqa: S102
  File "/root/kp/retail/rpoc/src/rpoc/app.py", line 38, in <module>
    pg.run()
  File "/root/kp/.venv/lib/python3.13/site-packages/streamlit/navigation/page.py", line 380, in run
    exec(code, module.__dict__)  # noqa: S102
  File "/root/kp/retail/rpoc/src/rpoc/pages_/orders_.py", line 40, in <module>
    elif col_s.checkbox("" , key = f"s_{index}") :
  File "/root/kp/.venv/lib/python3.13/site-packages/streamlit/runtime/metrics_util.py", line 532, in wrapped_func
    result = non_optional_func(*args, **kwargs)
  File "/root/kp/.venv/lib/python3.13/site-packages/streamlit/elements/widgets/checkbox.py", line 202, in checkbox
    return self._checkbox(
  File "/root/kp/.venv/lib/python3.13/site-packages/streamlit/elements/widgets/checkbox.py", line 396, in _checkbox
    maybe_raise_label_warnings(label, label_visibility)
  File "/root/kp/.venv/lib/python3.13/site-packages/streamlit/elements/lib/policies.py", line 187, in maybe_raise_label_warnings
    _LOGGER.warning(
2026-04-20 10:48:12.611 `label` got an empty value. This is discouraged for accessibility reasons and may be disallowed in the future by raising an exception. Please provide a non-empty label and hide it with label_visibility if needed.
Stack (most recent call last):
  File "/root/.local/share/uv/python/cpython-3.13.11-linux-x86_64-gnu/lib/python3.13/threading.py", line 1015, in _bootstrap
    self._bootstrap_inner()
  File "/root/.local/share/uv/python/cpython-3.13.11-linux-x86_64-gnu/lib/python3.13/threading.py", line 1044, in _bootstrap_inner
    self.run()
  File "/root/.local/share/uv/python/cpython-3.13.11-linux-x86_64-gnu/lib/python3.13/threading.py", line 995, in run
    self._target(*self._args, **self._kwargs)
  File "/root/kp/.venv/lib/python3.13/site-packages/streamlit/runtime/scriptrunner/script_runner.py", line 379, in _run_script_thread
    self._run_script(request.rerun_data)
  File "/root/kp/.venv/lib/python3.13/site-packages/streamlit/runtime/scriptrunner/script_runner.py", line 705, in _run_script
    ) = exec_func_with_error_handling(code_to_exec, ctx)
  File "/root/kp/.venv/lib/python3.13/site-packages/streamlit/runtime/scriptrunner/exec_code.py", line 129, in exec_func_with_error_handling
    result = func()
  File "/root/kp/.venv/lib/python3.13/site-packages/streamlit/runtime/scriptrunner/script_runner.py", line 689, in code_to_exec
    exec(code, module.__dict__)  # noqa: S102
  File "/root/kp/retail/rpoc/src/rpoc/app.py", line 38, in <module>
    pg.run()
  File "/root/kp/.venv/lib/python3.13/site-packages/streamlit/navigation/page.py", line 380, in run
    exec(code, module.__dict__)  # noqa: S102
  File "/root/kp/retail/rpoc/src/rpoc/pages_/orders_.py", line 40, in <module>
    elif col_s.checkbox("" , key = f"s_{index}") :
  File "/root/kp/.venv/lib/python3.13/site-packages/streamlit/runtime/metrics_util.py", line 532, in wrapped_func
    result = non_optional_func(*args, **kwargs)
  File "/root/kp/.venv/lib/python3.13/site-packages/streamlit/elements/widgets/checkbox.py", line 202, in checkbox
    return self._checkbox(
  File "/root/kp/.venv/lib/python3.13/site-packages/streamlit/elements/widgets/checkbox.py", line 396, in _checkbox
    maybe_raise_label_warnings(label, label_visibility)
  File "/root/kp/.venv/lib/python3.13/site-packages/streamlit/elements/lib/policies.py", line 187, in maybe_raise_label_warnings
    _LOGGER.warning(
2026-04-20 10:48:12.619 `label` got an empty value. This is discouraged for accessibility reasons and may be disallowed in the future by raising an exception. Please provide a non-empty label and hide it with label_visibility if needed.
Stack (most recent call last):
  File "/root/.local/share/uv/python/cpython-3.13.11-linux-x86_64-gnu/lib/python3.13/threading.py", line 1015, in _bootstrap
    self._bootstrap_inner()
  File "/root/.local/share/uv/python/cpython-3.13.11-linux-x86_64-gnu/lib/python3.13/threading.py", line 1044, in _bootstrap_inner
    self.run()
  File "/root/.local/share/uv/python/cpython-3.13.11-linux-x86_64-gnu/lib/python3.13/threading.py", line 995, in run
    self._target(*self._args, **self._kwargs)
  File "/root/kp/.venv/lib/python3.13/site-packages/streamlit/runtime/scriptrunner/script_runner.py", line 379, in _run_script_thread
    self._run_script(request.rerun_data)
  File "/root/kp/.venv/lib/python3.13/site-packages/streamlit/runtime/scriptrunner/script_runner.py", line 705, in _run_script
    ) = exec_func_with_error_handling(code_to_exec, ctx)
  File "/root/kp/.venv/lib/python3.13/site-packages/streamlit/runtime/scriptrunner/exec_code.py", line 129, in exec_func_with_error_handling
    result = func()
  File "/root/kp/.venv/lib/python3.13/site-packages/streamlit/runtime/scriptrunner/script_runner.py", line 689, in code_to_exec
    exec(code, module.__dict__)  # noqa: S102
  File "/root/kp/retail/rpoc/src/rpoc/app.py", line 38, in <module>
    pg.run()
  File "/root/kp/.venv/lib/python3.13/site-packages/streamlit/navigation/page.py", line 380, in run
    exec(code, module.__dict__)  # noqa: S102
  File "/root/kp/retail/rpoc/src/rpoc/pages_/orders_.py", line 40, in <module>
    elif col_s.checkbox("" , key = f"s_{index}") :
  File "/root/kp/.venv/lib/python3.13/site-packages/streamlit/runtime/metrics_util.py", line 532, in wrapped_func
    result = non_optional_func(*args, **kwargs)
  File "/root/kp/.venv/lib/python3.13/site-packages/streamlit/elements/widgets/checkbox.py", line 202, in checkbox
    return self._checkbox(
  File "/root/kp/.venv/lib/python3.13/site-packages/streamlit/elements/widgets/checkbox.py", line 396, in _checkbox
    maybe_raise_label_warnings(label, label_visibility)
  File "/root/kp/.venv/lib/python3.13/site-packages/streamlit/elements/lib/policies.py", line 187, in maybe_raise_label_warnings
    _LOGGER.warning(
2026-04-20 10:48:16.163 `label` got an empty value. This is discouraged for accessibility reasons and may be disallowed in the future by raising an exception. Please provide a non-empty label and hide it with label_visibility if needed.
Stack (most recent call last):
  File "/root/.local/share/uv/python/cpython-3.13.11-linux-x86_64-gnu/lib/python3.13/threading.py", line 1015, in _bootstrap
    self._bootstrap_inner()
  File "/root/.local/share/uv/python/cpython-3.13.11-linux-x86_64-gnu/lib/python3.13/threading.py", line 1044, in _bootstrap_inner
    self.run()
  File "/root/.local/share/uv/python/cpython-3.13.11-linux-x86_64-gnu/lib/python3.13/threading.py", line 995, in run
    self._target(*self._args, **self._kwargs)
  File "/root/kp/.venv/lib/python3.13/site-packages/streamlit/runtime/scriptrunner/script_runner.py", line 379, in _run_script_thread
    self._run_script(request.rerun_data)
  File "/root/kp/.venv/lib/python3.13/site-packages/streamlit/runtime/scriptrunner/script_runner.py", line 705, in _run_script
    ) = exec_func_with_error_handling(code_to_exec, ctx)
  File "/root/kp/.venv/lib/python3.13/site-packages/streamlit/runtime/scriptrunner/exec_code.py", line 129, in exec_func_with_error_handling
    result = func()
  File "/root/kp/.venv/lib/python3.13/site-packages/streamlit/runtime/scriptrunner/script_runner.py", line 689, in code_to_exec
    exec(code, module.__dict__)  # noqa: S102
  File "/root/kp/retail/rpoc/src/rpoc/app.py", line 38, in <module>
    pg.run()
  File "/root/kp/.venv/lib/python3.13/site-packages/streamlit/navigation/page.py", line 380, in run
    exec(code, module.__dict__)  # noqa: S102
  File "/root/kp/retail/rpoc/src/rpoc/pages_/orders_.py", line 40, in <module>
    elif col_s.checkbox("" , key = f"s_{index}") :
  File "/root/kp/.venv/lib/python3.13/site-packages/streamlit/runtime/metrics_util.py", line 532, in wrapped_func
    result = non_optional_func(*args, **kwargs)
  File "/root/kp/.venv/lib/python3.13/site-packages/streamlit/elements/widgets/checkbox.py", line 202, in checkbox
    return self._checkbox(
  File "/root/kp/.venv/lib/python3.13/site-packages/streamlit/elements/widgets/checkbox.py", line 396, in _checkbox
    maybe_raise_label_warnings(label, label_visibility)
  File "/root/kp/.venv/lib/python3.13/site-packages/streamlit/elements/lib/policies.py", line 187, in maybe_raise_label_warnings
    _LOGGER.warning(
2026-04-20 10:48:16.168 `label` got an empty value. This is discouraged for accessibility reasons and may be disallowed in the future by raising an exception. Please provide a non-empty label and hide it with label_visibility if needed.
Stack (most recent call last):
  File "/root/.local/share/uv/python/cpython-3.13.11-linux-x86_64-gnu/lib/python3.13/threading.py", line 1015, in _bootstrap
    self._bootstrap_inner()
  File "/root/.local/share/uv/python/cpython-3.13.11-linux-x86_64-gnu/lib/python3.13/threading.py", line 1044, in _bootstrap_inner
    self.run()
  File "/root/.local/share/uv/python/cpython-3.13.11-linux-x86_64-gnu/lib/python3.13/threading.py", line 995, in run
    self._target(*self._args, **self._kwargs)
  File "/root/kp/.venv/lib/python3.13/site-packages/streamlit/runtime/scriptrunner/script_runner.py", line 379, in _run_script_thread
    self._run_script(request.rerun_data)
  File "/root/kp/.venv/lib/python3.13/site-packages/streamlit/runtime/scriptrunner/script_runner.py", line 705, in _run_script
    ) = exec_func_with_error_handling(code_to_exec, ctx)
  File "/root/kp/.venv/lib/python3.13/site-packages/streamlit/runtime/scriptrunner/exec_code.py", line 129, in exec_func_with_error_handling
    result = func()
  File "/root/kp/.venv/lib/python3.13/site-packages/streamlit/runtime/scriptrunner/script_runner.py", line 689, in code_to_exec
    exec(code, module.__dict__)  # noqa: S102
  File "/root/kp/retail/rpoc/src/rpoc/app.py", line 38, in <module>
    pg.run()
  File "/root/kp/.venv/lib/python3.13/site-packages/streamlit/navigation/page.py", line 380, in run
    exec(code, module.__dict__)  # noqa: S102
  File "/root/kp/retail/rpoc/src/rpoc/pages_/orders_.py", line 40, in <module>
    elif col_s.checkbox("" , key = f"s_{index}") :
  File "/root/kp/.venv/lib/python3.13/site-packages/streamlit/runtime/metrics_util.py", line 532, in wrapped_func
    result = non_optional_func(*args, **kwargs)
  File "/root/kp/.venv/lib/python3.13/site-packages/streamlit/elements/widgets/checkbox.py", line 202, in checkbox
    return self._checkbox(
  File "/root/kp/.venv/lib/python3.13/site-packages/streamlit/elements/widgets/checkbox.py", line 396, in _checkbox
    maybe_raise_label_warnings(label, label_visibility)
  File "/root/kp/.venv/lib/python3.13/site-packages/streamlit/elements/lib/policies.py", line 187, in maybe_raise_label_warnings
    _LOGGER.warning(
2026-04-20 10:48:17.436 `label` got an empty value. This is discouraged for accessibility reasons and may be disallowed in the future by raising an exception. Please provide a non-empty label and hide it with label_visibility if needed.
Stack (most recent call last):
  File "/root/.local/share/uv/python/cpython-3.13.11-linux-x86_64-gnu/lib/python3.13/threading.py", line 1015, in _bootstrap
    self._bootstrap_inner()
  File "/root/.local/share/uv/python/cpython-3.13.11-linux-x86_64-gnu/lib/python3.13/threading.py", line 1044, in _bootstrap_inner
    self.run()
  File "/root/.local/share/uv/python/cpython-3.13.11-linux-x86_64-gnu/lib/python3.13/threading.py", line 995, in run
    self._target(*self._args, **self._kwargs)
  File "/root/kp/.venv/lib/python3.13/site-packages/streamlit/runtime/scriptrunner/script_runner.py", line 379, in _run_script_thread
    self._run_script(request.rerun_data)
  File "/root/kp/.venv/lib/python3.13/site-packages/streamlit/runtime/scriptrunner/script_runner.py", line 705, in _run_script
    ) = exec_func_with_error_handling(code_to_exec, ctx)
  File "/root/kp/.venv/lib/python3.13/site-packages/streamlit/runtime/scriptrunner/exec_code.py", line 129, in exec_func_with_error_handling
    result = func()
  File "/root/kp/.venv/lib/python3.13/site-packages/streamlit/runtime/scriptrunner/script_runner.py", line 689, in code_to_exec
    exec(code, module.__dict__)  # noqa: S102
  File "/root/kp/retail/rpoc/src/rpoc/app.py", line 38, in <module>
    pg.run()
  File "/root/kp/.venv/lib/python3.13/site-packages/streamlit/navigation/page.py", line 380, in run
    exec(code, module.__dict__)  # noqa: S102
  File "/root/kp/retail/rpoc/src/rpoc/pages_/orders_.py", line 40, in <module>
    elif col_s.checkbox("" , key = f"s_{index}") :
  File "/root/kp/.venv/lib/python3.13/site-packages/streamlit/runtime/metrics_util.py", line 532, in wrapped_func
    result = non_optional_func(*args, **kwargs)
  File "/root/kp/.venv/lib/python3.13/site-packages/streamlit/elements/widgets/checkbox.py", line 202, in checkbox
    return self._checkbox(
  File "/root/kp/.venv/lib/python3.13/site-packages/streamlit/elements/widgets/checkbox.py", line 396, in _checkbox
    maybe_raise_label_warnings(label, label_visibility)
  File "/root/kp/.venv/lib/python3.13/site-packages/streamlit/elements/lib/policies.py", line 187, in maybe_raise_label_warnings
    _LOGGER.warning(
2026-04-20 10:48:17.444 `label` got an empty value. This is discouraged for accessibility reasons and may be disallowed in the future by raising an exception. Please provide a non-empty label and hide it with label_visibility if needed.
Stack (most recent call last):
  File "/root/.local/share/uv/python/cpython-3.13.11-linux-x86_64-gnu/lib/python3.13/threading.py", line 1015, in _bootstrap
    self._bootstrap_inner()
  File "/root/.local/share/uv/python/cpython-3.13.11-linux-x86_64-gnu/lib/python3.13/threading.py", line 1044, in _bootstrap_inner
    self.run()
  File "/root/.local/share/uv/python/cpython-3.13.11-linux-x86_64-gnu/lib/python3.13/threading.py", line 995, in run
    self._target(*self._args, **self._kwargs)
  File "/root/kp/.venv/lib/python3.13/site-packages/streamlit/runtime/scriptrunner/script_runner.py", line 379, in _run_script_thread
    self._run_script(request.rerun_data)
  File "/root/kp/.venv/lib/python3.13/site-packages/streamlit/runtime/scriptrunner/script_runner.py", line 705, in _run_script
    ) = exec_func_with_error_handling(code_to_exec, ctx)
  File "/root/kp/.venv/lib/python3.13/site-packages/streamlit/runtime/scriptrunner/exec_code.py", line 129, in exec_func_with_error_handling
    result = func()
  File "/root/kp/.venv/lib/python3.13/site-packages/streamlit/runtime/scriptrunner/script_runner.py", line 689, in code_to_exec
    exec(code, module.__dict__)  # noqa: S102
  File "/root/kp/retail/rpoc/src/rpoc/app.py", line 38, in <module>
    pg.run()
  File "/root/kp/.venv/lib/python3.13/site-packages/streamlit/navigation/page.py", line 380, in run
    exec(code, module.__dict__)  # noqa: S102
  File "/root/kp/retail/rpoc/src/rpoc/pages_/orders_.py", line 40, in <module>
    elif col_s.checkbox("" , key = f"s_{index}") :
  File "/root/kp/.venv/lib/python3.13/site-packages/streamlit/runtime/metrics_util.py", line 532, in wrapped_func
    result = non_optional_func(*args, **kwargs)
  File "/root/kp/.venv/lib/python3.13/site-packages/streamlit/elements/widgets/checkbox.py", line 202, in checkbox
    return self._checkbox(
  File "/root/kp/.venv/lib/python3.13/site-packages/streamlit/elements/widgets/checkbox.py", line 396, in _checkbox
    maybe_raise_label_warnings(label, label_visibility)
  File "/root/kp/.venv/lib/python3.13/site-packages/streamlit/elements/lib/policies.py", line 187, in maybe_raise_label_warnings
    _LOGGER.warning(
2026-04-20 10:48:19.109 `label` got an empty value. This is discouraged for accessibility reasons and may be disallowed in the future by raising an exception. Please provide a non-empty label and hide it with label_visibility if needed.
Stack (most recent call last):
  File "/root/.local/share/uv/python/cpython-3.13.11-linux-x86_64-gnu/lib/python3.13/threading.py", line 1015, in _bootstrap
    self._bootstrap_inner()
  File "/root/.local/share/uv/python/cpython-3.13.11-linux-x86_64-gnu/lib/python3.13/threading.py", line 1044, in _bootstrap_inner
    self.run()
  File "/root/.local/share/uv/python/cpython-3.13.11-linux-x86_64-gnu/lib/python3.13/threading.py", line 995, in run
    self._target(*self._args, **self._kwargs)
  File "/root/kp/.venv/lib/python3.13/site-packages/streamlit/runtime/scriptrunner/script_runner.py", line 379, in _run_script_thread
    self._run_script(request.rerun_data)
  File "/root/kp/.venv/lib/python3.13/site-packages/streamlit/runtime/scriptrunner/script_runner.py", line 705, in _run_script
    ) = exec_func_with_error_handling(code_to_exec, ctx)
  File "/root/kp/.venv/lib/python3.13/site-packages/streamlit/runtime/scriptrunner/exec_code.py", line 129, in exec_func_with_error_handling
    result = func()
  File "/root/kp/.venv/lib/python3.13/site-packages/streamlit/runtime/scriptrunner/script_runner.py", line 689, in code_to_exec
    exec(code, module.__dict__)  # noqa: S102
  File "/root/kp/retail/rpoc/src/rpoc/app.py", line 38, in <module>
    pg.run()
  File "/root/kp/.venv/lib/python3.13/site-packages/streamlit/navigation/page.py", line 380, in run
    exec(code, module.__dict__)  # noqa: S102
  File "/root/kp/retail/rpoc/src/rpoc/pages_/orders_.py", line 40, in <module>
    elif col_s.checkbox("" , key = f"s_{index}") :
  File "/root/kp/.venv/lib/python3.13/site-packages/streamlit/runtime/metrics_util.py", line 532, in wrapped_func
    result = non_optional_func(*args, **kwargs)
  File "/root/kp/.venv/lib/python3.13/site-packages/streamlit/elements/widgets/checkbox.py", line 202, in checkbox
    return self._checkbox(
  File "/root/kp/.venv/lib/python3.13/site-packages/streamlit/elements/widgets/checkbox.py", line 396, in _checkbox
    maybe_raise_label_warnings(label, label_visibility)
  File "/root/kp/.venv/lib/python3.13/site-packages/streamlit/elements/lib/policies.py", line 187, in maybe_raise_label_warnings
    _LOGGER.warning(
2026-04-20 10:48:19.116 `label` got an empty value. This is discouraged for accessibility reasons and may be disallowed in the future by raising an exception. Please provide a non-empty label and hide it with label_visibility if needed.
Stack (most recent call last):
  File "/root/.local/share/uv/python/cpython-3.13.11-linux-x86_64-gnu/lib/python3.13/threading.py", line 1015, in _bootstrap
    self._bootstrap_inner()
  File "/root/.local/share/uv/python/cpython-3.13.11-linux-x86_64-gnu/lib/python3.13/threading.py", line 1044, in _bootstrap_inner
    self.run()
  File "/root/.local/share/uv/python/cpython-3.13.11-linux-x86_64-gnu/lib/python3.13/threading.py", line 995, in run
    self._target(*self._args, **self._kwargs)
  File "/root/kp/.venv/lib/python3.13/site-packages/streamlit/runtime/scriptrunner/script_runner.py", line 379, in _run_script_thread
    self._run_script(request.rerun_data)
  File "/root/kp/.venv/lib/python3.13/site-packages/streamlit/runtime/scriptrunner/script_runner.py", line 705, in _run_script
    ) = exec_func_with_error_handling(code_to_exec, ctx)
  File "/root/kp/.venv/lib/python3.13/site-packages/streamlit/runtime/scriptrunner/exec_code.py", line 129, in exec_func_with_error_handling
    result = func()
  File "/root/kp/.venv/lib/python3.13/site-packages/streamlit/runtime/scriptrunner/script_runner.py", line 689, in code_to_exec
    exec(code, module.__dict__)  # noqa: S102
  File "/root/kp/retail/rpoc/src/rpoc/app.py", line 38, in <module>
    pg.run()
  File "/root/kp/.venv/lib/python3.13/site-packages/streamlit/navigation/page.py", line 380, in run
    exec(code, module.__dict__)  # noqa: S102
  File "/root/kp/retail/rpoc/src/rpoc/pages_/orders_.py", line 40, in <module>
    elif col_s.checkbox("" , key = f"s_{index}") :
  File "/root/kp/.venv/lib/python3.13/site-packages/streamlit/runtime/metrics_util.py", line 532, in wrapped_func
    result = non_optional_func(*args, **kwargs)
  File "/root/kp/.venv/lib/python3.13/site-packages/streamlit/elements/widgets/checkbox.py", line 202, in checkbox
    return self._checkbox(
  File "/root/kp/.venv/lib/python3.13/site-packages/streamlit/elements/widgets/checkbox.py", line 396, in _checkbox
    maybe_raise_label_warnings(label, label_visibility)
  File "/root/kp/.venv/lib/python3.13/site-packages/streamlit/elements/lib/policies.py", line 187, in maybe_raise_label_warnings
    _LOGGER.warning(
2026-04-20 10:56:12.937 Please replace `use_container_width` with `width`.

`use_container_width` will be removed after 2025-12-31.

For `use_container_width=True`, use `width='stretch'`. For `use_container_width=False`, use `width='content'`.
2026-04-20 10:56:36.964 Please replace `use_container_width` with `width`.

`use_container_width` will be removed after 2025-12-31.

For `use_container_width=True`, use `width='stretch'`. For `use_container_width=False`, use `width='content'`.
2026-04-21 01:49:30.578 Please replace `use_container_width` with `width`.

`use_container_width` will be removed after 2025-12-31.

For `use_container_width=True`, use `width='stretch'`. For `use_container_width=False`, use `width='content'`.
2026-04-21 01:51:57.675 Please replace `use_container_width` with `width`.

`use_container_width` will be removed after 2025-12-31.

For `use_container_width=True`, use `width='stretch'`. For `use_container_width=False`, use `width='content'`.
2026-04-21 01:52:05.139 Please replace `use_container_width` with `width`.

`use_container_width` will be removed after 2025-12-31.

For `use_container_width=True`, use `width='stretch'`. For `use_container_width=False`, use `width='content'`.
Killed
Hello from rpoc!

Collecting usage statistics. To deactivate, set browser.gatherUsageStats to false.


  You can now view your Streamlit app in your browser.

  Local URL: http://localhost:8501
  Network URL: http://64.227.110.183:8501
  External URL: http://64.227.110.183:8501

/root/kp/retail/rpoc/src/rpoc/services/general_.py:17: FutureWarning: 

All support for the `google.generativeai` package has ended. It will no longer be receiving 
updates or bug fixes. Please switch to the `google.genai` package as soon as possible.
See README for more details:

https://github.com/google-gemini/deprecated-generative-ai-python/blob/main/README.md

  import google.generativeai as genai
2026-04-21 02:48:34.836 Please replace `use_container_width` with `width`.

`use_container_width` will be removed after 2025-12-31.

For `use_container_width=True`, use `width='stretch'`. For `use_container_width=False`, use `width='content'`.
  Stopping...
  Stopping...
Exception ignored on threading shutdown:
Traceback (most recent call last):
  File "/root/.local/share/uv/python/cpython-3.13.11-linux-x86_64-gnu/lib/python3.13/threading.py", line 1537, in _shutdown
    atexit_call()
  File "/root/.local/share/uv/python/cpython-3.13.11-linux-x86_64-gnu/lib/python3.13/threading.py", line 1508, in <lambda>
    _threading_atexits.append(lambda: func(*arg, **kwargs))
  File "/root/.local/share/uv/python/cpython-3.13.11-linux-x86_64-gnu/lib/python3.13/concurrent/futures/thread.py", line 31, in _python_exit
    t.join()
  File "/root/.local/share/uv/python/cpython-3.13.11-linux-x86_64-gnu/lib/python3.13/threading.py", line 1095, in join
    self._handle.join(timeout)
  File "/root/kp/.venv/lib/python3.13/site-packages/streamlit/web/bootstrap.py", line 43, in signal_handler
    server.stop()
  File "/root/kp/.venv/lib/python3.13/site-packages/streamlit/web/server/server.py", line 540, in stop
    self._runtime.stop()
  File "/root/kp/.venv/lib/python3.13/site-packages/streamlit/runtime/runtime.py", line 351, in stop
    async_objs.eventloop.call_soon_threadsafe(stop_on_eventloop)
  File "/root/.local/share/uv/python/cpython-3.13.11-linux-x86_64-gnu/lib/python3.13/asyncio/base_events.py", line 878, in call_soon_threadsafe
    self._check_closed()
  File "/root/.local/share/uv/python/cpython-3.13.11-linux-x86_64-gnu/lib/python3.13/asyncio/base_events.py", line 556, in _check_closed
    raise RuntimeError('Event loop is closed')
RuntimeError: Event loop is closed
Hello from rpoc!

Collecting usage statistics. To deactivate, set browser.gatherUsageStats to false.


  You can now view your Streamlit app in your browser.

  Local URL: http://localhost:8501
  Network URL: http://64.227.110.183:8501
  External URL: http://64.227.110.183:8501

/root/kp/retail/rpoc/src/rpoc/services/general_.py:17: FutureWarning: 

All support for the `google.generativeai` package has ended. It will no longer be receiving 
updates or bug fixes. Please switch to the `google.genai` package as soon as possible.
See README for more details:

https://github.com/google-gemini/deprecated-generative-ai-python/blob/main/README.md

  import google.generativeai as genai
2026-04-21 02:50:31.713 Please replace `use_container_width` with `width`.

`use_container_width` will be removed after 2025-12-31.

For `use_container_width=True`, use `width='stretch'`. For `use_container_width=False`, use `width='content'`.
2026-04-21 02:50:59.039 Please replace `use_container_width` with `width`.

`use_container_width` will be removed after 2025-12-31.

For `use_container_width=True`, use `width='stretch'`. For `use_container_width=False`, use `width='content'`.
2026-04-21 02:51:02.561 Please replace `use_container_width` with `width`.

`use_container_width` will be removed after 2025-12-31.

For `use_container_width=True`, use `width='stretch'`. For `use_container_width=False`, use `width='content'`.
Could not determine dtype for column 8, falling back to string
2026-04-21 02:51:06.511 Please replace `use_container_width` with `width`.

`use_container_width` will be removed after 2025-12-31.

For `use_container_width=True`, use `width='stretch'`. For `use_container_width=False`, use `width='content'`.
2026-04-21 02:51:50.259 Please replace `use_container_width` with `width`.

`use_container_width` will be removed after 2025-12-31.

For `use_container_width=True`, use `width='stretch'`. For `use_container_width=False`, use `width='content'`.
2026-04-21 02:51:53.948 Please replace `use_container_width` with `width`.

`use_container_width` will be removed after 2025-12-31.

For `use_container_width=True`, use `width='stretch'`. For `use_container_width=False`, use `width='content'`.
2026-04-23 04:55:00.532 Please replace `use_container_width` with `width`.

`use_container_width` will be removed after 2025-12-31.

For `use_container_width=True`, use `width='stretch'`. For `use_container_width=False`, use `width='content'`.
2026-04-23 04:55:06.364 Please replace `use_container_width` with `width`.

`use_container_width` will be removed after 2025-12-31.

For `use_container_width=True`, use `width='stretch'`. For `use_container_width=False`, use `width='content'`.
2026-04-23 05:10:15.853 Please replace `use_container_width` with `width`.

`use_container_width` will be removed after 2025-12-31.

For `use_container_width=True`, use `width='stretch'`. For `use_container_width=False`, use `width='content'`.
2026-04-23 05:10:17.721 Please replace `use_container_width` with `width`.

`use_container_width` will be removed after 2025-12-31.

For `use_container_width=True`, use `width='stretch'`. For `use_container_width=False`, use `width='content'`.
2026-04-23 05:15:18.995 Please replace `use_container_width` with `width`.

`use_container_width` will be removed after 2025-12-31.

For `use_container_width=True`, use `width='stretch'`. For `use_container_width=False`, use `width='content'`.
2026-04-23 18:45:46.442 Please replace `use_container_width` with `width`.

`use_container_width` will be removed after 2025-12-31.

For `use_container_width=True`, use `width='stretch'`. For `use_container_width=False`, use `width='content'`.
2026-04-23 18:50:14.844 Please replace `use_container_width` with `width`.

`use_container_width` will be removed after 2025-12-31.

For `use_container_width=True`, use `width='stretch'`. For `use_container_width=False`, use `width='content'`.
2026-04-23 18:50:39.764 Please replace `use_container_width` with `width`.

`use_container_width` will be removed after 2025-12-31.

For `use_container_width=True`, use `width='stretch'`. For `use_container_width=False`, use `width='content'`.
2026-04-23 18:50:45.112 Please replace `use_container_width` with `width`.

`use_container_width` will be removed after 2025-12-31.

For `use_container_width=True`, use `width='stretch'`. For `use_container_width=False`, use `width='content'`.
2026-04-23 18:50:46.784 Please replace `use_container_width` with `width`.

`use_container_width` will be removed after 2025-12-31.

For `use_container_width=True`, use `width='stretch'`. For `use_container_width=False`, use `width='content'`.
2026-04-23 18:50:48.998 `label` got an empty value. This is discouraged for accessibility reasons and may be disallowed in the future by raising an exception. Please provide a non-empty label and hide it with label_visibility if needed.
Stack (most recent call last):
  File "/root/.local/share/uv/python/cpython-3.13.11-linux-x86_64-gnu/lib/python3.13/threading.py", line 1015, in _bootstrap
    self._bootstrap_inner()
  File "/root/.local/share/uv/python/cpython-3.13.11-linux-x86_64-gnu/lib/python3.13/threading.py", line 1044, in _bootstrap_inner
    self.run()
  File "/root/.local/share/uv/python/cpython-3.13.11-linux-x86_64-gnu/lib/python3.13/threading.py", line 995, in run
    self._target(*self._args, **self._kwargs)
  File "/root/kp/.venv/lib/python3.13/site-packages/streamlit/runtime/scriptrunner/script_runner.py", line 379, in _run_script_thread
    self._run_script(request.rerun_data)
  File "/root/kp/.venv/lib/python3.13/site-packages/streamlit/runtime/scriptrunner/script_runner.py", line 705, in _run_script
    ) = exec_func_with_error_handling(code_to_exec, ctx)
  File "/root/kp/.venv/lib/python3.13/site-packages/streamlit/runtime/scriptrunner/exec_code.py", line 129, in exec_func_with_error_handling
    result = func()
  File "/root/kp/.venv/lib/python3.13/site-packages/streamlit/runtime/scriptrunner/script_runner.py", line 689, in code_to_exec
    exec(code, module.__dict__)  # noqa: S102
  File "/root/kp/retail/rpoc/src/rpoc/app.py", line 38, in <module>
    pg.run()
  File "/root/kp/.venv/lib/python3.13/site-packages/streamlit/navigation/page.py", line 380, in run
    exec(code, module.__dict__)  # noqa: S102
  File "/root/kp/retail/rpoc/src/rpoc/pages_/orders_.py", line 40, in <module>
    elif col_s.checkbox("" , key = f"s_{index}") :
  File "/root/kp/.venv/lib/python3.13/site-packages/streamlit/runtime/metrics_util.py", line 532, in wrapped_func
    result = non_optional_func(*args, **kwargs)
  File "/root/kp/.venv/lib/python3.13/site-packages/streamlit/elements/widgets/checkbox.py", line 202, in checkbox
    return self._checkbox(
  File "/root/kp/.venv/lib/python3.13/site-packages/streamlit/elements/widgets/checkbox.py", line 396, in _checkbox
    maybe_raise_label_warnings(label, label_visibility)
  File "/root/kp/.venv/lib/python3.13/site-packages/streamlit/elements/lib/policies.py", line 187, in maybe_raise_label_warnings
    _LOGGER.warning(
2026-04-23 18:50:55.839 `label` got an empty value. This is discouraged for accessibility reasons and may be disallowed in the future by raising an exception. Please provide a non-empty label and hide it with label_visibility if needed.
Stack (most recent call last):
  File "/root/.local/share/uv/python/cpython-3.13.11-linux-x86_64-gnu/lib/python3.13/threading.py", line 1015, in _bootstrap
    self._bootstrap_inner()
  File "/root/.local/share/uv/python/cpython-3.13.11-linux-x86_64-gnu/lib/python3.13/threading.py", line 1044, in _bootstrap_inner
    self.run()
  File "/root/.local/share/uv/python/cpython-3.13.11-linux-x86_64-gnu/lib/python3.13/threading.py", line 995, in run
    self._target(*self._args, **self._kwargs)
  File "/root/kp/.venv/lib/python3.13/site-packages/streamlit/runtime/scriptrunner/script_runner.py", line 379, in _run_script_thread
    self._run_script(request.rerun_data)
  File "/root/kp/.venv/lib/python3.13/site-packages/streamlit/runtime/scriptrunner/script_runner.py", line 705, in _run_script
    ) = exec_func_with_error_handling(code_to_exec, ctx)
  File "/root/kp/.venv/lib/python3.13/site-packages/streamlit/runtime/scriptrunner/exec_code.py", line 129, in exec_func_with_error_handling
    result = func()
  File "/root/kp/.venv/lib/python3.13/site-packages/streamlit/runtime/scriptrunner/script_runner.py", line 689, in code_to_exec
    exec(code, module.__dict__)  # noqa: S102
  File "/root/kp/retail/rpoc/src/rpoc/app.py", line 38, in <module>
    pg.run()
  File "/root/kp/.venv/lib/python3.13/site-packages/streamlit/navigation/page.py", line 380, in run
    exec(code, module.__dict__)  # noqa: S102
  File "/root/kp/retail/rpoc/src/rpoc/pages_/orders_.py", line 40, in <module>
    elif col_s.checkbox("" , key = f"s_{index}") :
  File "/root/kp/.venv/lib/python3.13/site-packages/streamlit/runtime/metrics_util.py", line 532, in wrapped_func
    result = non_optional_func(*args, **kwargs)
  File "/root/kp/.venv/lib/python3.13/site-packages/streamlit/elements/widgets/checkbox.py", line 202, in checkbox
    return self._checkbox(
  File "/root/kp/.venv/lib/python3.13/site-packages/streamlit/elements/widgets/checkbox.py", line 396, in _checkbox
    maybe_raise_label_warnings(label, label_visibility)
  File "/root/kp/.venv/lib/python3.13/site-packages/streamlit/elements/lib/policies.py", line 187, in maybe_raise_label_warnings
    _LOGGER.warning(
2026-04-23 18:51:03.359 `label` got an empty value. This is discouraged for accessibility reasons and may be disallowed in the future by raising an exception. Please provide a non-empty label and hide it with label_visibility if needed.
Stack (most recent call last):
  File "/root/.local/share/uv/python/cpython-3.13.11-linux-x86_64-gnu/lib/python3.13/threading.py", line 1015, in _bootstrap
    self._bootstrap_inner()
  File "/root/.local/share/uv/python/cpython-3.13.11-linux-x86_64-gnu/lib/python3.13/threading.py", line 1044, in _bootstrap_inner
    self.run()
  File "/root/.local/share/uv/python/cpython-3.13.11-linux-x86_64-gnu/lib/python3.13/threading.py", line 995, in run
    self._target(*self._args, **self._kwargs)
  File "/root/kp/.venv/lib/python3.13/site-packages/streamlit/runtime/scriptrunner/script_runner.py", line 379, in _run_script_thread
    self._run_script(request.rerun_data)
  File "/root/kp/.venv/lib/python3.13/site-packages/streamlit/runtime/scriptrunner/script_runner.py", line 705, in _run_script
    ) = exec_func_with_error_handling(code_to_exec, ctx)
  File "/root/kp/.venv/lib/python3.13/site-packages/streamlit/runtime/scriptrunner/exec_code.py", line 129, in exec_func_with_error_handling
    result = func()
  File "/root/kp/.venv/lib/python3.13/site-packages/streamlit/runtime/scriptrunner/script_runner.py", line 689, in code_to_exec
    exec(code, module.__dict__)  # noqa: S102
  File "/root/kp/retail/rpoc/src/rpoc/app.py", line 38, in <module>
    pg.run()
  File "/root/kp/.venv/lib/python3.13/site-packages/streamlit/navigation/page.py", line 380, in run
    exec(code, module.__dict__)  # noqa: S102
  File "/root/kp/retail/rpoc/src/rpoc/pages_/orders_.py", line 40, in <module>
    elif col_s.checkbox("" , key = f"s_{index}") :
  File "/root/kp/.venv/lib/python3.13/site-packages/streamlit/runtime/metrics_util.py", line 532, in wrapped_func
    result = non_optional_func(*args, **kwargs)
  File "/root/kp/.venv/lib/python3.13/site-packages/streamlit/elements/widgets/checkbox.py", line 202, in checkbox
    return self._checkbox(
  File "/root/kp/.venv/lib/python3.13/site-packages/streamlit/elements/widgets/checkbox.py", line 396, in _checkbox
    maybe_raise_label_warnings(label, label_visibility)
  File "/root/kp/.venv/lib/python3.13/site-packages/streamlit/elements/lib/policies.py", line 187, in maybe_raise_label_warnings
    _LOGGER.warning(
2026-04-23 18:51:21.381 `label` got an empty value. This is discouraged for accessibility reasons and may be disallowed in the future by raising an exception. Please provide a non-empty label and hide it with label_visibility if needed.
Stack (most recent call last):
  File "/root/.local/share/uv/python/cpython-3.13.11-linux-x86_64-gnu/lib/python3.13/threading.py", line 1015, in _bootstrap
    self._bootstrap_inner()
  File "/root/.local/share/uv/python/cpython-3.13.11-linux-x86_64-gnu/lib/python3.13/threading.py", line 1044, in _bootstrap_inner
    self.run()
  File "/root/.local/share/uv/python/cpython-3.13.11-linux-x86_64-gnu/lib/python3.13/threading.py", line 995, in run
    self._target(*self._args, **self._kwargs)
  File "/root/kp/.venv/lib/python3.13/site-packages/streamlit/runtime/scriptrunner/script_runner.py", line 379, in _run_script_thread
    self._run_script(request.rerun_data)
  File "/root/kp/.venv/lib/python3.13/site-packages/streamlit/runtime/scriptrunner/script_runner.py", line 705, in _run_script
    ) = exec_func_with_error_handling(code_to_exec, ctx)
  File "/root/kp/.venv/lib/python3.13/site-packages/streamlit/runtime/scriptrunner/exec_code.py", line 129, in exec_func_with_error_handling
    result = func()
  File "/root/kp/.venv/lib/python3.13/site-packages/streamlit/runtime/scriptrunner/script_runner.py", line 689, in code_to_exec
    exec(code, module.__dict__)  # noqa: S102
  File "/root/kp/retail/rpoc/src/rpoc/app.py", line 38, in <module>
    pg.run()
  File "/root/kp/.venv/lib/python3.13/site-packages/streamlit/navigation/page.py", line 380, in run
    exec(code, module.__dict__)  # noqa: S102
  File "/root/kp/retail/rpoc/src/rpoc/pages_/orders_.py", line 40, in <module>
    elif col_s.checkbox("" , key = f"s_{index}") :
  File "/root/kp/.venv/lib/python3.13/site-packages/streamlit/runtime/metrics_util.py", line 532, in wrapped_func
    result = non_optional_func(*args, **kwargs)
  File "/root/kp/.venv/lib/python3.13/site-packages/streamlit/elements/widgets/checkbox.py", line 202, in checkbox
    return self._checkbox(
  File "/root/kp/.venv/lib/python3.13/site-packages/streamlit/elements/widgets/checkbox.py", line 396, in _checkbox
    maybe_raise_label_warnings(label, label_visibility)
  File "/root/kp/.venv/lib/python3.13/site-packages/streamlit/elements/lib/policies.py", line 187, in maybe_raise_label_warnings
    _LOGGER.warning(
2026-04-23 18:51:35.212 `label` got an empty value. This is discouraged for accessibility reasons and may be disallowed in the future by raising an exception. Please provide a non-empty label and hide it with label_visibility if needed.
Stack (most recent call last):
  File "/root/.local/share/uv/python/cpython-3.13.11-linux-x86_64-gnu/lib/python3.13/threading.py", line 1015, in _bootstrap
    self._bootstrap_inner()
  File "/root/.local/share/uv/python/cpython-3.13.11-linux-x86_64-gnu/lib/python3.13/threading.py", line 1044, in _bootstrap_inner
    self.run()
  File "/root/.local/share/uv/python/cpython-3.13.11-linux-x86_64-gnu/lib/python3.13/threading.py", line 995, in run
    self._target(*self._args, **self._kwargs)
  File "/root/kp/.venv/lib/python3.13/site-packages/streamlit/runtime/scriptrunner/script_runner.py", line 379, in _run_script_thread
    self._run_script(request.rerun_data)
  File "/root/kp/.venv/lib/python3.13/site-packages/streamlit/runtime/scriptrunner/script_runner.py", line 705, in _run_script
    ) = exec_func_with_error_handling(code_to_exec, ctx)
  File "/root/kp/.venv/lib/python3.13/site-packages/streamlit/runtime/scriptrunner/exec_code.py", line 129, in exec_func_with_error_handling
    result = func()
  File "/root/kp/.venv/lib/python3.13/site-packages/streamlit/runtime/scriptrunner/script_runner.py", line 689, in code_to_exec
    exec(code, module.__dict__)  # noqa: S102
  File "/root/kp/retail/rpoc/src/rpoc/app.py", line 38, in <module>
    pg.run()
  File "/root/kp/.venv/lib/python3.13/site-packages/streamlit/navigation/page.py", line 380, in run
    exec(code, module.__dict__)  # noqa: S102
  File "/root/kp/retail/rpoc/src/rpoc/pages_/orders_.py", line 40, in <module>
    elif col_s.checkbox("" , key = f"s_{index}") :
  File "/root/kp/.venv/lib/python3.13/site-packages/streamlit/runtime/metrics_util.py", line 532, in wrapped_func
    result = non_optional_func(*args, **kwargs)
  File "/root/kp/.venv/lib/python3.13/site-packages/streamlit/elements/widgets/checkbox.py", line 202, in checkbox
    return self._checkbox(
  File "/root/kp/.venv/lib/python3.13/site-packages/streamlit/elements/widgets/checkbox.py", line 396, in _checkbox
    maybe_raise_label_warnings(label, label_visibility)
  File "/root/kp/.venv/lib/python3.13/site-packages/streamlit/elements/lib/policies.py", line 187, in maybe_raise_label_warnings
    _LOGGER.warning(
2026-04-23 18:51:43.478 `label` got an empty value. This is discouraged for accessibility reasons and may be disallowed in the future by raising an exception. Please provide a non-empty label and hide it with label_visibility if needed.
Stack (most recent call last):
  File "/root/.local/share/uv/python/cpython-3.13.11-linux-x86_64-gnu/lib/python3.13/threading.py", line 1015, in _bootstrap
    self._bootstrap_inner()
  File "/root/.local/share/uv/python/cpython-3.13.11-linux-x86_64-gnu/lib/python3.13/threading.py", line 1044, in _bootstrap_inner
    self.run()
  File "/root/.local/share/uv/python/cpython-3.13.11-linux-x86_64-gnu/lib/python3.13/threading.py", line 995, in run
    self._target(*self._args, **self._kwargs)
  File "/root/kp/.venv/lib/python3.13/site-packages/streamlit/runtime/scriptrunner/script_runner.py", line 379, in _run_script_thread
    self._run_script(request.rerun_data)
  File "/root/kp/.venv/lib/python3.13/site-packages/streamlit/runtime/scriptrunner/script_runner.py", line 705, in _run_script
    ) = exec_func_with_error_handling(code_to_exec, ctx)
  File "/root/kp/.venv/lib/python3.13/site-packages/streamlit/runtime/scriptrunner/exec_code.py", line 129, in exec_func_with_error_handling
    result = func()
  File "/root/kp/.venv/lib/python3.13/site-packages/streamlit/runtime/scriptrunner/script_runner.py", line 689, in code_to_exec
    exec(code, module.__dict__)  # noqa: S102
  File "/root/kp/retail/rpoc/src/rpoc/app.py", line 38, in <module>
    pg.run()
  File "/root/kp/.venv/lib/python3.13/site-packages/streamlit/navigation/page.py", line 380, in run
    exec(code, module.__dict__)  # noqa: S102
  File "/root/kp/retail/rpoc/src/rpoc/pages_/orders_.py", line 40, in <module>
    elif col_s.checkbox("" , key = f"s_{index}") :
  File "/root/kp/.venv/lib/python3.13/site-packages/streamlit/runtime/metrics_util.py", line 532, in wrapped_func
    result = non_optional_func(*args, **kwargs)
  File "/root/kp/.venv/lib/python3.13/site-packages/streamlit/elements/widgets/checkbox.py", line 202, in checkbox
    return self._checkbox(
  File "/root/kp/.venv/lib/python3.13/site-packages/streamlit/elements/widgets/checkbox.py", line 396, in _checkbox
    maybe_raise_label_warnings(label, label_visibility)
  File "/root/kp/.venv/lib/python3.13/site-packages/streamlit/elements/lib/policies.py", line 187, in maybe_raise_label_warnings
    _LOGGER.warning(
2026-04-23 18:51:48.416 `label` got an empty value. This is discouraged for accessibility reasons and may be disallowed in the future by raising an exception. Please provide a non-empty label and hide it with label_visibility if needed.
Stack (most recent call last):
  File "/root/.local/share/uv/python/cpython-3.13.11-linux-x86_64-gnu/lib/python3.13/threading.py", line 1015, in _bootstrap
    self._bootstrap_inner()
  File "/root/.local/share/uv/python/cpython-3.13.11-linux-x86_64-gnu/lib/python3.13/threading.py", line 1044, in _bootstrap_inner
    self.run()
  File "/root/.local/share/uv/python/cpython-3.13.11-linux-x86_64-gnu/lib/python3.13/threading.py", line 995, in run
    self._target(*self._args, **self._kwargs)
  File "/root/kp/.venv/lib/python3.13/site-packages/streamlit/runtime/scriptrunner/script_runner.py", line 379, in _run_script_thread
    self._run_script(request.rerun_data)
  File "/root/kp/.venv/lib/python3.13/site-packages/streamlit/runtime/scriptrunner/script_runner.py", line 705, in _run_script
    ) = exec_func_with_error_handling(code_to_exec, ctx)
  File "/root/kp/.venv/lib/python3.13/site-packages/streamlit/runtime/scriptrunner/exec_code.py", line 129, in exec_func_with_error_handling
    result = func()
  File "/root/kp/.venv/lib/python3.13/site-packages/streamlit/runtime/scriptrunner/script_runner.py", line 689, in code_to_exec
    exec(code, module.__dict__)  # noqa: S102
  File "/root/kp/retail/rpoc/src/rpoc/app.py", line 38, in <module>
    pg.run()
  File "/root/kp/.venv/lib/python3.13/site-packages/streamlit/navigation/page.py", line 380, in run
    exec(code, module.__dict__)  # noqa: S102
  File "/root/kp/retail/rpoc/src/rpoc/pages_/orders_.py", line 40, in <module>
    elif col_s.checkbox("" , key = f"s_{index}") :
  File "/root/kp/.venv/lib/python3.13/site-packages/streamlit/runtime/metrics_util.py", line 532, in wrapped_func
    result = non_optional_func(*args, **kwargs)
  File "/root/kp/.venv/lib/python3.13/site-packages/streamlit/elements/widgets/checkbox.py", line 202, in checkbox
    return self._checkbox(
  File "/root/kp/.venv/lib/python3.13/site-packages/streamlit/elements/widgets/checkbox.py", line 396, in _checkbox
    maybe_raise_label_warnings(label, label_visibility)
  File "/root/kp/.venv/lib/python3.13/site-packages/streamlit/elements/lib/policies.py", line 187, in maybe_raise_label_warnings
    _LOGGER.warning(
2026-04-23 18:51:49.541 `label` got an empty value. This is discouraged for accessibility reasons and may be disallowed in the future by raising an exception. Please provide a non-empty label and hide it with label_visibility if needed.
Stack (most recent call last):
  File "/root/.local/share/uv/python/cpython-3.13.11-linux-x86_64-gnu/lib/python3.13/threading.py", line 1015, in _bootstrap
    self._bootstrap_inner()
  File "/root/.local/share/uv/python/cpython-3.13.11-linux-x86_64-gnu/lib/python3.13/threading.py", line 1044, in _bootstrap_inner
    self.run()
  File "/root/.local/share/uv/python/cpython-3.13.11-linux-x86_64-gnu/lib/python3.13/threading.py", line 995, in run
    self._target(*self._args, **self._kwargs)
  File "/root/kp/.venv/lib/python3.13/site-packages/streamlit/runtime/scriptrunner/script_runner.py", line 379, in _run_script_thread
    self._run_script(request.rerun_data)
  File "/root/kp/.venv/lib/python3.13/site-packages/streamlit/runtime/scriptrunner/script_runner.py", line 705, in _run_script
    ) = exec_func_with_error_handling(code_to_exec, ctx)
  File "/root/kp/.venv/lib/python3.13/site-packages/streamlit/runtime/scriptrunner/exec_code.py", line 129, in exec_func_with_error_handling
    result = func()
  File "/root/kp/.venv/lib/python3.13/site-packages/streamlit/runtime/scriptrunner/script_runner.py", line 689, in code_to_exec
    exec(code, module.__dict__)  # noqa: S102
  File "/root/kp/retail/rpoc/src/rpoc/app.py", line 38, in <module>
    pg.run()
  File "/root/kp/.venv/lib/python3.13/site-packages/streamlit/navigation/page.py", line 380, in run
    exec(code, module.__dict__)  # noqa: S102
  File "/root/kp/retail/rpoc/src/rpoc/pages_/orders_.py", line 40, in <module>
    elif col_s.checkbox("" , key = f"s_{index}") :
  File "/root/kp/.venv/lib/python3.13/site-packages/streamlit/runtime/metrics_util.py", line 532, in wrapped_func
    result = non_optional_func(*args, **kwargs)
  File "/root/kp/.venv/lib/python3.13/site-packages/streamlit/elements/widgets/checkbox.py", line 202, in checkbox
    return self._checkbox(
  File "/root/kp/.venv/lib/python3.13/site-packages/streamlit/elements/widgets/checkbox.py", line 396, in _checkbox
    maybe_raise_label_warnings(label, label_visibility)
  File "/root/kp/.venv/lib/python3.13/site-packages/streamlit/elements/lib/policies.py", line 187, in maybe_raise_label_warnings
    _LOGGER.warning(
2026-04-23 18:52:53.041 Please replace `use_container_width` with `width`.

`use_container_width` will be removed after 2025-12-31.

For `use_container_width=True`, use `width='stretch'`. For `use_container_width=False`, use `width='content'`.
2026-04-25 07:54:06.503 Please replace `use_container_width` with `width`.

`use_container_width` will be removed after 2025-12-31.

For `use_container_width=True`, use `width='stretch'`. For `use_container_width=False`, use `width='content'`.
2026-04-25 07:57:02.014 Please replace `use_container_width` with `width`.

`use_container_width` will be removed after 2025-12-31.

For `use_container_width=True`, use `width='stretch'`. For `use_container_width=False`, use `width='content'`.
2026-04-25 08:32:58.558 Please replace `use_container_width` with `width`.

`use_container_width` will be removed after 2025-12-31.

For `use_container_width=True`, use `width='stretch'`. For `use_container_width=False`, use `width='content'`.
2026-04-25 08:34:15.482 Please replace `use_container_width` with `width`.

`use_container_width` will be removed after 2025-12-31.

For `use_container_width=True`, use `width='stretch'`. For `use_container_width=False`, use `width='content'`.
2026-04-26 12:33:44.206 Please replace `use_container_width` with `width`.

`use_container_width` will be removed after 2025-12-31.

For `use_container_width=True`, use `width='stretch'`. For `use_container_width=False`, use `width='content'`.
2026-04-26 12:41:05.053 Please replace `use_container_width` with `width`.

`use_container_width` will be removed after 2025-12-31.

For `use_container_width=True`, use `width='stretch'`. For `use_container_width=False`, use `width='content'`.
2026-04-26 14:15:12.615 Please replace `use_container_width` with `width`.

`use_container_width` will be removed after 2025-12-31.

For `use_container_width=True`, use `width='stretch'`. For `use_container_width=False`, use `width='content'`.
2026-04-26 14:20:26.549 Please replace `use_container_width` with `width`.

`use_container_width` will be removed after 2025-12-31.

For `use_container_width=True`, use `width='stretch'`. For `use_container_width=False`, use `width='content'`.
2026-04-26 14:24:40.978 Please replace `use_container_width` with `width`.

`use_container_width` will be removed after 2025-12-31.

For `use_container_width=True`, use `width='stretch'`. For `use_container_width=False`, use `width='content'`.
2026-04-26 14:25:00.898 Please replace `use_container_width` with `width`.

`use_container_width` will be removed after 2025-12-31.

For `use_container_width=True`, use `width='stretch'`. For `use_container_width=False`, use `width='content'`.
2026-04-26 16:29:32.027 Please replace `use_container_width` with `width`.

`use_container_width` will be removed after 2025-12-31.

For `use_container_width=True`, use `width='stretch'`. For `use_container_width=False`, use `width='content'`.
2026-04-26 16:30:08.395 Please replace `use_container_width` with `width`.

`use_container_width` will be removed after 2025-12-31.

For `use_container_width=True`, use `width='stretch'`. For `use_container_width=False`, use `width='content'`.
2026-04-26 17:03:53.399 Please replace `use_container_width` with `width`.

`use_container_width` will be removed after 2025-12-31.

For `use_container_width=True`, use `width='stretch'`. For `use_container_width=False`, use `width='content'`.
2026-04-27 11:43:55.211 Please replace `use_container_width` with `width`.

`use_container_width` will be removed after 2025-12-31.

For `use_container_width=True`, use `width='stretch'`. For `use_container_width=False`, use `width='content'`.
2026-04-27 13:40:40.431 Please replace `use_container_width` with `width`.

`use_container_width` will be removed after 2025-12-31.

For `use_container_width=True`, use `width='stretch'`. For `use_container_width=False`, use `width='content'`.
Killed
Hello from rpoc!

Collecting usage statistics. To deactivate, set browser.gatherUsageStats to false.


  You can now view your Streamlit app in your browser.

  Local URL: http://localhost:8501
  Network URL: http://64.227.110.183:8501
  External URL: http://64.227.110.183:8501

/root/kp/retail/rpoc/src/rpoc/services/general_.py:17: FutureWarning: 

All support for the `google.generativeai` package has ended. It will no longer be receiving 
updates or bug fixes. Please switch to the `google.genai` package as soon as possible.
See README for more details:

https://github.com/google-gemini/deprecated-generative-ai-python/blob/main/README.md

  import google.generativeai as genai
2026-04-28 15:01:02.092 Please replace `use_container_width` with `width`.

`use_container_width` will be removed after 2025-12-31.

For `use_container_width=True`, use `width='stretch'`. For `use_container_width=False`, use `width='content'`.
2026-04-28 15:01:04.844 Uncaught app execution
Traceback (most recent call last):
  File "/root/kp/.venv/lib/python3.13/site-packages/streamlit/runtime/scriptrunner/exec_code.py", line 129, in exec_func_with_error_handling
    result = func()
  File "/root/kp/.venv/lib/python3.13/site-packages/streamlit/runtime/scriptrunner/script_runner.py", line 689, in code_to_exec
    exec(code, module.__dict__)  # noqa: S102
    ~~~~^^^^^^^^^^^^^^^^^^^^^^^
  File "/root/kp/retail/rpoc/src/rpoc/app.py", line 38, in <module>
    pg.run()
    ~~~~~~^^
  File "/root/kp/.venv/lib/python3.13/site-packages/streamlit/navigation/page.py", line 380, in run
    exec(code, module.__dict__)  # noqa: S102
    ~~~~^^^^^^^^^^^^^^^^^^^^^^^
  File "/root/kp/retail/rpoc/src/rpoc/pages_/purchase_.py", line 5, in <module>
    from ..services import save_json
ImportError: attempted relative import with no known parent package
  Stopping...
Hello from rpoc!

Collecting usage statistics. To deactivate, set browser.gatherUsageStats to false.


  You can now view your Streamlit app in your browser.

  Local URL: http://localhost:8501
  Network URL: http://64.227.110.183:8501
  External URL: http://64.227.110.183:8501

/root/kp/retail/rpoc/src/rpoc/services/general_.py:17: FutureWarning: 

All support for the `google.generativeai` package has ended. It will no longer be receiving 
updates or bug fixes. Please switch to the `google.genai` package as soon as possible.
See README for more details:

https://github.com/google-gemini/deprecated-generative-ai-python/blob/main/README.md

  import google.generativeai as genai
2026-04-28 15:04:41.130 Please replace `use_container_width` with `width`.

`use_container_width` will be removed after 2025-12-31.

For `use_container_width=True`, use `width='stretch'`. For `use_container_width=False`, use `width='content'`.
2026-04-28 15:04:41.137 Please replace `use_container_width` with `width`.

`use_container_width` will be removed after 2025-12-31.

For `use_container_width=True`, use `width='stretch'`. For `use_container_width=False`, use `width='content'`.
2026-04-28 15:04:41.142 Please replace `use_container_width` with `width`.

`use_container_width` will be removed after 2025-12-31.

For `use_container_width=True`, use `width='stretch'`. For `use_container_width=False`, use `width='content'`.
2026-04-28 15:04:44.691 Please replace `use_container_width` with `width`.

`use_container_width` will be removed after 2025-12-31.

For `use_container_width=True`, use `width='stretch'`. For `use_container_width=False`, use `width='content'`.
2026-04-28 15:04:44.699 Please replace `use_container_width` with `width`.

`use_container_width` will be removed after 2025-12-31.

For `use_container_width=True`, use `width='stretch'`. For `use_container_width=False`, use `width='content'`.
2026-04-28 15:04:44.707 Please replace `use_container_width` with `width`.

`use_container_width` will be removed after 2025-12-31.

For `use_container_width=True`, use `width='stretch'`. For `use_container_width=False`, use `width='content'`.
2026-04-29 03:00:48.934 Please replace `use_container_width` with `width`.

`use_container_width` will be removed after 2025-12-31.

For `use_container_width=True`, use `width='stretch'`. For `use_container_width=False`, use `width='content'`.
2026-04-29 03:01:54.968 Please replace `use_container_width` with `width`.

`use_container_width` will be removed after 2025-12-31.

For `use_container_width=True`, use `width='stretch'`. For `use_container_width=False`, use `width='content'`.
2026-04-29 03:01:55.783 Please replace `use_container_width` with `width`.

`use_container_width` will be removed after 2025-12-31.

For `use_container_width=True`, use `width='stretch'`. For `use_container_width=False`, use `width='content'`.
2026-04-29 03:01:56.972 Please replace `use_container_width` with `width`.

`use_container_width` will be removed after 2025-12-31.

For `use_container_width=True`, use `width='stretch'`. For `use_container_width=False`, use `width='content'`.
2026-04-29 03:01:57.805 Please replace `use_container_width` with `width`.

`use_container_width` will be removed after 2025-12-31.

For `use_container_width=True`, use `width='stretch'`. For `use_container_width=False`, use `width='content'`.
2026-04-29 03:02:00.845 Please replace `use_container_width` with `width`.

`use_container_width` will be removed after 2025-12-31.

For `use_container_width=True`, use `width='stretch'`. For `use_container_width=False`, use `width='content'`.
2026-04-29 03:02:02.510 Please replace `use_container_width` with `width`.

`use_container_width` will be removed after 2025-12-31.

For `use_container_width=True`, use `width='stretch'`. For `use_container_width=False`, use `width='content'`.
2026-04-29 03:02:03.583 `label` got an empty value. This is discouraged for accessibility reasons and may be disallowed in the future by raising an exception. Please provide a non-empty label and hide it with label_visibility if needed.
Stack (most recent call last):
  File "/root/.local/share/uv/python/cpython-3.13.11-linux-x86_64-gnu/lib/python3.13/threading.py", line 1015, in _bootstrap
    self._bootstrap_inner()
  File "/root/.local/share/uv/python/cpython-3.13.11-linux-x86_64-gnu/lib/python3.13/threading.py", line 1044, in _bootstrap_inner
    self.run()
  File "/root/.local/share/uv/python/cpython-3.13.11-linux-x86_64-gnu/lib/python3.13/threading.py", line 995, in run
    self._target(*self._args, **self._kwargs)
  File "/root/kp/.venv/lib/python3.13/site-packages/streamlit/runtime/scriptrunner/script_runner.py", line 379, in _run_script_thread
    self._run_script(request.rerun_data)
  File "/root/kp/.venv/lib/python3.13/site-packages/streamlit/runtime/scriptrunner/script_runner.py", line 705, in _run_script
    ) = exec_func_with_error_handling(code_to_exec, ctx)
  File "/root/kp/.venv/lib/python3.13/site-packages/streamlit/runtime/scriptrunner/exec_code.py", line 129, in exec_func_with_error_handling
    result = func()
  File "/root/kp/.venv/lib/python3.13/site-packages/streamlit/runtime/scriptrunner/script_runner.py", line 689, in code_to_exec
    exec(code, module.__dict__)  # noqa: S102
  File "/root/kp/retail/rpoc/src/rpoc/app.py", line 38, in <module>
    pg.run()
  File "/root/kp/.venv/lib/python3.13/site-packages/streamlit/navigation/page.py", line 380, in run
    exec(code, module.__dict__)  # noqa: S102
  File "/root/kp/retail/rpoc/src/rpoc/pages_/orders_.py", line 80, in <module>
    elif col_s.checkbox(
  File "/root/kp/.venv/lib/python3.13/site-packages/streamlit/runtime/metrics_util.py", line 532, in wrapped_func
    result = non_optional_func(*args, **kwargs)
  File "/root/kp/.venv/lib/python3.13/site-packages/streamlit/elements/widgets/checkbox.py", line 202, in checkbox
    return self._checkbox(
  File "/root/kp/.venv/lib/python3.13/site-packages/streamlit/elements/widgets/checkbox.py", line 396, in _checkbox
    maybe_raise_label_warnings(label, label_visibility)
  File "/root/kp/.venv/lib/python3.13/site-packages/streamlit/elements/lib/policies.py", line 187, in maybe_raise_label_warnings
    _LOGGER.warning(
2026-04-29 03:02:06.319 `label` got an empty value. This is discouraged for accessibility reasons and may be disallowed in the future by raising an exception. Please provide a non-empty label and hide it with label_visibility if needed.
Stack (most recent call last):
  File "/root/.local/share/uv/python/cpython-3.13.11-linux-x86_64-gnu/lib/python3.13/threading.py", line 1015, in _bootstrap
    self._bootstrap_inner()
  File "/root/.local/share/uv/python/cpython-3.13.11-linux-x86_64-gnu/lib/python3.13/threading.py", line 1044, in _bootstrap_inner
    self.run()
  File "/root/.local/share/uv/python/cpython-3.13.11-linux-x86_64-gnu/lib/python3.13/threading.py", line 995, in run
    self._target(*self._args, **self._kwargs)
  File "/root/kp/.venv/lib/python3.13/site-packages/streamlit/runtime/scriptrunner/script_runner.py", line 379, in _run_script_thread
    self._run_script(request.rerun_data)
  File "/root/kp/.venv/lib/python3.13/site-packages/streamlit/runtime/scriptrunner/script_runner.py", line 705, in _run_script
    ) = exec_func_with_error_handling(code_to_exec, ctx)
  File "/root/kp/.venv/lib/python3.13/site-packages/streamlit/runtime/scriptrunner/exec_code.py", line 129, in exec_func_with_error_handling
    result = func()
  File "/root/kp/.venv/lib/python3.13/site-packages/streamlit/runtime/scriptrunner/script_runner.py", line 689, in code_to_exec
    exec(code, module.__dict__)  # noqa: S102
  File "/root/kp/retail/rpoc/src/rpoc/app.py", line 38, in <module>
    pg.run()
  File "/root/kp/.venv/lib/python3.13/site-packages/streamlit/navigation/page.py", line 380, in run
    exec(code, module.__dict__)  # noqa: S102
  File "/root/kp/retail/rpoc/src/rpoc/pages_/orders_.py", line 80, in <module>
    elif col_s.checkbox(
  File "/root/kp/.venv/lib/python3.13/site-packages/streamlit/runtime/metrics_util.py", line 532, in wrapped_func
    result = non_optional_func(*args, **kwargs)
  File "/root/kp/.venv/lib/python3.13/site-packages/streamlit/elements/widgets/checkbox.py", line 202, in checkbox
    return self._checkbox(
  File "/root/kp/.venv/lib/python3.13/site-packages/streamlit/elements/widgets/checkbox.py", line 396, in _checkbox
    maybe_raise_label_warnings(label, label_visibility)
  File "/root/kp/.venv/lib/python3.13/site-packages/streamlit/elements/lib/policies.py", line 187, in maybe_raise_label_warnings
    _LOGGER.warning(
2026-04-29 03:02:19.045 `label` got an empty value. This is discouraged for accessibility reasons and may be disallowed in the future by raising an exception. Please provide a non-empty label and hide it with label_visibility if needed.
Stack (most recent call last):
  File "/root/.local/share/uv/python/cpython-3.13.11-linux-x86_64-gnu/lib/python3.13/threading.py", line 1015, in _bootstrap
    self._bootstrap_inner()
  File "/root/.local/share/uv/python/cpython-3.13.11-linux-x86_64-gnu/lib/python3.13/threading.py", line 1044, in _bootstrap_inner
    self.run()
  File "/root/.local/share/uv/python/cpython-3.13.11-linux-x86_64-gnu/lib/python3.13/threading.py", line 995, in run
    self._target(*self._args, **self._kwargs)
  File "/root/kp/.venv/lib/python3.13/site-packages/streamlit/runtime/scriptrunner/script_runner.py", line 379, in _run_script_thread
    self._run_script(request.rerun_data)
  File "/root/kp/.venv/lib/python3.13/site-packages/streamlit/runtime/scriptrunner/script_runner.py", line 705, in _run_script
    ) = exec_func_with_error_handling(code_to_exec, ctx)
  File "/root/kp/.venv/lib/python3.13/site-packages/streamlit/runtime/scriptrunner/exec_code.py", line 129, in exec_func_with_error_handling
    result = func()
  File "/root/kp/.venv/lib/python3.13/site-packages/streamlit/runtime/scriptrunner/script_runner.py", line 689, in code_to_exec
    exec(code, module.__dict__)  # noqa: S102
  File "/root/kp/retail/rpoc/src/rpoc/app.py", line 38, in <module>
    pg.run()
  File "/root/kp/.venv/lib/python3.13/site-packages/streamlit/navigation/page.py", line 380, in run
    exec(code, module.__dict__)  # noqa: S102
  File "/root/kp/retail/rpoc/src/rpoc/pages_/orders_.py", line 80, in <module>
    elif col_s.checkbox(
  File "/root/kp/.venv/lib/python3.13/site-packages/streamlit/runtime/metrics_util.py", line 532, in wrapped_func
    result = non_optional_func(*args, **kwargs)
  File "/root/kp/.venv/lib/python3.13/site-packages/streamlit/elements/widgets/checkbox.py", line 202, in checkbox
    return self._checkbox(
  File "/root/kp/.venv/lib/python3.13/site-packages/streamlit/elements/widgets/checkbox.py", line 396, in _checkbox
    maybe_raise_label_warnings(label, label_visibility)
  File "/root/kp/.venv/lib/python3.13/site-packages/streamlit/elements/lib/policies.py", line 187, in maybe_raise_label_warnings
    _LOGGER.warning(
2026-04-29 03:02:23.369 `label` got an empty value. This is discouraged for accessibility reasons and may be disallowed in the future by raising an exception. Please provide a non-empty label and hide it with label_visibility if needed.
Stack (most recent call last):
  File "/root/.local/share/uv/python/cpython-3.13.11-linux-x86_64-gnu/lib/python3.13/threading.py", line 1015, in _bootstrap
    self._bootstrap_inner()
  File "/root/.local/share/uv/python/cpython-3.13.11-linux-x86_64-gnu/lib/python3.13/threading.py", line 1044, in _bootstrap_inner
    self.run()
  File "/root/.local/share/uv/python/cpython-3.13.11-linux-x86_64-gnu/lib/python3.13/threading.py", line 995, in run
    self._target(*self._args, **self._kwargs)
  File "/root/kp/.venv/lib/python3.13/site-packages/streamlit/runtime/scriptrunner/script_runner.py", line 379, in _run_script_thread
    self._run_script(request.rerun_data)
  File "/root/kp/.venv/lib/python3.13/site-packages/streamlit/runtime/scriptrunner/script_runner.py", line 705, in _run_script
    ) = exec_func_with_error_handling(code_to_exec, ctx)
  File "/root/kp/.venv/lib/python3.13/site-packages/streamlit/runtime/scriptrunner/exec_code.py", line 129, in exec_func_with_error_handling
    result = func()
  File "/root/kp/.venv/lib/python3.13/site-packages/streamlit/runtime/scriptrunner/script_runner.py", line 689, in code_to_exec
    exec(code, module.__dict__)  # noqa: S102
  File "/root/kp/retail/rpoc/src/rpoc/app.py", line 38, in <module>
    pg.run()
  File "/root/kp/.venv/lib/python3.13/site-packages/streamlit/navigation/page.py", line 380, in run
    exec(code, module.__dict__)  # noqa: S102
  File "/root/kp/retail/rpoc/src/rpoc/pages_/orders_.py", line 80, in <module>
    elif col_s.checkbox(
  File "/root/kp/.venv/lib/python3.13/site-packages/streamlit/runtime/metrics_util.py", line 532, in wrapped_func
    result = non_optional_func(*args, **kwargs)
  File "/root/kp/.venv/lib/python3.13/site-packages/streamlit/elements/widgets/checkbox.py", line 202, in checkbox
    return self._checkbox(
  File "/root/kp/.venv/lib/python3.13/site-packages/streamlit/elements/widgets/checkbox.py", line 396, in _checkbox
    maybe_raise_label_warnings(label, label_visibility)
  File "/root/kp/.venv/lib/python3.13/site-packages/streamlit/elements/lib/policies.py", line 187, in maybe_raise_label_warnings
    _LOGGER.warning(
2026-04-29 03:02:28.717 `label` got an empty value. This is discouraged for accessibility reasons and may be disallowed in the future by raising an exception. Please provide a non-empty label and hide it with label_visibility if needed.
Stack (most recent call last):
  File "/root/.local/share/uv/python/cpython-3.13.11-linux-x86_64-gnu/lib/python3.13/threading.py", line 1015, in _bootstrap
    self._bootstrap_inner()
  File "/root/.local/share/uv/python/cpython-3.13.11-linux-x86_64-gnu/lib/python3.13/threading.py", line 1044, in _bootstrap_inner
    self.run()
  File "/root/.local/share/uv/python/cpython-3.13.11-linux-x86_64-gnu/lib/python3.13/threading.py", line 995, in run
    self._target(*self._args, **self._kwargs)
  File "/root/kp/.venv/lib/python3.13/site-packages/streamlit/runtime/scriptrunner/script_runner.py", line 379, in _run_script_thread
    self._run_script(request.rerun_data)
  File "/root/kp/.venv/lib/python3.13/site-packages/streamlit/runtime/scriptrunner/script_runner.py", line 705, in _run_script
    ) = exec_func_with_error_handling(code_to_exec, ctx)
  File "/root/kp/.venv/lib/python3.13/site-packages/streamlit/runtime/scriptrunner/exec_code.py", line 129, in exec_func_with_error_handling
    result = func()
  File "/root/kp/.venv/lib/python3.13/site-packages/streamlit/runtime/scriptrunner/script_runner.py", line 689, in code_to_exec
    exec(code, module.__dict__)  # noqa: S102
  File "/root/kp/retail/rpoc/src/rpoc/app.py", line 38, in <module>
    pg.run()
  File "/root/kp/.venv/lib/python3.13/site-packages/streamlit/navigation/page.py", line 380, in run
    exec(code, module.__dict__)  # noqa: S102
  File "/root/kp/retail/rpoc/src/rpoc/pages_/orders_.py", line 80, in <module>
    elif col_s.checkbox(
  File "/root/kp/.venv/lib/python3.13/site-packages/streamlit/runtime/metrics_util.py", line 532, in wrapped_func
    result = non_optional_func(*args, **kwargs)
  File "/root/kp/.venv/lib/python3.13/site-packages/streamlit/elements/widgets/checkbox.py", line 202, in checkbox
    return self._checkbox(
  File "/root/kp/.venv/lib/python3.13/site-packages/streamlit/elements/widgets/checkbox.py", line 396, in _checkbox
    maybe_raise_label_warnings(label, label_visibility)
  File "/root/kp/.venv/lib/python3.13/site-packages/streamlit/elements/lib/policies.py", line 187, in maybe_raise_label_warnings
    _LOGGER.warning(
2026-04-29 03:02:28.850 `label` got an empty value. This is discouraged for accessibility reasons and may be disallowed in the future by raising an exception. Please provide a non-empty label and hide it with label_visibility if needed.
Stack (most recent call last):
  File "/root/.local/share/uv/python/cpython-3.13.11-linux-x86_64-gnu/lib/python3.13/threading.py", line 1015, in _bootstrap
    self._bootstrap_inner()
  File "/root/.local/share/uv/python/cpython-3.13.11-linux-x86_64-gnu/lib/python3.13/threading.py", line 1044, in _bootstrap_inner
    self.run()
  File "/root/.local/share/uv/python/cpython-3.13.11-linux-x86_64-gnu/lib/python3.13/threading.py", line 995, in run
    self._target(*self._args, **self._kwargs)
  File "/root/kp/.venv/lib/python3.13/site-packages/streamlit/runtime/scriptrunner/script_runner.py", line 379, in _run_script_thread
    self._run_script(request.rerun_data)
  File "/root/kp/.venv/lib/python3.13/site-packages/streamlit/runtime/scriptrunner/script_runner.py", line 705, in _run_script
    ) = exec_func_with_error_handling(code_to_exec, ctx)
  File "/root/kp/.venv/lib/python3.13/site-packages/streamlit/runtime/scriptrunner/exec_code.py", line 129, in exec_func_with_error_handling
    result = func()
  File "/root/kp/.venv/lib/python3.13/site-packages/streamlit/runtime/scriptrunner/script_runner.py", line 689, in code_to_exec
    exec(code, module.__dict__)  # noqa: S102
  File "/root/kp/retail/rpoc/src/rpoc/app.py", line 38, in <module>
    pg.run()
  File "/root/kp/.venv/lib/python3.13/site-packages/streamlit/navigation/page.py", line 380, in run
    exec(code, module.__dict__)  # noqa: S102
  File "/root/kp/retail/rpoc/src/rpoc/pages_/orders_.py", line 80, in <module>
    elif col_s.checkbox(
  File "/root/kp/.venv/lib/python3.13/site-packages/streamlit/runtime/metrics_util.py", line 532, in wrapped_func
    result = non_optional_func(*args, **kwargs)
  File "/root/kp/.venv/lib/python3.13/site-packages/streamlit/elements/widgets/checkbox.py", line 202, in checkbox
    return self._checkbox(
  File "/root/kp/.venv/lib/python3.13/site-packages/streamlit/elements/widgets/checkbox.py", line 396, in _checkbox
    maybe_raise_label_warnings(label, label_visibility)
  File "/root/kp/.venv/lib/python3.13/site-packages/streamlit/elements/lib/policies.py", line 187, in maybe_raise_label_warnings
    _LOGGER.warning(
2026-04-29 03:03:17.250 `label` got an empty value. This is discouraged for accessibility reasons and may be disallowed in the future by raising an exception. Please provide a non-empty label and hide it with label_visibility if needed.
Stack (most recent call last):
  File "/root/.local/share/uv/python/cpython-3.13.11-linux-x86_64-gnu/lib/python3.13/threading.py", line 1015, in _bootstrap
    self._bootstrap_inner()
  File "/root/.local/share/uv/python/cpython-3.13.11-linux-x86_64-gnu/lib/python3.13/threading.py", line 1044, in _bootstrap_inner
    self.run()
  File "/root/.local/share/uv/python/cpython-3.13.11-linux-x86_64-gnu/lib/python3.13/threading.py", line 995, in run
    self._target(*self._args, **self._kwargs)
  File "/root/kp/.venv/lib/python3.13/site-packages/streamlit/runtime/scriptrunner/script_runner.py", line 379, in _run_script_thread
    self._run_script(request.rerun_data)
  File "/root/kp/.venv/lib/python3.13/site-packages/streamlit/runtime/scriptrunner/script_runner.py", line 705, in _run_script
    ) = exec_func_with_error_handling(code_to_exec, ctx)
  File "/root/kp/.venv/lib/python3.13/site-packages/streamlit/runtime/scriptrunner/exec_code.py", line 129, in exec_func_with_error_handling
    result = func()
  File "/root/kp/.venv/lib/python3.13/site-packages/streamlit/runtime/scriptrunner/script_runner.py", line 689, in code_to_exec
    exec(code, module.__dict__)  # noqa: S102
  File "/root/kp/retail/rpoc/src/rpoc/app.py", line 38, in <module>
    pg.run()
  File "/root/kp/.venv/lib/python3.13/site-packages/streamlit/navigation/page.py", line 380, in run
    exec(code, module.__dict__)  # noqa: S102
  File "/root/kp/retail/rpoc/src/rpoc/pages_/orders_.py", line 80, in <module>
    elif col_s.checkbox(
  File "/root/kp/.venv/lib/python3.13/site-packages/streamlit/runtime/metrics_util.py", line 532, in wrapped_func
    result = non_optional_func(*args, **kwargs)
  File "/root/kp/.venv/lib/python3.13/site-packages/streamlit/elements/widgets/checkbox.py", line 202, in checkbox
    return self._checkbox(
  File "/root/kp/.venv/lib/python3.13/site-packages/streamlit/elements/widgets/checkbox.py", line 396, in _checkbox
    maybe_raise_label_warnings(label, label_visibility)
  File "/root/kp/.venv/lib/python3.13/site-packages/streamlit/elements/lib/policies.py", line 187, in maybe_raise_label_warnings
    _LOGGER.warning(
2026-04-29 03:03:20.819 Uncaught app execution
Traceback (most recent call last):
  File "/root/kp/.venv/lib/python3.13/site-packages/streamlit/runtime/scriptrunner/exec_code.py", line 129, in exec_func_with_error_handling
    result = func()
  File "/root/kp/.venv/lib/python3.13/site-packages/streamlit/runtime/scriptrunner/script_runner.py", line 689, in code_to_exec
    exec(code, module.__dict__)  # noqa: S102
    ~~~~^^^^^^^^^^^^^^^^^^^^^^^
  File "/root/kp/retail/rpoc/src/rpoc/app.py", line 38, in <module>
    pg.run()
    ~~~~~~^^
  File "/root/kp/.venv/lib/python3.13/site-packages/streamlit/navigation/page.py", line 380, in run
    exec(code, module.__dict__)  # noqa: S102
    ~~~~^^^^^^^^^^^^^^^^^^^^^^^
  File "/root/kp/retail/rpoc/src/rpoc/pages_/purchase_.py", line 141, in <module>
    data=build_tmg_pdf(purchase['Supplier'], purchase['date'], po_num, products,
         ~~~~~~~~~~~~~^^^^^^^^^^^^^^^^^^^^^^^^^^^^^^^^^^^^^^^^^^^^^^^^^^^^^^^^^^
                    inc_wogst, inc_wgst, inc_base, inc_promo),
                    ^^^^^^^^^^^^^^^^^^^^^^^^^^^^^^^^^^^^^^^^^
  File "/root/kp/retail/rpoc/src/rpoc/services/pdf_.py", line 295, in build_tmg_pdf
    return pdf.output(dest='S').encode('latin-1')
           ~~~~~~~~~~^^^^^^^^^^
  File "/root/kp/.venv/lib/python3.13/site-packages/fpdf/fpdf.py", line 1065, in output
    self.close()
    ~~~~~~~~~~^^
  File "/root/kp/.venv/lib/python3.13/site-packages/fpdf/fpdf.py", line 246, in close
    self._enddoc()
    ~~~~~~~~~~~~^^
  File "/root/kp/.venv/lib/python3.13/site-packages/fpdf/fpdf.py", line 1636, in _enddoc
    self._putpages()
    ~~~~~~~~~~~~~~^^
  File "/root/kp/.venv/lib/python3.13/site-packages/fpdf/fpdf.py", line 1170, in _putpages
    p = self.pages[n].encode("latin1") if PY3K else self.pages[n]
        ~~~~~~~~~~~~~~~~~~~~^^^^^^^^^^
UnicodeEncodeError: 'latin-1' codec can't encode character '\u2019' in position 9593: ordinal not in range(256)

Collecting usage statistics. To deactivate, set browser.gatherUsageStats to false.


  You can now view your Streamlit app in your browser.

  Local URL: http://localhost:8504
  Network URL: http://64.227.110.183:8504
  External URL: http://64.227.110.183:8504

2026-04-29 07:33:19.704 Please replace `use_container_width` with `width`.

`use_container_width` will be removed after 2025-12-31.

For `use_container_width=True`, use `width='stretch'`. For `use_container_width=False`, use `width='content'`.
2026-04-29 07:33:27.501 Please replace `use_container_width` with `width`.

`use_container_width` will be removed after 2025-12-31.

For `use_container_width=True`, use `width='stretch'`. For `use_container_width=False`, use `width='content'`.
2026-04-29 07:33:27.507 Please replace `use_container_width` with `width`.

`use_container_width` will be removed after 2025-12-31.

For `use_container_width=True`, use `width='stretch'`. For `use_container_width=False`, use `width='content'`.
2026-04-29 07:33:27.513 Please replace `use_container_width` with `width`.

`use_container_width` will be removed after 2025-12-31.

For `use_container_width=True`, use `width='stretch'`. For `use_container_width=False`, use `width='content'`.
2026-04-30 02:36:38.401 Please replace `use_container_width` with `width`.

`use_container_width` will be removed after 2025-12-31.

For `use_container_width=True`, use `width='stretch'`. For `use_container_width=False`, use `width='content'`.
2026-04-30 02:36:55.327 Uncaught app execution
Traceback (most recent call last):
  File "/root/kp/.venv/lib/python3.13/site-packages/streamlit/runtime/scriptrunner/exec_code.py", line 129, in exec_func_with_error_handling
    result = func()
  File "/root/kp/.venv/lib/python3.13/site-packages/streamlit/runtime/scriptrunner/script_runner.py", line 689, in code_to_exec
    exec(code, module.__dict__)  # noqa: S102
    ~~~~^^^^^^^^^^^^^^^^^^^^^^^
  File "/root/kp/retail/rpoc/src/rpoc/app.py", line 38, in <module>
    pg.run()
    ~~~~~~^^
  File "/root/kp/.venv/lib/python3.13/site-packages/streamlit/navigation/page.py", line 380, in run
    exec(code, module.__dict__)  # noqa: S102
    ~~~~^^^^^^^^^^^^^^^^^^^^^^^
  File "/root/kp/retail/rpoc/src/rpoc/pages_/chatbot_.py", line 5, in <module>
    from rpoc.services import (
    ...<2 lines>...
    )
ImportError: cannot import name 'create_pdf' from 'rpoc.services' (/root/kp/retail/rpoc/src/rpoc/services/__init__.py)
2026-04-30 02:36:58.175 Uncaught app execution
Traceback (most recent call last):
  File "/root/kp/.venv/lib/python3.13/site-packages/streamlit/runtime/scriptrunner/exec_code.py", line 129, in exec_func_with_error_handling
    result = func()
  File "/root/kp/.venv/lib/python3.13/site-packages/streamlit/runtime/scriptrunner/script_runner.py", line 689, in code_to_exec
    exec(code, module.__dict__)  # noqa: S102
    ~~~~^^^^^^^^^^^^^^^^^^^^^^^
  File "/root/kp/retail/rpoc/src/rpoc/app.py", line 38, in <module>
    pg.run()
    ~~~~~~^^
  File "/root/kp/.venv/lib/python3.13/site-packages/streamlit/navigation/page.py", line 380, in run
    exec(code, module.__dict__)  # noqa: S102
    ~~~~^^^^^^^^^^^^^^^^^^^^^^^
  File "/root/kp/retail/rpoc/src/rpoc/pages_/chatbot_.py", line 5, in <module>
    from rpoc.services import (
    ...<2 lines>...
    )
ImportError: cannot import name 'create_pdf' from 'rpoc.services' (/root/kp/retail/rpoc/src/rpoc/services/__init__.py)
2026-04-30 02:37:02.449 Uncaught app execution
Traceback (most recent call last):
  File "/root/kp/.venv/lib/python3.13/site-packages/streamlit/runtime/scriptrunner/exec_code.py", line 129, in exec_func_with_error_handling
    result = func()
  File "/root/kp/.venv/lib/python3.13/site-packages/streamlit/runtime/scriptrunner/script_runner.py", line 689, in code_to_exec
    exec(code, module.__dict__)  # noqa: S102
    ~~~~^^^^^^^^^^^^^^^^^^^^^^^
  File "/root/kp/retail/rpoc/src/rpoc/app.py", line 38, in <module>
    pg.run()
    ~~~~~~^^
  File "/root/kp/.venv/lib/python3.13/site-packages/streamlit/navigation/page.py", line 380, in run
    exec(code, module.__dict__)  # noqa: S102
    ~~~~^^^^^^^^^^^^^^^^^^^^^^^
  File "/root/kp/retail/rpoc/src/rpoc/pages_/chatbot_.py", line 5, in <module>
    from rpoc.services import (
    ...<2 lines>...
    )
ImportError: cannot import name 'create_pdf' from 'rpoc.services' (/root/kp/retail/rpoc/src/rpoc/services/__init__.py)
2026-04-30 02:37:05.303 Please replace `use_container_width` with `width`.

`use_container_width` will be removed after 2025-12-31.

For `use_container_width=True`, use `width='stretch'`. For `use_container_width=False`, use `width='content'`.
2026-04-30 02:37:09.238 Uncaught app execution
Traceback (most recent call last):
  File "/root/kp/.venv/lib/python3.13/site-packages/streamlit/runtime/scriptrunner/exec_code.py", line 129, in exec_func_with_error_handling
    result = func()
  File "/root/kp/.venv/lib/python3.13/site-packages/streamlit/runtime/scriptrunner/script_runner.py", line 689, in code_to_exec
    exec(code, module.__dict__)  # noqa: S102
    ~~~~^^^^^^^^^^^^^^^^^^^^^^^
  File "/root/kp/retail/rpoc/src/rpoc/app.py", line 38, in <module>
    pg.run()
    ~~~~~~^^
  File "/root/kp/.venv/lib/python3.13/site-packages/streamlit/navigation/page.py", line 380, in run
    exec(code, module.__dict__)  # noqa: S102
    ~~~~^^^^^^^^^^^^^^^^^^^^^^^
  File "/root/kp/retail/rpoc/src/rpoc/pages_/chatbot_.py", line 5, in <module>
    from rpoc.services import (
    ...<2 lines>...
    )
ImportError: cannot import name 'create_pdf' from 'rpoc.services' (/root/kp/retail/rpoc/src/rpoc/services/__init__.py)
2026-04-30 02:41:32.498 Please replace `use_container_width` with `width`.

`use_container_width` will be removed after 2025-12-31.

For `use_container_width=True`, use `width='stretch'`. For `use_container_width=False`, use `width='content'`.
2026-04-30 02:41:33.103 Please replace `use_container_width` with `width`.

`use_container_width` will be removed after 2025-12-31.

For `use_container_width=True`, use `width='stretch'`. For `use_container_width=False`, use `width='content'`.
2026-04-30 02:41:35.815 Uncaught app execution
Traceback (most recent call last):
  File "/root/kp/.venv/lib/python3.13/site-packages/streamlit/runtime/scriptrunner/exec_code.py", line 129, in exec_func_with_error_handling
    result = func()
  File "/root/kp/.venv/lib/python3.13/site-packages/streamlit/runtime/scriptrunner/script_runner.py", line 689, in code_to_exec
    exec(code, module.__dict__)  # noqa: S102
    ~~~~^^^^^^^^^^^^^^^^^^^^^^^
  File "/root/kp/retail/rpoc/src/rpoc/app.py", line 38, in <module>
    pg.run()
    ~~~~~~^^
  File "/root/kp/.venv/lib/python3.13/site-packages/streamlit/navigation/page.py", line 380, in run
    exec(code, module.__dict__)  # noqa: S102
    ~~~~^^^^^^^^^^^^^^^^^^^^^^^
  File "/root/kp/retail/rpoc/src/rpoc/pages_/chatbot_.py", line 5, in <module>
    from rpoc.services import (
    ...<2 lines>...
    )
ImportError: cannot import name 'create_pdf' from 'rpoc.services' (/root/kp/retail/rpoc/src/rpoc/services/__init__.py)
2026-04-30 02:41:37.965 Please replace `use_container_width` with `width`.

`use_container_width` will be removed after 2025-12-31.

For `use_container_width=True`, use `width='stretch'`. For `use_container_width=False`, use `width='content'`.
2026-04-30 02:42:33.155 Please replace `use_container_width` with `width`.

`use_container_width` will be removed after 2025-12-31.

For `use_container_width=True`, use `width='stretch'`. For `use_container_width=False`, use `width='content'`.
2026-04-30 02:42:38.311 Please replace `use_container_width` with `width`.

`use_container_width` will be removed after 2025-12-31.

For `use_container_width=True`, use `width='stretch'`. For `use_container_width=False`, use `width='content'`.
2026-04-30 02:42:39.831 Please replace `use_container_width` with `width`.

`use_container_width` will be removed after 2025-12-31.

For `use_container_width=True`, use `width='stretch'`. For `use_container_width=False`, use `width='content'`.
2026-04-30 02:42:41.405 Please replace `use_container_width` with `width`.

`use_container_width` will be removed after 2025-12-31.

For `use_container_width=True`, use `width='stretch'`. For `use_container_width=False`, use `width='content'`.
2026-04-30 02:42:42.332 Please replace `use_container_width` with `width`.

`use_container_width` will be removed after 2025-12-31.

For `use_container_width=True`, use `width='stretch'`. For `use_container_width=False`, use `width='content'`.
2026-04-30 02:43:10.482 Please replace `use_container_width` with `width`.

`use_container_width` will be removed after 2025-12-31.

For `use_container_width=True`, use `width='stretch'`. For `use_container_width=False`, use `width='content'`.
2026-04-30 02:43:12.151 Please replace `use_container_width` with `width`.

`use_container_width` will be removed after 2025-12-31.

For `use_container_width=True`, use `width='stretch'`. For `use_container_width=False`, use `width='content'`.
2026-04-30 02:43:18.126 Please replace `use_container_width` with `width`.

`use_container_width` will be removed after 2025-12-31.

For `use_container_width=True`, use `width='stretch'`. For `use_container_width=False`, use `width='content'`.
2026-04-30 02:43:19.775 Please replace `use_container_width` with `width`.

`use_container_width` will be removed after 2025-12-31.

For `use_container_width=True`, use `width='stretch'`. For `use_container_width=False`, use `width='content'`.
2026-04-30 02:43:23.214 `label` got an empty value. This is discouraged for accessibility reasons and may be disallowed in the future by raising an exception. Please provide a non-empty label and hide it with label_visibility if needed.
Stack (most recent call last):
  File "/root/.local/share/uv/python/cpython-3.13.11-linux-x86_64-gnu/lib/python3.13/threading.py", line 1015, in _bootstrap
    self._bootstrap_inner()
  File "/root/.local/share/uv/python/cpython-3.13.11-linux-x86_64-gnu/lib/python3.13/threading.py", line 1044, in _bootstrap_inner
    self.run()
  File "/root/.local/share/uv/python/cpython-3.13.11-linux-x86_64-gnu/lib/python3.13/threading.py", line 995, in run
    self._target(*self._args, **self._kwargs)
  File "/root/kp/.venv/lib/python3.13/site-packages/streamlit/runtime/scriptrunner/script_runner.py", line 379, in _run_script_thread
    self._run_script(request.rerun_data)
  File "/root/kp/.venv/lib/python3.13/site-packages/streamlit/runtime/scriptrunner/script_runner.py", line 705, in _run_script
    ) = exec_func_with_error_handling(code_to_exec, ctx)
  File "/root/kp/.venv/lib/python3.13/site-packages/streamlit/runtime/scriptrunner/exec_code.py", line 129, in exec_func_with_error_handling
    result = func()
  File "/root/kp/.venv/lib/python3.13/site-packages/streamlit/runtime/scriptrunner/script_runner.py", line 689, in code_to_exec
    exec(code, module.__dict__)  # noqa: S102
  File "/root/kp/retail/rpoc/src/rpoc/app.py", line 38, in <module>
    pg.run()
  File "/root/kp/.venv/lib/python3.13/site-packages/streamlit/navigation/page.py", line 380, in run
    exec(code, module.__dict__)  # noqa: S102
  File "/root/kp/retail/rpoc/src/rpoc/pages_/orders_.py", line 80, in <module>
    elif col_s.checkbox(
  File "/root/kp/.venv/lib/python3.13/site-packages/streamlit/runtime/metrics_util.py", line 532, in wrapped_func
    result = non_optional_func(*args, **kwargs)
  File "/root/kp/.venv/lib/python3.13/site-packages/streamlit/elements/widgets/checkbox.py", line 202, in checkbox
    return self._checkbox(
  File "/root/kp/.venv/lib/python3.13/site-packages/streamlit/elements/widgets/checkbox.py", line 396, in _checkbox
    maybe_raise_label_warnings(label, label_visibility)
  File "/root/kp/.venv/lib/python3.13/site-packages/streamlit/elements/lib/policies.py", line 187, in maybe_raise_label_warnings
    _LOGGER.warning(
2026-04-30 02:43:23.220 `label` got an empty value. This is discouraged for accessibility reasons and may be disallowed in the future by raising an exception. Please provide a non-empty label and hide it with label_visibility if needed.
Stack (most recent call last):
  File "/root/.local/share/uv/python/cpython-3.13.11-linux-x86_64-gnu/lib/python3.13/threading.py", line 1015, in _bootstrap
    self._bootstrap_inner()
  File "/root/.local/share/uv/python/cpython-3.13.11-linux-x86_64-gnu/lib/python3.13/threading.py", line 1044, in _bootstrap_inner
    self.run()
  File "/root/.local/share/uv/python/cpython-3.13.11-linux-x86_64-gnu/lib/python3.13/threading.py", line 995, in run
    self._target(*self._args, **self._kwargs)
  File "/root/kp/.venv/lib/python3.13/site-packages/streamlit/runtime/scriptrunner/script_runner.py", line 379, in _run_script_thread
    self._run_script(request.rerun_data)
  File "/root/kp/.venv/lib/python3.13/site-packages/streamlit/runtime/scriptrunner/script_runner.py", line 705, in _run_script
    ) = exec_func_with_error_handling(code_to_exec, ctx)
  File "/root/kp/.venv/lib/python3.13/site-packages/streamlit/runtime/scriptrunner/exec_code.py", line 129, in exec_func_with_error_handling
    result = func()
  File "/root/kp/.venv/lib/python3.13/site-packages/streamlit/runtime/scriptrunner/script_runner.py", line 689, in code_to_exec
    exec(code, module.__dict__)  # noqa: S102
  File "/root/kp/retail/rpoc/src/rpoc/app.py", line 38, in <module>
    pg.run()
  File "/root/kp/.venv/lib/python3.13/site-packages/streamlit/navigation/page.py", line 380, in run
    exec(code, module.__dict__)  # noqa: S102
  File "/root/kp/retail/rpoc/src/rpoc/pages_/orders_.py", line 80, in <module>
    elif col_s.checkbox(
  File "/root/kp/.venv/lib/python3.13/site-packages/streamlit/runtime/metrics_util.py", line 532, in wrapped_func
    result = non_optional_func(*args, **kwargs)
  File "/root/kp/.venv/lib/python3.13/site-packages/streamlit/elements/widgets/checkbox.py", line 202, in checkbox
    return self._checkbox(
  File "/root/kp/.venv/lib/python3.13/site-packages/streamlit/elements/widgets/checkbox.py", line 396, in _checkbox
    maybe_raise_label_warnings(label, label_visibility)
  File "/root/kp/.venv/lib/python3.13/site-packages/streamlit/elements/lib/policies.py", line 187, in maybe_raise_label_warnings
    _LOGGER.warning(
2026-04-30 02:43:30.316 `label` got an empty value. This is discouraged for accessibility reasons and may be disallowed in the future by raising an exception. Please provide a non-empty label and hide it with label_visibility if needed.
Stack (most recent call last):
  File "/root/.local/share/uv/python/cpython-3.13.11-linux-x86_64-gnu/lib/python3.13/threading.py", line 1015, in _bootstrap
    self._bootstrap_inner()
  File "/root/.local/share/uv/python/cpython-3.13.11-linux-x86_64-gnu/lib/python3.13/threading.py", line 1044, in _bootstrap_inner
    self.run()
  File "/root/.local/share/uv/python/cpython-3.13.11-linux-x86_64-gnu/lib/python3.13/threading.py", line 995, in run
    self._target(*self._args, **self._kwargs)
  File "/root/kp/.venv/lib/python3.13/site-packages/streamlit/runtime/scriptrunner/script_runner.py", line 379, in _run_script_thread
    self._run_script(request.rerun_data)
  File "/root/kp/.venv/lib/python3.13/site-packages/streamlit/runtime/scriptrunner/script_runner.py", line 705, in _run_script
    ) = exec_func_with_error_handling(code_to_exec, ctx)
  File "/root/kp/.venv/lib/python3.13/site-packages/streamlit/runtime/scriptrunner/exec_code.py", line 129, in exec_func_with_error_handling
    result = func()
  File "/root/kp/.venv/lib/python3.13/site-packages/streamlit/runtime/scriptrunner/script_runner.py", line 689, in code_to_exec
    exec(code, module.__dict__)  # noqa: S102
  File "/root/kp/retail/rpoc/src/rpoc/app.py", line 38, in <module>
    pg.run()
  File "/root/kp/.venv/lib/python3.13/site-packages/streamlit/navigation/page.py", line 380, in run
    exec(code, module.__dict__)  # noqa: S102
  File "/root/kp/retail/rpoc/src/rpoc/pages_/orders_.py", line 80, in <module>
    elif col_s.checkbox(
  File "/root/kp/.venv/lib/python3.13/site-packages/streamlit/runtime/metrics_util.py", line 532, in wrapped_func
    result = non_optional_func(*args, **kwargs)
  File "/root/kp/.venv/lib/python3.13/site-packages/streamlit/elements/widgets/checkbox.py", line 202, in checkbox
    return self._checkbox(
  File "/root/kp/.venv/lib/python3.13/site-packages/streamlit/elements/widgets/checkbox.py", line 396, in _checkbox
    maybe_raise_label_warnings(label, label_visibility)
  File "/root/kp/.venv/lib/python3.13/site-packages/streamlit/elements/lib/policies.py", line 187, in maybe_raise_label_warnings
    _LOGGER.warning(
2026-04-30 02:43:30.498 `label` got an empty value. This is discouraged for accessibility reasons and may be disallowed in the future by raising an exception. Please provide a non-empty label and hide it with label_visibility if needed.
Stack (most recent call last):
  File "/root/.local/share/uv/python/cpython-3.13.11-linux-x86_64-gnu/lib/python3.13/threading.py", line 1015, in _bootstrap
    self._bootstrap_inner()
  File "/root/.local/share/uv/python/cpython-3.13.11-linux-x86_64-gnu/lib/python3.13/threading.py", line 1044, in _bootstrap_inner
    self.run()
  File "/root/.local/share/uv/python/cpython-3.13.11-linux-x86_64-gnu/lib/python3.13/threading.py", line 995, in run
    self._target(*self._args, **self._kwargs)
  File "/root/kp/.venv/lib/python3.13/site-packages/streamlit/runtime/scriptrunner/script_runner.py", line 379, in _run_script_thread
    self._run_script(request.rerun_data)
  File "/root/kp/.venv/lib/python3.13/site-packages/streamlit/runtime/scriptrunner/script_runner.py", line 705, in _run_script
    ) = exec_func_with_error_handling(code_to_exec, ctx)
  File "/root/kp/.venv/lib/python3.13/site-packages/streamlit/runtime/scriptrunner/exec_code.py", line 129, in exec_func_with_error_handling
    result = func()
  File "/root/kp/.venv/lib/python3.13/site-packages/streamlit/runtime/scriptrunner/script_runner.py", line 689, in code_to_exec
    exec(code, module.__dict__)  # noqa: S102
  File "/root/kp/retail/rpoc/src/rpoc/app.py", line 38, in <module>
    pg.run()
  File "/root/kp/.venv/lib/python3.13/site-packages/streamlit/navigation/page.py", line 380, in run
    exec(code, module.__dict__)  # noqa: S102
  File "/root/kp/retail/rpoc/src/rpoc/pages_/orders_.py", line 80, in <module>
    elif col_s.checkbox(
  File "/root/kp/.venv/lib/python3.13/site-packages/streamlit/runtime/metrics_util.py", line 532, in wrapped_func
    result = non_optional_func(*args, **kwargs)
  File "/root/kp/.venv/lib/python3.13/site-packages/streamlit/elements/widgets/checkbox.py", line 202, in checkbox
    return self._checkbox(
  File "/root/kp/.venv/lib/python3.13/site-packages/streamlit/elements/widgets/checkbox.py", line 396, in _checkbox
    maybe_raise_label_warnings(label, label_visibility)
  File "/root/kp/.venv/lib/python3.13/site-packages/streamlit/elements/lib/policies.py", line 187, in maybe_raise_label_warnings
    _LOGGER.warning(
2026-04-30 02:43:33.949 `label` got an empty value. This is discouraged for accessibility reasons and may be disallowed in the future by raising an exception. Please provide a non-empty label and hide it with label_visibility if needed.
Stack (most recent call last):
  File "/root/.local/share/uv/python/cpython-3.13.11-linux-x86_64-gnu/lib/python3.13/threading.py", line 1015, in _bootstrap
    self._bootstrap_inner()
  File "/root/.local/share/uv/python/cpython-3.13.11-linux-x86_64-gnu/lib/python3.13/threading.py", line 1044, in _bootstrap_inner
    self.run()
  File "/root/.local/share/uv/python/cpython-3.13.11-linux-x86_64-gnu/lib/python3.13/threading.py", line 995, in run
    self._target(*self._args, **self._kwargs)
  File "/root/kp/.venv/lib/python3.13/site-packages/streamlit/runtime/scriptrunner/script_runner.py", line 379, in _run_script_thread
    self._run_script(request.rerun_data)
  File "/root/kp/.venv/lib/python3.13/site-packages/streamlit/runtime/scriptrunner/script_runner.py", line 705, in _run_script
    ) = exec_func_with_error_handling(code_to_exec, ctx)
  File "/root/kp/.venv/lib/python3.13/site-packages/streamlit/runtime/scriptrunner/exec_code.py", line 129, in exec_func_with_error_handling
    result = func()
  File "/root/kp/.venv/lib/python3.13/site-packages/streamlit/runtime/scriptrunner/script_runner.py", line 689, in code_to_exec
    exec(code, module.__dict__)  # noqa: S102
  File "/root/kp/retail/rpoc/src/rpoc/app.py", line 38, in <module>
    pg.run()
  File "/root/kp/.venv/lib/python3.13/site-packages/streamlit/navigation/page.py", line 380, in run
    exec(code, module.__dict__)  # noqa: S102
  File "/root/kp/retail/rpoc/src/rpoc/pages_/orders_.py", line 80, in <module>
    elif col_s.checkbox(
  File "/root/kp/.venv/lib/python3.13/site-packages/streamlit/runtime/metrics_util.py", line 532, in wrapped_func
    result = non_optional_func(*args, **kwargs)
  File "/root/kp/.venv/lib/python3.13/site-packages/streamlit/elements/widgets/checkbox.py", line 202, in checkbox
    return self._checkbox(
  File "/root/kp/.venv/lib/python3.13/site-packages/streamlit/elements/widgets/checkbox.py", line 396, in _checkbox
    maybe_raise_label_warnings(label, label_visibility)
  File "/root/kp/.venv/lib/python3.13/site-packages/streamlit/elements/lib/policies.py", line 187, in maybe_raise_label_warnings
    _LOGGER.warning(
2026-04-30 02:44:46.734 `label` got an empty value. This is discouraged for accessibility reasons and may be disallowed in the future by raising an exception. Please provide a non-empty label and hide it with label_visibility if needed.
Stack (most recent call last):
  File "/root/.local/share/uv/python/cpython-3.13.11-linux-x86_64-gnu/lib/python3.13/threading.py", line 1015, in _bootstrap
    self._bootstrap_inner()
  File "/root/.local/share/uv/python/cpython-3.13.11-linux-x86_64-gnu/lib/python3.13/threading.py", line 1044, in _bootstrap_inner
    self.run()
  File "/root/.local/share/uv/python/cpython-3.13.11-linux-x86_64-gnu/lib/python3.13/threading.py", line 995, in run
    self._target(*self._args, **self._kwargs)
  File "/root/kp/.venv/lib/python3.13/site-packages/streamlit/runtime/scriptrunner/script_runner.py", line 379, in _run_script_thread
    self._run_script(request.rerun_data)
  File "/root/kp/.venv/lib/python3.13/site-packages/streamlit/runtime/scriptrunner/script_runner.py", line 705, in _run_script
    ) = exec_func_with_error_handling(code_to_exec, ctx)
  File "/root/kp/.venv/lib/python3.13/site-packages/streamlit/runtime/scriptrunner/exec_code.py", line 129, in exec_func_with_error_handling
    result = func()
  File "/root/kp/.venv/lib/python3.13/site-packages/streamlit/runtime/scriptrunner/script_runner.py", line 689, in code_to_exec
    exec(code, module.__dict__)  # noqa: S102
  File "/root/kp/retail/rpoc/src/rpoc/app.py", line 38, in <module>
    pg.run()
  File "/root/kp/.venv/lib/python3.13/site-packages/streamlit/navigation/page.py", line 380, in run
    exec(code, module.__dict__)  # noqa: S102
  File "/root/kp/retail/rpoc/src/rpoc/pages_/orders_.py", line 80, in <module>
    elif col_s.checkbox(
  File "/root/kp/.venv/lib/python3.13/site-packages/streamlit/runtime/metrics_util.py", line 532, in wrapped_func
    result = non_optional_func(*args, **kwargs)
  File "/root/kp/.venv/lib/python3.13/site-packages/streamlit/elements/widgets/checkbox.py", line 202, in checkbox
    return self._checkbox(
  File "/root/kp/.venv/lib/python3.13/site-packages/streamlit/elements/widgets/checkbox.py", line 396, in _checkbox
    maybe_raise_label_warnings(label, label_visibility)
  File "/root/kp/.venv/lib/python3.13/site-packages/streamlit/elements/lib/policies.py", line 187, in maybe_raise_label_warnings
    _LOGGER.warning(
2026-04-30 02:44:51.556 `label` got an empty value. This is discouraged for accessibility reasons and may be disallowed in the future by raising an exception. Please provide a non-empty label and hide it with label_visibility if needed.
Stack (most recent call last):
  File "/root/.local/share/uv/python/cpython-3.13.11-linux-x86_64-gnu/lib/python3.13/threading.py", line 1015, in _bootstrap
    self._bootstrap_inner()
  File "/root/.local/share/uv/python/cpython-3.13.11-linux-x86_64-gnu/lib/python3.13/threading.py", line 1044, in _bootstrap_inner
    self.run()
  File "/root/.local/share/uv/python/cpython-3.13.11-linux-x86_64-gnu/lib/python3.13/threading.py", line 995, in run
    self._target(*self._args, **self._kwargs)
  File "/root/kp/.venv/lib/python3.13/site-packages/streamlit/runtime/scriptrunner/script_runner.py", line 379, in _run_script_thread
    self._run_script(request.rerun_data)
  File "/root/kp/.venv/lib/python3.13/site-packages/streamlit/runtime/scriptrunner/script_runner.py", line 705, in _run_script
    ) = exec_func_with_error_handling(code_to_exec, ctx)
  File "/root/kp/.venv/lib/python3.13/site-packages/streamlit/runtime/scriptrunner/exec_code.py", line 129, in exec_func_with_error_handling
    result = func()
  File "/root/kp/.venv/lib/python3.13/site-packages/streamlit/runtime/scriptrunner/script_runner.py", line 689, in code_to_exec
    exec(code, module.__dict__)  # noqa: S102
  File "/root/kp/retail/rpoc/src/rpoc/app.py", line 38, in <module>
    pg.run()
  File "/root/kp/.venv/lib/python3.13/site-packages/streamlit/navigation/page.py", line 380, in run
    exec(code, module.__dict__)  # noqa: S102
  File "/root/kp/retail/rpoc/src/rpoc/pages_/orders_.py", line 80, in <module>
    elif col_s.checkbox(
  File "/root/kp/.venv/lib/python3.13/site-packages/streamlit/runtime/metrics_util.py", line 532, in wrapped_func
    result = non_optional_func(*args, **kwargs)
  File "/root/kp/.venv/lib/python3.13/site-packages/streamlit/elements/widgets/checkbox.py", line 202, in checkbox
    return self._checkbox(
  File "/root/kp/.venv/lib/python3.13/site-packages/streamlit/elements/widgets/checkbox.py", line 396, in _checkbox
    maybe_raise_label_warnings(label, label_visibility)
  File "/root/kp/.venv/lib/python3.13/site-packages/streamlit/elements/lib/policies.py", line 187, in maybe_raise_label_warnings
    _LOGGER.warning(
2026-04-30 02:44:55.113 `label` got an empty value. This is discouraged for accessibility reasons and may be disallowed in the future by raising an exception. Please provide a non-empty label and hide it with label_visibility if needed.
Stack (most recent call last):
  File "/root/.local/share/uv/python/cpython-3.13.11-linux-x86_64-gnu/lib/python3.13/threading.py", line 1015, in _bootstrap
    self._bootstrap_inner()
  File "/root/.local/share/uv/python/cpython-3.13.11-linux-x86_64-gnu/lib/python3.13/threading.py", line 1044, in _bootstrap_inner
    self.run()
  File "/root/.local/share/uv/python/cpython-3.13.11-linux-x86_64-gnu/lib/python3.13/threading.py", line 995, in run
    self._target(*self._args, **self._kwargs)
  File "/root/kp/.venv/lib/python3.13/site-packages/streamlit/runtime/scriptrunner/script_runner.py", line 379, in _run_script_thread
    self._run_script(request.rerun_data)
  File "/root/kp/.venv/lib/python3.13/site-packages/streamlit/runtime/scriptrunner/script_runner.py", line 705, in _run_script
    ) = exec_func_with_error_handling(code_to_exec, ctx)
  File "/root/kp/.venv/lib/python3.13/site-packages/streamlit/runtime/scriptrunner/exec_code.py", line 129, in exec_func_with_error_handling
    result = func()
  File "/root/kp/.venv/lib/python3.13/site-packages/streamlit/runtime/scriptrunner/script_runner.py", line 689, in code_to_exec
    exec(code, module.__dict__)  # noqa: S102
  File "/root/kp/retail/rpoc/src/rpoc/app.py", line 38, in <module>
    pg.run()
  File "/root/kp/.venv/lib/python3.13/site-packages/streamlit/navigation/page.py", line 380, in run
    exec(code, module.__dict__)  # noqa: S102
  File "/root/kp/retail/rpoc/src/rpoc/pages_/orders_.py", line 80, in <module>
    elif col_s.checkbox(
  File "/root/kp/.venv/lib/python3.13/site-packages/streamlit/runtime/metrics_util.py", line 532, in wrapped_func
    result = non_optional_func(*args, **kwargs)
  File "/root/kp/.venv/lib/python3.13/site-packages/streamlit/elements/widgets/checkbox.py", line 202, in checkbox
    return self._checkbox(
  File "/root/kp/.venv/lib/python3.13/site-packages/streamlit/elements/widgets/checkbox.py", line 396, in _checkbox
    maybe_raise_label_warnings(label, label_visibility)
  File "/root/kp/.venv/lib/python3.13/site-packages/streamlit/elements/lib/policies.py", line 187, in maybe_raise_label_warnings
    _LOGGER.warning(
2026-04-30 02:44:58.654 `label` got an empty value. This is discouraged for accessibility reasons and may be disallowed in the future by raising an exception. Please provide a non-empty label and hide it with label_visibility if needed.
Stack (most recent call last):
  File "/root/.local/share/uv/python/cpython-3.13.11-linux-x86_64-gnu/lib/python3.13/threading.py", line 1015, in _bootstrap
    self._bootstrap_inner()
  File "/root/.local/share/uv/python/cpython-3.13.11-linux-x86_64-gnu/lib/python3.13/threading.py", line 1044, in _bootstrap_inner
    self.run()
  File "/root/.local/share/uv/python/cpython-3.13.11-linux-x86_64-gnu/lib/python3.13/threading.py", line 995, in run
    self._target(*self._args, **self._kwargs)
  File "/root/kp/.venv/lib/python3.13/site-packages/streamlit/runtime/scriptrunner/script_runner.py", line 379, in _run_script_thread
    self._run_script(request.rerun_data)
  File "/root/kp/.venv/lib/python3.13/site-packages/streamlit/runtime/scriptrunner/script_runner.py", line 705, in _run_script
    ) = exec_func_with_error_handling(code_to_exec, ctx)
  File "/root/kp/.venv/lib/python3.13/site-packages/streamlit/runtime/scriptrunner/exec_code.py", line 129, in exec_func_with_error_handling
    result = func()
  File "/root/kp/.venv/lib/python3.13/site-packages/streamlit/runtime/scriptrunner/script_runner.py", line 689, in code_to_exec
    exec(code, module.__dict__)  # noqa: S102
  File "/root/kp/retail/rpoc/src/rpoc/app.py", line 38, in <module>
    pg.run()
  File "/root/kp/.venv/lib/python3.13/site-packages/streamlit/navigation/page.py", line 380, in run
    exec(code, module.__dict__)  # noqa: S102
  File "/root/kp/retail/rpoc/src/rpoc/pages_/orders_.py", line 80, in <module>
    elif col_s.checkbox(
  File "/root/kp/.venv/lib/python3.13/site-packages/streamlit/runtime/metrics_util.py", line 532, in wrapped_func
    result = non_optional_func(*args, **kwargs)
  File "/root/kp/.venv/lib/python3.13/site-packages/streamlit/elements/widgets/checkbox.py", line 202, in checkbox
    return self._checkbox(
  File "/root/kp/.venv/lib/python3.13/site-packages/streamlit/elements/widgets/checkbox.py", line 396, in _checkbox
    maybe_raise_label_warnings(label, label_visibility)
  File "/root/kp/.venv/lib/python3.13/site-packages/streamlit/elements/lib/policies.py", line 187, in maybe_raise_label_warnings
    _LOGGER.warning(
2026-04-30 02:45:10.369 `label` got an empty value. This is discouraged for accessibility reasons and may be disallowed in the future by raising an exception. Please provide a non-empty label and hide it with label_visibility if needed.
Stack (most recent call last):
  File "/root/.local/share/uv/python/cpython-3.13.11-linux-x86_64-gnu/lib/python3.13/threading.py", line 1015, in _bootstrap
    self._bootstrap_inner()
  File "/root/.local/share/uv/python/cpython-3.13.11-linux-x86_64-gnu/lib/python3.13/threading.py", line 1044, in _bootstrap_inner
    self.run()
  File "/root/.local/share/uv/python/cpython-3.13.11-linux-x86_64-gnu/lib/python3.13/threading.py", line 995, in run
    self._target(*self._args, **self._kwargs)
  File "/root/kp/.venv/lib/python3.13/site-packages/streamlit/runtime/scriptrunner/script_runner.py", line 379, in _run_script_thread
    self._run_script(request.rerun_data)
  File "/root/kp/.venv/lib/python3.13/site-packages/streamlit/runtime/scriptrunner/script_runner.py", line 705, in _run_script
    ) = exec_func_with_error_handling(code_to_exec, ctx)
  File "/root/kp/.venv/lib/python3.13/site-packages/streamlit/runtime/scriptrunner/exec_code.py", line 129, in exec_func_with_error_handling
    result = func()
  File "/root/kp/.venv/lib/python3.13/site-packages/streamlit/runtime/scriptrunner/script_runner.py", line 689, in code_to_exec
    exec(code, module.__dict__)  # noqa: S102
  File "/root/kp/retail/rpoc/src/rpoc/app.py", line 38, in <module>
    pg.run()
  File "/root/kp/.venv/lib/python3.13/site-packages/streamlit/navigation/page.py", line 380, in run
    exec(code, module.__dict__)  # noqa: S102
  File "/root/kp/retail/rpoc/src/rpoc/pages_/orders_.py", line 80, in <module>
    elif col_s.checkbox(
  File "/root/kp/.venv/lib/python3.13/site-packages/streamlit/runtime/metrics_util.py", line 532, in wrapped_func
    result = non_optional_func(*args, **kwargs)
  File "/root/kp/.venv/lib/python3.13/site-packages/streamlit/elements/widgets/checkbox.py", line 202, in checkbox
    return self._checkbox(
  File "/root/kp/.venv/lib/python3.13/site-packages/streamlit/elements/widgets/checkbox.py", line 396, in _checkbox
    maybe_raise_label_warnings(label, label_visibility)
  File "/root/kp/.venv/lib/python3.13/site-packages/streamlit/elements/lib/policies.py", line 187, in maybe_raise_label_warnings
    _LOGGER.warning(
2026-04-30 02:45:14.944 Please replace `use_container_width` with `width`.

`use_container_width` will be removed after 2025-12-31.

For `use_container_width=True`, use `width='stretch'`. For `use_container_width=False`, use `width='content'`.
2026-04-30 02:45:14.950 Please replace `use_container_width` with `width`.

`use_container_width` will be removed after 2025-12-31.

For `use_container_width=True`, use `width='stretch'`. For `use_container_width=False`, use `width='content'`.
2026-04-30 02:45:14.955 Please replace `use_container_width` with `width`.

`use_container_width` will be removed after 2025-12-31.

For `use_container_width=True`, use `width='stretch'`. For `use_container_width=False`, use `width='content'`.
2026-04-30 02:45:17.108 `label` got an empty value. This is discouraged for accessibility reasons and may be disallowed in the future by raising an exception. Please provide a non-empty label and hide it with label_visibility if needed.
Stack (most recent call last):
  File "/root/.local/share/uv/python/cpython-3.13.11-linux-x86_64-gnu/lib/python3.13/threading.py", line 1015, in _bootstrap
    self._bootstrap_inner()
  File "/root/.local/share/uv/python/cpython-3.13.11-linux-x86_64-gnu/lib/python3.13/threading.py", line 1044, in _bootstrap_inner
    self.run()
  File "/root/.local/share/uv/python/cpython-3.13.11-linux-x86_64-gnu/lib/python3.13/threading.py", line 995, in run
    self._target(*self._args, **self._kwargs)
  File "/root/kp/.venv/lib/python3.13/site-packages/streamlit/runtime/scriptrunner/script_runner.py", line 379, in _run_script_thread
    self._run_script(request.rerun_data)
  File "/root/kp/.venv/lib/python3.13/site-packages/streamlit/runtime/scriptrunner/script_runner.py", line 705, in _run_script
    ) = exec_func_with_error_handling(code_to_exec, ctx)
  File "/root/kp/.venv/lib/python3.13/site-packages/streamlit/runtime/scriptrunner/exec_code.py", line 129, in exec_func_with_error_handling
    result = func()
  File "/root/kp/.venv/lib/python3.13/site-packages/streamlit/runtime/scriptrunner/script_runner.py", line 689, in code_to_exec
    exec(code, module.__dict__)  # noqa: S102
  File "/root/kp/retail/rpoc/src/rpoc/app.py", line 38, in <module>
    pg.run()
  File "/root/kp/.venv/lib/python3.13/site-packages/streamlit/navigation/page.py", line 380, in run
    exec(code, module.__dict__)  # noqa: S102
  File "/root/kp/retail/rpoc/src/rpoc/pages_/orders_.py", line 80, in <module>
    elif col_s.checkbox(
  File "/root/kp/.venv/lib/python3.13/site-packages/streamlit/runtime/metrics_util.py", line 532, in wrapped_func
    result = non_optional_func(*args, **kwargs)
  File "/root/kp/.venv/lib/python3.13/site-packages/streamlit/elements/widgets/checkbox.py", line 202, in checkbox
    return self._checkbox(
  File "/root/kp/.venv/lib/python3.13/site-packages/streamlit/elements/widgets/checkbox.py", line 396, in _checkbox
    maybe_raise_label_warnings(label, label_visibility)
  File "/root/kp/.venv/lib/python3.13/site-packages/streamlit/elements/lib/policies.py", line 187, in maybe_raise_label_warnings
    _LOGGER.warning(
2026-04-30 02:45:19.367 `label` got an empty value. This is discouraged for accessibility reasons and may be disallowed in the future by raising an exception. Please provide a non-empty label and hide it with label_visibility if needed.
Stack (most recent call last):
  File "/root/.local/share/uv/python/cpython-3.13.11-linux-x86_64-gnu/lib/python3.13/threading.py", line 1015, in _bootstrap
    self._bootstrap_inner()
  File "/root/.local/share/uv/python/cpython-3.13.11-linux-x86_64-gnu/lib/python3.13/threading.py", line 1044, in _bootstrap_inner
    self.run()
  File "/root/.local/share/uv/python/cpython-3.13.11-linux-x86_64-gnu/lib/python3.13/threading.py", line 995, in run
    self._target(*self._args, **self._kwargs)
  File "/root/kp/.venv/lib/python3.13/site-packages/streamlit/runtime/scriptrunner/script_runner.py", line 379, in _run_script_thread
    self._run_script(request.rerun_data)
  File "/root/kp/.venv/lib/python3.13/site-packages/streamlit/runtime/scriptrunner/script_runner.py", line 705, in _run_script
    ) = exec_func_with_error_handling(code_to_exec, ctx)
  File "/root/kp/.venv/lib/python3.13/site-packages/streamlit/runtime/scriptrunner/exec_code.py", line 129, in exec_func_with_error_handling
    result = func()
  File "/root/kp/.venv/lib/python3.13/site-packages/streamlit/runtime/scriptrunner/script_runner.py", line 689, in code_to_exec
    exec(code, module.__dict__)  # noqa: S102
  File "/root/kp/retail/rpoc/src/rpoc/app.py", line 38, in <module>
    pg.run()
  File "/root/kp/.venv/lib/python3.13/site-packages/streamlit/navigation/page.py", line 380, in run
    exec(code, module.__dict__)  # noqa: S102
  File "/root/kp/retail/rpoc/src/rpoc/pages_/orders_.py", line 80, in <module>
    elif col_s.checkbox(
  File "/root/kp/.venv/lib/python3.13/site-packages/streamlit/runtime/metrics_util.py", line 532, in wrapped_func
    result = non_optional_func(*args, **kwargs)
  File "/root/kp/.venv/lib/python3.13/site-packages/streamlit/elements/widgets/checkbox.py", line 202, in checkbox
    return self._checkbox(
  File "/root/kp/.venv/lib/python3.13/site-packages/streamlit/elements/widgets/checkbox.py", line 396, in _checkbox
    maybe_raise_label_warnings(label, label_visibility)
  File "/root/kp/.venv/lib/python3.13/site-packages/streamlit/elements/lib/policies.py", line 187, in maybe_raise_label_warnings
    _LOGGER.warning(
2026-04-30 02:45:20.747 `label` got an empty value. This is discouraged for accessibility reasons and may be disallowed in the future by raising an exception. Please provide a non-empty label and hide it with label_visibility if needed.
Stack (most recent call last):
  File "/root/.local/share/uv/python/cpython-3.13.11-linux-x86_64-gnu/lib/python3.13/threading.py", line 1015, in _bootstrap
    self._bootstrap_inner()
  File "/root/.local/share/uv/python/cpython-3.13.11-linux-x86_64-gnu/lib/python3.13/threading.py", line 1044, in _bootstrap_inner
    self.run()
  File "/root/.local/share/uv/python/cpython-3.13.11-linux-x86_64-gnu/lib/python3.13/threading.py", line 995, in run
    self._target(*self._args, **self._kwargs)
  File "/root/kp/.venv/lib/python3.13/site-packages/streamlit/runtime/scriptrunner/script_runner.py", line 379, in _run_script_thread
    self._run_script(request.rerun_data)
  File "/root/kp/.venv/lib/python3.13/site-packages/streamlit/runtime/scriptrunner/script_runner.py", line 705, in _run_script
    ) = exec_func_with_error_handling(code_to_exec, ctx)
  File "/root/kp/.venv/lib/python3.13/site-packages/streamlit/runtime/scriptrunner/exec_code.py", line 129, in exec_func_with_error_handling
    result = func()
  File "/root/kp/.venv/lib/python3.13/site-packages/streamlit/runtime/scriptrunner/script_runner.py", line 689, in code_to_exec
    exec(code, module.__dict__)  # noqa: S102
  File "/root/kp/retail/rpoc/src/rpoc/app.py", line 38, in <module>
    pg.run()
  File "/root/kp/.venv/lib/python3.13/site-packages/streamlit/navigation/page.py", line 380, in run
    exec(code, module.__dict__)  # noqa: S102
  File "/root/kp/retail/rpoc/src/rpoc/pages_/orders_.py", line 80, in <module>
    elif col_s.checkbox(
  File "/root/kp/.venv/lib/python3.13/site-packages/streamlit/runtime/metrics_util.py", line 532, in wrapped_func
    result = non_optional_func(*args, **kwargs)
  File "/root/kp/.venv/lib/python3.13/site-packages/streamlit/elements/widgets/checkbox.py", line 202, in checkbox
    return self._checkbox(
  File "/root/kp/.venv/lib/python3.13/site-packages/streamlit/elements/widgets/checkbox.py", line 396, in _checkbox
    maybe_raise_label_warnings(label, label_visibility)
  File "/root/kp/.venv/lib/python3.13/site-packages/streamlit/elements/lib/policies.py", line 187, in maybe_raise_label_warnings
    _LOGGER.warning(
2026-04-30 02:45:20.905 `label` got an empty value. This is discouraged for accessibility reasons and may be disallowed in the future by raising an exception. Please provide a non-empty label and hide it with label_visibility if needed.
Stack (most recent call last):
  File "/root/.local/share/uv/python/cpython-3.13.11-linux-x86_64-gnu/lib/python3.13/threading.py", line 1015, in _bootstrap
    self._bootstrap_inner()
  File "/root/.local/share/uv/python/cpython-3.13.11-linux-x86_64-gnu/lib/python3.13/threading.py", line 1044, in _bootstrap_inner
    self.run()
  File "/root/.local/share/uv/python/cpython-3.13.11-linux-x86_64-gnu/lib/python3.13/threading.py", line 995, in run
    self._target(*self._args, **self._kwargs)
  File "/root/kp/.venv/lib/python3.13/site-packages/streamlit/runtime/scriptrunner/script_runner.py", line 379, in _run_script_thread
    self._run_script(request.rerun_data)
  File "/root/kp/.venv/lib/python3.13/site-packages/streamlit/runtime/scriptrunner/script_runner.py", line 705, in _run_script
    ) = exec_func_with_error_handling(code_to_exec, ctx)
  File "/root/kp/.venv/lib/python3.13/site-packages/streamlit/runtime/scriptrunner/exec_code.py", line 129, in exec_func_with_error_handling
    result = func()
  File "/root/kp/.venv/lib/python3.13/site-packages/streamlit/runtime/scriptrunner/script_runner.py", line 689, in code_to_exec
    exec(code, module.__dict__)  # noqa: S102
  File "/root/kp/retail/rpoc/src/rpoc/app.py", line 38, in <module>
    pg.run()
  File "/root/kp/.venv/lib/python3.13/site-packages/streamlit/navigation/page.py", line 380, in run
    exec(code, module.__dict__)  # noqa: S102
  File "/root/kp/retail/rpoc/src/rpoc/pages_/orders_.py", line 80, in <module>
    elif col_s.checkbox(
  File "/root/kp/.venv/lib/python3.13/site-packages/streamlit/runtime/metrics_util.py", line 532, in wrapped_func
    result = non_optional_func(*args, **kwargs)
  File "/root/kp/.venv/lib/python3.13/site-packages/streamlit/elements/widgets/checkbox.py", line 202, in checkbox
    return self._checkbox(
  File "/root/kp/.venv/lib/python3.13/site-packages/streamlit/elements/widgets/checkbox.py", line 396, in _checkbox
    maybe_raise_label_warnings(label, label_visibility)
  File "/root/kp/.venv/lib/python3.13/site-packages/streamlit/elements/lib/policies.py", line 187, in maybe_raise_label_warnings
    _LOGGER.warning(
2026-04-30 02:46:26.543 `label` got an empty value. This is discouraged for accessibility reasons and may be disallowed in the future by raising an exception. Please provide a non-empty label and hide it with label_visibility if needed.
Stack (most recent call last):
  File "/root/.local/share/uv/python/cpython-3.13.11-linux-x86_64-gnu/lib/python3.13/threading.py", line 1015, in _bootstrap
    self._bootstrap_inner()
  File "/root/.local/share/uv/python/cpython-3.13.11-linux-x86_64-gnu/lib/python3.13/threading.py", line 1044, in _bootstrap_inner
    self.run()
  File "/root/.local/share/uv/python/cpython-3.13.11-linux-x86_64-gnu/lib/python3.13/threading.py", line 995, in run
    self._target(*self._args, **self._kwargs)
  File "/root/kp/.venv/lib/python3.13/site-packages/streamlit/runtime/scriptrunner/script_runner.py", line 379, in _run_script_thread
    self._run_script(request.rerun_data)
  File "/root/kp/.venv/lib/python3.13/site-packages/streamlit/runtime/scriptrunner/script_runner.py", line 705, in _run_script
    ) = exec_func_with_error_handling(code_to_exec, ctx)
  File "/root/kp/.venv/lib/python3.13/site-packages/streamlit/runtime/scriptrunner/exec_code.py", line 129, in exec_func_with_error_handling
    result = func()
  File "/root/kp/.venv/lib/python3.13/site-packages/streamlit/runtime/scriptrunner/script_runner.py", line 689, in code_to_exec
    exec(code, module.__dict__)  # noqa: S102
  File "/root/kp/retail/rpoc/src/rpoc/app.py", line 38, in <module>
    pg.run()
  File "/root/kp/.venv/lib/python3.13/site-packages/streamlit/navigation/page.py", line 380, in run
    exec(code, module.__dict__)  # noqa: S102
  File "/root/kp/retail/rpoc/src/rpoc/pages_/orders_.py", line 80, in <module>
    elif col_s.checkbox(
  File "/root/kp/.venv/lib/python3.13/site-packages/streamlit/runtime/metrics_util.py", line 532, in wrapped_func
    result = non_optional_func(*args, **kwargs)
  File "/root/kp/.venv/lib/python3.13/site-packages/streamlit/elements/widgets/checkbox.py", line 202, in checkbox
    return self._checkbox(
  File "/root/kp/.venv/lib/python3.13/site-packages/streamlit/elements/widgets/checkbox.py", line 396, in _checkbox
    maybe_raise_label_warnings(label, label_visibility)
  File "/root/kp/.venv/lib/python3.13/site-packages/streamlit/elements/lib/policies.py", line 187, in maybe_raise_label_warnings
    _LOGGER.warning(
2026-04-30 02:46:32.745 Please replace `use_container_width` with `width`.

`use_container_width` will be removed after 2025-12-31.

For `use_container_width=True`, use `width='stretch'`. For `use_container_width=False`, use `width='content'`.
2026-04-30 02:46:32.751 Please replace `use_container_width` with `width`.

`use_container_width` will be removed after 2025-12-31.

For `use_container_width=True`, use `width='stretch'`. For `use_container_width=False`, use `width='content'`.
2026-04-30 02:46:32.757 Please replace `use_container_width` with `width`.

`use_container_width` will be removed after 2025-12-31.

For `use_container_width=True`, use `width='stretch'`. For `use_container_width=False`, use `width='content'`.
2026-04-30 02:46:32.766 Please replace `use_container_width` with `width`.

`use_container_width` will be removed after 2025-12-31.

For `use_container_width=True`, use `width='stretch'`. For `use_container_width=False`, use `width='content'`.
2026-04-30 02:46:32.772 Please replace `use_container_width` with `width`.

`use_container_width` will be removed after 2025-12-31.

For `use_container_width=True`, use `width='stretch'`. For `use_container_width=False`, use `width='content'`.
2026-04-30 02:48:14.998 Uncaught app execution
Traceback (most recent call last):
  File "/root/kp/.venv/lib/python3.13/site-packages/streamlit/runtime/scriptrunner/exec_code.py", line 129, in exec_func_with_error_handling
    result = func()
  File "/root/kp/.venv/lib/python3.13/site-packages/streamlit/runtime/scriptrunner/script_runner.py", line 689, in code_to_exec
    exec(code, module.__dict__)  # noqa: S102
    ~~~~^^^^^^^^^^^^^^^^^^^^^^^
  File "/root/kp/retail/rpoc/src/rpoc/app.py", line 38, in <module>
    pg.run()
    ~~~~~~^^
  File "/root/kp/.venv/lib/python3.13/site-packages/streamlit/navigation/page.py", line 380, in run
    exec(code, module.__dict__)  # noqa: S102
    ~~~~^^^^^^^^^^^^^^^^^^^^^^^
  File "/root/kp/retail/rpoc/src/rpoc/pages_/chatbot_.py", line 5, in <module>
    from rpoc.services import (
    ...<2 lines>...
    )
ImportError: cannot import name 'create_pdf' from 'rpoc.services' (/root/kp/retail/rpoc/src/rpoc/services/__init__.py)
2026-04-30 02:48:15.148 Uncaught app execution
Traceback (most recent call last):
  File "/root/kp/.venv/lib/python3.13/site-packages/streamlit/runtime/scriptrunner/exec_code.py", line 129, in exec_func_with_error_handling
    result = func()
  File "/root/kp/.venv/lib/python3.13/site-packages/streamlit/runtime/scriptrunner/script_runner.py", line 689, in code_to_exec
    exec(code, module.__dict__)  # noqa: S102
    ~~~~^^^^^^^^^^^^^^^^^^^^^^^
  File "/root/kp/retail/rpoc/src/rpoc/app.py", line 38, in <module>
    pg.run()
    ~~~~~~^^
  File "/root/kp/.venv/lib/python3.13/site-packages/streamlit/navigation/page.py", line 380, in run
    exec(code, module.__dict__)  # noqa: S102
    ~~~~^^^^^^^^^^^^^^^^^^^^^^^
  File "/root/kp/retail/rpoc/src/rpoc/pages_/chatbot_.py", line 5, in <module>
    from rpoc.services import (
    ...<2 lines>...
    )
ImportError: cannot import name 'create_pdf' from 'rpoc.services' (/root/kp/retail/rpoc/src/rpoc/services/__init__.py)
2026-04-30 02:49:07.076 Please replace `use_container_width` with `width`.

`use_container_width` will be removed after 2025-12-31.

For `use_container_width=True`, use `width='stretch'`. For `use_container_width=False`, use `width='content'`.
2026-04-30 02:49:22.951 Uncaught app execution
Traceback (most recent call last):
  File "/root/kp/.venv/lib/python3.13/site-packages/streamlit/runtime/scriptrunner/exec_code.py", line 129, in exec_func_with_error_handling
    result = func()
  File "/root/kp/.venv/lib/python3.13/site-packages/streamlit/runtime/scriptrunner/script_runner.py", line 689, in code_to_exec
    exec(code, module.__dict__)  # noqa: S102
    ~~~~^^^^^^^^^^^^^^^^^^^^^^^
  File "/root/kp/retail/rpoc/src/rpoc/app.py", line 38, in <module>
    pg.run()
    ~~~~~~^^
  File "/root/kp/.venv/lib/python3.13/site-packages/streamlit/navigation/page.py", line 380, in run
    exec(code, module.__dict__)  # noqa: S102
    ~~~~^^^^^^^^^^^^^^^^^^^^^^^
  File "/root/kp/retail/rpoc/src/rpoc/pages_/chatbot_.py", line 5, in <module>
    from rpoc.services import (
    ...<2 lines>...
    )
ImportError: cannot import name 'create_pdf' from 'rpoc.services' (/root/kp/retail/rpoc/src/rpoc/services/__init__.py)
2026-04-30 02:49:30.714 Please replace `use_container_width` with `width`.

`use_container_width` will be removed after 2025-12-31.

For `use_container_width=True`, use `width='stretch'`. For `use_container_width=False`, use `width='content'`.
2026-04-30 02:49:31.655 Uncaught app execution
Traceback (most recent call last):
  File "/root/kp/.venv/lib/python3.13/site-packages/streamlit/runtime/scriptrunner/exec_code.py", line 129, in exec_func_with_error_handling
    result = func()
  File "/root/kp/.venv/lib/python3.13/site-packages/streamlit/runtime/scriptrunner/script_runner.py", line 689, in code_to_exec
    exec(code, module.__dict__)  # noqa: S102
    ~~~~^^^^^^^^^^^^^^^^^^^^^^^
  File "/root/kp/retail/rpoc/src/rpoc/app.py", line 38, in <module>
    pg.run()
    ~~~~~~^^
  File "/root/kp/.venv/lib/python3.13/site-packages/streamlit/navigation/page.py", line 380, in run
    exec(code, module.__dict__)  # noqa: S102
    ~~~~^^^^^^^^^^^^^^^^^^^^^^^
  File "/root/kp/retail/rpoc/src/rpoc/pages_/chatbot_.py", line 5, in <module>
    from rpoc.services import (
    ...<2 lines>...
    )
ImportError: cannot import name 'create_pdf' from 'rpoc.services' (/root/kp/retail/rpoc/src/rpoc/services/__init__.py)
2026-04-30 02:51:49.939 Please replace `use_container_width` with `width`.

`use_container_width` will be removed after 2025-12-31.

For `use_container_width=True`, use `width='stretch'`. For `use_container_width=False`, use `width='content'`.
2026-04-30 02:51:53.484 Uncaught app execution
Traceback (most recent call last):
  File "/root/kp/.venv/lib/python3.13/site-packages/streamlit/runtime/scriptrunner/exec_code.py", line 129, in exec_func_with_error_handling
    result = func()
  File "/root/kp/.venv/lib/python3.13/site-packages/streamlit/runtime/scriptrunner/script_runner.py", line 689, in code_to_exec
    exec(code, module.__dict__)  # noqa: S102
    ~~~~^^^^^^^^^^^^^^^^^^^^^^^
  File "/root/kp/retail/rpoc/src/rpoc/app.py", line 38, in <module>
    pg.run()
    ~~~~~~^^
  File "/root/kp/.venv/lib/python3.13/site-packages/streamlit/navigation/page.py", line 380, in run
    exec(code, module.__dict__)  # noqa: S102
    ~~~~^^^^^^^^^^^^^^^^^^^^^^^
  File "/root/kp/retail/rpoc/src/rpoc/pages_/chatbot_.py", line 5, in <module>
    from rpoc.services import (
    ...<2 lines>...
    )
ImportError: cannot import name 'create_pdf' from 'rpoc.services' (/root/kp/retail/rpoc/src/rpoc/services/__init__.py)
2026-04-30 02:51:59.298 Please replace `use_container_width` with `width`.

`use_container_width` will be removed after 2025-12-31.

For `use_container_width=True`, use `width='stretch'`. For `use_container_width=False`, use `width='content'`.
2026-04-30 02:52:13.814 Please replace `use_container_width` with `width`.

`use_container_width` will be removed after 2025-12-31.

For `use_container_width=True`, use `width='stretch'`. For `use_container_width=False`, use `width='content'`.
2026-04-30 02:52:14.449 Please replace `use_container_width` with `width`.

`use_container_width` will be removed after 2025-12-31.

For `use_container_width=True`, use `width='stretch'`. For `use_container_width=False`, use `width='content'`.
2026-04-30 02:52:15.416 Please replace `use_container_width` with `width`.

`use_container_width` will be removed after 2025-12-31.

For `use_container_width=True`, use `width='stretch'`. For `use_container_width=False`, use `width='content'`.
2026-04-30 02:52:16.457 Please replace `use_container_width` with `width`.

`use_container_width` will be removed after 2025-12-31.

For `use_container_width=True`, use `width='stretch'`. For `use_container_width=False`, use `width='content'`.
2026-04-30 02:52:19.685 Please replace `use_container_width` with `width`.

`use_container_width` will be removed after 2025-12-31.

For `use_container_width=True`, use `width='stretch'`. For `use_container_width=False`, use `width='content'`.
2026-04-30 02:52:21.339 Please replace `use_container_width` with `width`.

`use_container_width` will be removed after 2025-12-31.

For `use_container_width=True`, use `width='stretch'`. For `use_container_width=False`, use `width='content'`.
2026-04-30 02:52:23.634 `label` got an empty value. This is discouraged for accessibility reasons and may be disallowed in the future by raising an exception. Please provide a non-empty label and hide it with label_visibility if needed.
Stack (most recent call last):
  File "/root/.local/share/uv/python/cpython-3.13.11-linux-x86_64-gnu/lib/python3.13/threading.py", line 1015, in _bootstrap
    self._bootstrap_inner()
  File "/root/.local/share/uv/python/cpython-3.13.11-linux-x86_64-gnu/lib/python3.13/threading.py", line 1044, in _bootstrap_inner
    self.run()
  File "/root/.local/share/uv/python/cpython-3.13.11-linux-x86_64-gnu/lib/python3.13/threading.py", line 995, in run
    self._target(*self._args, **self._kwargs)
  File "/root/kp/.venv/lib/python3.13/site-packages/streamlit/runtime/scriptrunner/script_runner.py", line 379, in _run_script_thread
    self._run_script(request.rerun_data)
  File "/root/kp/.venv/lib/python3.13/site-packages/streamlit/runtime/scriptrunner/script_runner.py", line 705, in _run_script
    ) = exec_func_with_error_handling(code_to_exec, ctx)
  File "/root/kp/.venv/lib/python3.13/site-packages/streamlit/runtime/scriptrunner/exec_code.py", line 129, in exec_func_with_error_handling
    result = func()
  File "/root/kp/.venv/lib/python3.13/site-packages/streamlit/runtime/scriptrunner/script_runner.py", line 689, in code_to_exec
    exec(code, module.__dict__)  # noqa: S102
  File "/root/kp/retail/rpoc/src/rpoc/app.py", line 38, in <module>
    pg.run()
  File "/root/kp/.venv/lib/python3.13/site-packages/streamlit/navigation/page.py", line 380, in run
    exec(code, module.__dict__)  # noqa: S102
  File "/root/kp/retail/rpoc/src/rpoc/pages_/orders_.py", line 80, in <module>
    elif col_s.checkbox(
  File "/root/kp/.venv/lib/python3.13/site-packages/streamlit/runtime/metrics_util.py", line 532, in wrapped_func
    result = non_optional_func(*args, **kwargs)
  File "/root/kp/.venv/lib/python3.13/site-packages/streamlit/elements/widgets/checkbox.py", line 202, in checkbox
    return self._checkbox(
  File "/root/kp/.venv/lib/python3.13/site-packages/streamlit/elements/widgets/checkbox.py", line 396, in _checkbox
    maybe_raise_label_warnings(label, label_visibility)
  File "/root/kp/.venv/lib/python3.13/site-packages/streamlit/elements/lib/policies.py", line 187, in maybe_raise_label_warnings
    _LOGGER.warning(
2026-04-30 02:52:28.784 `label` got an empty value. This is discouraged for accessibility reasons and may be disallowed in the future by raising an exception. Please provide a non-empty label and hide it with label_visibility if needed.
Stack (most recent call last):
  File "/root/.local/share/uv/python/cpython-3.13.11-linux-x86_64-gnu/lib/python3.13/threading.py", line 1015, in _bootstrap
    self._bootstrap_inner()
  File "/root/.local/share/uv/python/cpython-3.13.11-linux-x86_64-gnu/lib/python3.13/threading.py", line 1044, in _bootstrap_inner
    self.run()
  File "/root/.local/share/uv/python/cpython-3.13.11-linux-x86_64-gnu/lib/python3.13/threading.py", line 995, in run
    self._target(*self._args, **self._kwargs)
  File "/root/kp/.venv/lib/python3.13/site-packages/streamlit/runtime/scriptrunner/script_runner.py", line 379, in _run_script_thread
    self._run_script(request.rerun_data)
  File "/root/kp/.venv/lib/python3.13/site-packages/streamlit/runtime/scriptrunner/script_runner.py", line 705, in _run_script
    ) = exec_func_with_error_handling(code_to_exec, ctx)
  File "/root/kp/.venv/lib/python3.13/site-packages/streamlit/runtime/scriptrunner/exec_code.py", line 129, in exec_func_with_error_handling
    result = func()
  File "/root/kp/.venv/lib/python3.13/site-packages/streamlit/runtime/scriptrunner/script_runner.py", line 689, in code_to_exec
    exec(code, module.__dict__)  # noqa: S102
  File "/root/kp/retail/rpoc/src/rpoc/app.py", line 38, in <module>
    pg.run()
  File "/root/kp/.venv/lib/python3.13/site-packages/streamlit/navigation/page.py", line 380, in run
    exec(code, module.__dict__)  # noqa: S102
  File "/root/kp/retail/rpoc/src/rpoc/pages_/orders_.py", line 80, in <module>
    elif col_s.checkbox(
  File "/root/kp/.venv/lib/python3.13/site-packages/streamlit/runtime/metrics_util.py", line 532, in wrapped_func
    result = non_optional_func(*args, **kwargs)
  File "/root/kp/.venv/lib/python3.13/site-packages/streamlit/elements/widgets/checkbox.py", line 202, in checkbox
    return self._checkbox(
  File "/root/kp/.venv/lib/python3.13/site-packages/streamlit/elements/widgets/checkbox.py", line 396, in _checkbox
    maybe_raise_label_warnings(label, label_visibility)
  File "/root/kp/.venv/lib/python3.13/site-packages/streamlit/elements/lib/policies.py", line 187, in maybe_raise_label_warnings
    _LOGGER.warning(
2026-04-30 02:52:30.436 `label` got an empty value. This is discouraged for accessibility reasons and may be disallowed in the future by raising an exception. Please provide a non-empty label and hide it with label_visibility if needed.
Stack (most recent call last):
  File "/root/.local/share/uv/python/cpython-3.13.11-linux-x86_64-gnu/lib/python3.13/threading.py", line 1015, in _bootstrap
    self._bootstrap_inner()
  File "/root/.local/share/uv/python/cpython-3.13.11-linux-x86_64-gnu/lib/python3.13/threading.py", line 1044, in _bootstrap_inner
    self.run()
  File "/root/.local/share/uv/python/cpython-3.13.11-linux-x86_64-gnu/lib/python3.13/threading.py", line 995, in run
    self._target(*self._args, **self._kwargs)
  File "/root/kp/.venv/lib/python3.13/site-packages/streamlit/runtime/scriptrunner/script_runner.py", line 379, in _run_script_thread
    self._run_script(request.rerun_data)
  File "/root/kp/.venv/lib/python3.13/site-packages/streamlit/runtime/scriptrunner/script_runner.py", line 705, in _run_script
    ) = exec_func_with_error_handling(code_to_exec, ctx)
  File "/root/kp/.venv/lib/python3.13/site-packages/streamlit/runtime/scriptrunner/exec_code.py", line 129, in exec_func_with_error_handling
    result = func()
  File "/root/kp/.venv/lib/python3.13/site-packages/streamlit/runtime/scriptrunner/script_runner.py", line 689, in code_to_exec
    exec(code, module.__dict__)  # noqa: S102
  File "/root/kp/retail/rpoc/src/rpoc/app.py", line 38, in <module>
    pg.run()
  File "/root/kp/.venv/lib/python3.13/site-packages/streamlit/navigation/page.py", line 380, in run
    exec(code, module.__dict__)  # noqa: S102
  File "/root/kp/retail/rpoc/src/rpoc/pages_/orders_.py", line 80, in <module>
    elif col_s.checkbox(
  File "/root/kp/.venv/lib/python3.13/site-packages/streamlit/runtime/metrics_util.py", line 532, in wrapped_func
    result = non_optional_func(*args, **kwargs)
  File "/root/kp/.venv/lib/python3.13/site-packages/streamlit/elements/widgets/checkbox.py", line 202, in checkbox
    return self._checkbox(
  File "/root/kp/.venv/lib/python3.13/site-packages/streamlit/elements/widgets/checkbox.py", line 396, in _checkbox
    maybe_raise_label_warnings(label, label_visibility)
  File "/root/kp/.venv/lib/python3.13/site-packages/streamlit/elements/lib/policies.py", line 187, in maybe_raise_label_warnings
    _LOGGER.warning(
2026-04-30 02:53:12.189 `label` got an empty value. This is discouraged for accessibility reasons and may be disallowed in the future by raising an exception. Please provide a non-empty label and hide it with label_visibility if needed.
Stack (most recent call last):
  File "/root/.local/share/uv/python/cpython-3.13.11-linux-x86_64-gnu/lib/python3.13/threading.py", line 1015, in _bootstrap
    self._bootstrap_inner()
  File "/root/.local/share/uv/python/cpython-3.13.11-linux-x86_64-gnu/lib/python3.13/threading.py", line 1044, in _bootstrap_inner
    self.run()
  File "/root/.local/share/uv/python/cpython-3.13.11-linux-x86_64-gnu/lib/python3.13/threading.py", line 995, in run
    self._target(*self._args, **self._kwargs)
  File "/root/kp/.venv/lib/python3.13/site-packages/streamlit/runtime/scriptrunner/script_runner.py", line 379, in _run_script_thread
    self._run_script(request.rerun_data)
  File "/root/kp/.venv/lib/python3.13/site-packages/streamlit/runtime/scriptrunner/script_runner.py", line 705, in _run_script
    ) = exec_func_with_error_handling(code_to_exec, ctx)
  File "/root/kp/.venv/lib/python3.13/site-packages/streamlit/runtime/scriptrunner/exec_code.py", line 129, in exec_func_with_error_handling
    result = func()
  File "/root/kp/.venv/lib/python3.13/site-packages/streamlit/runtime/scriptrunner/script_runner.py", line 689, in code_to_exec
    exec(code, module.__dict__)  # noqa: S102
  File "/root/kp/retail/rpoc/src/rpoc/app.py", line 38, in <module>
    pg.run()
  File "/root/kp/.venv/lib/python3.13/site-packages/streamlit/navigation/page.py", line 380, in run
    exec(code, module.__dict__)  # noqa: S102
  File "/root/kp/retail/rpoc/src/rpoc/pages_/orders_.py", line 80, in <module>
    elif col_s.checkbox(
  File "/root/kp/.venv/lib/python3.13/site-packages/streamlit/runtime/metrics_util.py", line 532, in wrapped_func
    result = non_optional_func(*args, **kwargs)
  File "/root/kp/.venv/lib/python3.13/site-packages/streamlit/elements/widgets/checkbox.py", line 202, in checkbox
    return self._checkbox(
  File "/root/kp/.venv/lib/python3.13/site-packages/streamlit/elements/widgets/checkbox.py", line 396, in _checkbox
    maybe_raise_label_warnings(label, label_visibility)
  File "/root/kp/.venv/lib/python3.13/site-packages/streamlit/elements/lib/policies.py", line 187, in maybe_raise_label_warnings
    _LOGGER.warning(
2026-04-30 02:53:24.381 `label` got an empty value. This is discouraged for accessibility reasons and may be disallowed in the future by raising an exception. Please provide a non-empty label and hide it with label_visibility if needed.
Stack (most recent call last):
  File "/root/.local/share/uv/python/cpython-3.13.11-linux-x86_64-gnu/lib/python3.13/threading.py", line 1015, in _bootstrap
    self._bootstrap_inner()
  File "/root/.local/share/uv/python/cpython-3.13.11-linux-x86_64-gnu/lib/python3.13/threading.py", line 1044, in _bootstrap_inner
    self.run()
  File "/root/.local/share/uv/python/cpython-3.13.11-linux-x86_64-gnu/lib/python3.13/threading.py", line 995, in run
    self._target(*self._args, **self._kwargs)
  File "/root/kp/.venv/lib/python3.13/site-packages/streamlit/runtime/scriptrunner/script_runner.py", line 379, in _run_script_thread
    self._run_script(request.rerun_data)
  File "/root/kp/.venv/lib/python3.13/site-packages/streamlit/runtime/scriptrunner/script_runner.py", line 705, in _run_script
    ) = exec_func_with_error_handling(code_to_exec, ctx)
  File "/root/kp/.venv/lib/python3.13/site-packages/streamlit/runtime/scriptrunner/exec_code.py", line 129, in exec_func_with_error_handling
    result = func()
  File "/root/kp/.venv/lib/python3.13/site-packages/streamlit/runtime/scriptrunner/script_runner.py", line 689, in code_to_exec
    exec(code, module.__dict__)  # noqa: S102
  File "/root/kp/retail/rpoc/src/rpoc/app.py", line 38, in <module>
    pg.run()
  File "/root/kp/.venv/lib/python3.13/site-packages/streamlit/navigation/page.py", line 380, in run
    exec(code, module.__dict__)  # noqa: S102
  File "/root/kp/retail/rpoc/src/rpoc/pages_/orders_.py", line 80, in <module>
    elif col_s.checkbox(
  File "/root/kp/.venv/lib/python3.13/site-packages/streamlit/runtime/metrics_util.py", line 532, in wrapped_func
    result = non_optional_func(*args, **kwargs)
  File "/root/kp/.venv/lib/python3.13/site-packages/streamlit/elements/widgets/checkbox.py", line 202, in checkbox
    return self._checkbox(
  File "/root/kp/.venv/lib/python3.13/site-packages/streamlit/elements/widgets/checkbox.py", line 396, in _checkbox
    maybe_raise_label_warnings(label, label_visibility)
  File "/root/kp/.venv/lib/python3.13/site-packages/streamlit/elements/lib/policies.py", line 187, in maybe_raise_label_warnings
    _LOGGER.warning(
2026-04-30 02:53:29.992 `label` got an empty value. This is discouraged for accessibility reasons and may be disallowed in the future by raising an exception. Please provide a non-empty label and hide it with label_visibility if needed.
Stack (most recent call last):
  File "/root/.local/share/uv/python/cpython-3.13.11-linux-x86_64-gnu/lib/python3.13/threading.py", line 1015, in _bootstrap
    self._bootstrap_inner()
  File "/root/.local/share/uv/python/cpython-3.13.11-linux-x86_64-gnu/lib/python3.13/threading.py", line 1044, in _bootstrap_inner
    self.run()
  File "/root/.local/share/uv/python/cpython-3.13.11-linux-x86_64-gnu/lib/python3.13/threading.py", line 995, in run
    self._target(*self._args, **self._kwargs)
  File "/root/kp/.venv/lib/python3.13/site-packages/streamlit/runtime/scriptrunner/script_runner.py", line 379, in _run_script_thread
    self._run_script(request.rerun_data)
  File "/root/kp/.venv/lib/python3.13/site-packages/streamlit/runtime/scriptrunner/script_runner.py", line 705, in _run_script
    ) = exec_func_with_error_handling(code_to_exec, ctx)
  File "/root/kp/.venv/lib/python3.13/site-packages/streamlit/runtime/scriptrunner/exec_code.py", line 129, in exec_func_with_error_handling
    result = func()
  File "/root/kp/.venv/lib/python3.13/site-packages/streamlit/runtime/scriptrunner/script_runner.py", line 689, in code_to_exec
    exec(code, module.__dict__)  # noqa: S102
  File "/root/kp/retail/rpoc/src/rpoc/app.py", line 38, in <module>
    pg.run()
  File "/root/kp/.venv/lib/python3.13/site-packages/streamlit/navigation/page.py", line 380, in run
    exec(code, module.__dict__)  # noqa: S102
  File "/root/kp/retail/rpoc/src/rpoc/pages_/orders_.py", line 80, in <module>
    elif col_s.checkbox(
  File "/root/kp/.venv/lib/python3.13/site-packages/streamlit/runtime/metrics_util.py", line 532, in wrapped_func
    result = non_optional_func(*args, **kwargs)
  File "/root/kp/.venv/lib/python3.13/site-packages/streamlit/elements/widgets/checkbox.py", line 202, in checkbox
    return self._checkbox(
  File "/root/kp/.venv/lib/python3.13/site-packages/streamlit/elements/widgets/checkbox.py", line 396, in _checkbox
    maybe_raise_label_warnings(label, label_visibility)
  File "/root/kp/.venv/lib/python3.13/site-packages/streamlit/elements/lib/policies.py", line 187, in maybe_raise_label_warnings
    _LOGGER.warning(
2026-04-30 02:53:32.463 `label` got an empty value. This is discouraged for accessibility reasons and may be disallowed in the future by raising an exception. Please provide a non-empty label and hide it with label_visibility if needed.
Stack (most recent call last):
  File "/root/.local/share/uv/python/cpython-3.13.11-linux-x86_64-gnu/lib/python3.13/threading.py", line 1015, in _bootstrap
    self._bootstrap_inner()
  File "/root/.local/share/uv/python/cpython-3.13.11-linux-x86_64-gnu/lib/python3.13/threading.py", line 1044, in _bootstrap_inner
    self.run()
  File "/root/.local/share/uv/python/cpython-3.13.11-linux-x86_64-gnu/lib/python3.13/threading.py", line 995, in run
    self._target(*self._args, **self._kwargs)
  File "/root/kp/.venv/lib/python3.13/site-packages/streamlit/runtime/scriptrunner/script_runner.py", line 379, in _run_script_thread
    self._run_script(request.rerun_data)
  File "/root/kp/.venv/lib/python3.13/site-packages/streamlit/runtime/scriptrunner/script_runner.py", line 705, in _run_script
    ) = exec_func_with_error_handling(code_to_exec, ctx)
  File "/root/kp/.venv/lib/python3.13/site-packages/streamlit/runtime/scriptrunner/exec_code.py", line 129, in exec_func_with_error_handling
    result = func()
  File "/root/kp/.venv/lib/python3.13/site-packages/streamlit/runtime/scriptrunner/script_runner.py", line 689, in code_to_exec
    exec(code, module.__dict__)  # noqa: S102
  File "/root/kp/retail/rpoc/src/rpoc/app.py", line 38, in <module>
    pg.run()
  File "/root/kp/.venv/lib/python3.13/site-packages/streamlit/navigation/page.py", line 380, in run
    exec(code, module.__dict__)  # noqa: S102
  File "/root/kp/retail/rpoc/src/rpoc/pages_/orders_.py", line 80, in <module>
    elif col_s.checkbox(
  File "/root/kp/.venv/lib/python3.13/site-packages/streamlit/runtime/metrics_util.py", line 532, in wrapped_func
    result = non_optional_func(*args, **kwargs)
  File "/root/kp/.venv/lib/python3.13/site-packages/streamlit/elements/widgets/checkbox.py", line 202, in checkbox
    return self._checkbox(
  File "/root/kp/.venv/lib/python3.13/site-packages/streamlit/elements/widgets/checkbox.py", line 396, in _checkbox
    maybe_raise_label_warnings(label, label_visibility)
  File "/root/kp/.venv/lib/python3.13/site-packages/streamlit/elements/lib/policies.py", line 187, in maybe_raise_label_warnings
    _LOGGER.warning(
2026-04-30 02:53:32.619 `label` got an empty value. This is discouraged for accessibility reasons and may be disallowed in the future by raising an exception. Please provide a non-empty label and hide it with label_visibility if needed.
Stack (most recent call last):
  File "/root/.local/share/uv/python/cpython-3.13.11-linux-x86_64-gnu/lib/python3.13/threading.py", line 1015, in _bootstrap
    self._bootstrap_inner()
  File "/root/.local/share/uv/python/cpython-3.13.11-linux-x86_64-gnu/lib/python3.13/threading.py", line 1044, in _bootstrap_inner
    self.run()
  File "/root/.local/share/uv/python/cpython-3.13.11-linux-x86_64-gnu/lib/python3.13/threading.py", line 995, in run
    self._target(*self._args, **self._kwargs)
  File "/root/kp/.venv/lib/python3.13/site-packages/streamlit/runtime/scriptrunner/script_runner.py", line 379, in _run_script_thread
    self._run_script(request.rerun_data)
  File "/root/kp/.venv/lib/python3.13/site-packages/streamlit/runtime/scriptrunner/script_runner.py", line 705, in _run_script
    ) = exec_func_with_error_handling(code_to_exec, ctx)
  File "/root/kp/.venv/lib/python3.13/site-packages/streamlit/runtime/scriptrunner/exec_code.py", line 129, in exec_func_with_error_handling
    result = func()
  File "/root/kp/.venv/lib/python3.13/site-packages/streamlit/runtime/scriptrunner/script_runner.py", line 689, in code_to_exec
    exec(code, module.__dict__)  # noqa: S102
  File "/root/kp/retail/rpoc/src/rpoc/app.py", line 38, in <module>
    pg.run()
  File "/root/kp/.venv/lib/python3.13/site-packages/streamlit/navigation/page.py", line 380, in run
    exec(code, module.__dict__)  # noqa: S102
  File "/root/kp/retail/rpoc/src/rpoc/pages_/orders_.py", line 80, in <module>
    elif col_s.checkbox(
  File "/root/kp/.venv/lib/python3.13/site-packages/streamlit/runtime/metrics_util.py", line 532, in wrapped_func
    result = non_optional_func(*args, **kwargs)
  File "/root/kp/.venv/lib/python3.13/site-packages/streamlit/elements/widgets/checkbox.py", line 202, in checkbox
    return self._checkbox(
  File "/root/kp/.venv/lib/python3.13/site-packages/streamlit/elements/widgets/checkbox.py", line 396, in _checkbox
    maybe_raise_label_warnings(label, label_visibility)
  File "/root/kp/.venv/lib/python3.13/site-packages/streamlit/elements/lib/policies.py", line 187, in maybe_raise_label_warnings
    _LOGGER.warning(
2026-04-30 02:53:38.504 `label` got an empty value. This is discouraged for accessibility reasons and may be disallowed in the future by raising an exception. Please provide a non-empty label and hide it with label_visibility if needed.
Stack (most recent call last):
  File "/root/.local/share/uv/python/cpython-3.13.11-linux-x86_64-gnu/lib/python3.13/threading.py", line 1015, in _bootstrap
    self._bootstrap_inner()
  File "/root/.local/share/uv/python/cpython-3.13.11-linux-x86_64-gnu/lib/python3.13/threading.py", line 1044, in _bootstrap_inner
    self.run()
  File "/root/.local/share/uv/python/cpython-3.13.11-linux-x86_64-gnu/lib/python3.13/threading.py", line 995, in run
    self._target(*self._args, **self._kwargs)
  File "/root/kp/.venv/lib/python3.13/site-packages/streamlit/runtime/scriptrunner/script_runner.py", line 379, in _run_script_thread
    self._run_script(request.rerun_data)
  File "/root/kp/.venv/lib/python3.13/site-packages/streamlit/runtime/scriptrunner/script_runner.py", line 705, in _run_script
    ) = exec_func_with_error_handling(code_to_exec, ctx)
  File "/root/kp/.venv/lib/python3.13/site-packages/streamlit/runtime/scriptrunner/exec_code.py", line 129, in exec_func_with_error_handling
    result = func()
  File "/root/kp/.venv/lib/python3.13/site-packages/streamlit/runtime/scriptrunner/script_runner.py", line 689, in code_to_exec
    exec(code, module.__dict__)  # noqa: S102
  File "/root/kp/retail/rpoc/src/rpoc/app.py", line 38, in <module>
    pg.run()
  File "/root/kp/.venv/lib/python3.13/site-packages/streamlit/navigation/page.py", line 380, in run
    exec(code, module.__dict__)  # noqa: S102
  File "/root/kp/retail/rpoc/src/rpoc/pages_/orders_.py", line 80, in <module>
    elif col_s.checkbox(
  File "/root/kp/.venv/lib/python3.13/site-packages/streamlit/runtime/metrics_util.py", line 532, in wrapped_func
    result = non_optional_func(*args, **kwargs)
  File "/root/kp/.venv/lib/python3.13/site-packages/streamlit/elements/widgets/checkbox.py", line 202, in checkbox
    return self._checkbox(
  File "/root/kp/.venv/lib/python3.13/site-packages/streamlit/elements/widgets/checkbox.py", line 396, in _checkbox
    maybe_raise_label_warnings(label, label_visibility)
  File "/root/kp/.venv/lib/python3.13/site-packages/streamlit/elements/lib/policies.py", line 187, in maybe_raise_label_warnings
    _LOGGER.warning(
2026-04-30 02:54:16.788 Please replace `use_container_width` with `width`.

`use_container_width` will be removed after 2025-12-31.

For `use_container_width=True`, use `width='stretch'`. For `use_container_width=False`, use `width='content'`.
2026-04-30 02:54:17.595 Please replace `use_container_width` with `width`.

`use_container_width` will be removed after 2025-12-31.

For `use_container_width=True`, use `width='stretch'`. For `use_container_width=False`, use `width='content'`.
2026-04-30 02:54:18.290 Please replace `use_container_width` with `width`.

`use_container_width` will be removed after 2025-12-31.

For `use_container_width=True`, use `width='stretch'`. For `use_container_width=False`, use `width='content'`.
2026-04-30 02:54:18.878 Please replace `use_container_width` with `width`.

`use_container_width` will be removed after 2025-12-31.

For `use_container_width=True`, use `width='stretch'`. For `use_container_width=False`, use `width='content'`.
2026-04-30 02:54:21.791 Please replace `use_container_width` with `width`.

`use_container_width` will be removed after 2025-12-31.

For `use_container_width=True`, use `width='stretch'`. For `use_container_width=False`, use `width='content'`.
2026-04-30 02:54:23.456 Please replace `use_container_width` with `width`.

`use_container_width` will be removed after 2025-12-31.

For `use_container_width=True`, use `width='stretch'`. For `use_container_width=False`, use `width='content'`.
2026-04-30 02:54:24.555 `label` got an empty value. This is discouraged for accessibility reasons and may be disallowed in the future by raising an exception. Please provide a non-empty label and hide it with label_visibility if needed.
Stack (most recent call last):
  File "/root/.local/share/uv/python/cpython-3.13.11-linux-x86_64-gnu/lib/python3.13/threading.py", line 1015, in _bootstrap
    self._bootstrap_inner()
  File "/root/.local/share/uv/python/cpython-3.13.11-linux-x86_64-gnu/lib/python3.13/threading.py", line 1044, in _bootstrap_inner
    self.run()
  File "/root/.local/share/uv/python/cpython-3.13.11-linux-x86_64-gnu/lib/python3.13/threading.py", line 995, in run
    self._target(*self._args, **self._kwargs)
  File "/root/kp/.venv/lib/python3.13/site-packages/streamlit/runtime/scriptrunner/script_runner.py", line 379, in _run_script_thread
    self._run_script(request.rerun_data)
  File "/root/kp/.venv/lib/python3.13/site-packages/streamlit/runtime/scriptrunner/script_runner.py", line 705, in _run_script
    ) = exec_func_with_error_handling(code_to_exec, ctx)
  File "/root/kp/.venv/lib/python3.13/site-packages/streamlit/runtime/scriptrunner/exec_code.py", line 129, in exec_func_with_error_handling
    result = func()
  File "/root/kp/.venv/lib/python3.13/site-packages/streamlit/runtime/scriptrunner/script_runner.py", line 689, in code_to_exec
    exec(code, module.__dict__)  # noqa: S102
  File "/root/kp/retail/rpoc/src/rpoc/app.py", line 38, in <module>
    pg.run()
  File "/root/kp/.venv/lib/python3.13/site-packages/streamlit/navigation/page.py", line 380, in run
    exec(code, module.__dict__)  # noqa: S102
  File "/root/kp/retail/rpoc/src/rpoc/pages_/orders_.py", line 80, in <module>
    elif col_s.checkbox(
  File "/root/kp/.venv/lib/python3.13/site-packages/streamlit/runtime/metrics_util.py", line 532, in wrapped_func
    result = non_optional_func(*args, **kwargs)
  File "/root/kp/.venv/lib/python3.13/site-packages/streamlit/elements/widgets/checkbox.py", line 202, in checkbox
    return self._checkbox(
  File "/root/kp/.venv/lib/python3.13/site-packages/streamlit/elements/widgets/checkbox.py", line 396, in _checkbox
    maybe_raise_label_warnings(label, label_visibility)
  File "/root/kp/.venv/lib/python3.13/site-packages/streamlit/elements/lib/policies.py", line 187, in maybe_raise_label_warnings
    _LOGGER.warning(
2026-04-30 02:54:27.634 `label` got an empty value. This is discouraged for accessibility reasons and may be disallowed in the future by raising an exception. Please provide a non-empty label and hide it with label_visibility if needed.
Stack (most recent call last):
  File "/root/.local/share/uv/python/cpython-3.13.11-linux-x86_64-gnu/lib/python3.13/threading.py", line 1015, in _bootstrap
    self._bootstrap_inner()
  File "/root/.local/share/uv/python/cpython-3.13.11-linux-x86_64-gnu/lib/python3.13/threading.py", line 1044, in _bootstrap_inner
    self.run()
  File "/root/.local/share/uv/python/cpython-3.13.11-linux-x86_64-gnu/lib/python3.13/threading.py", line 995, in run
    self._target(*self._args, **self._kwargs)
  File "/root/kp/.venv/lib/python3.13/site-packages/streamlit/runtime/scriptrunner/script_runner.py", line 379, in _run_script_thread
    self._run_script(request.rerun_data)
  File "/root/kp/.venv/lib/python3.13/site-packages/streamlit/runtime/scriptrunner/script_runner.py", line 705, in _run_script
    ) = exec_func_with_error_handling(code_to_exec, ctx)
  File "/root/kp/.venv/lib/python3.13/site-packages/streamlit/runtime/scriptrunner/exec_code.py", line 129, in exec_func_with_error_handling
    result = func()
  File "/root/kp/.venv/lib/python3.13/site-packages/streamlit/runtime/scriptrunner/script_runner.py", line 689, in code_to_exec
    exec(code, module.__dict__)  # noqa: S102
  File "/root/kp/retail/rpoc/src/rpoc/app.py", line 38, in <module>
    pg.run()
  File "/root/kp/.venv/lib/python3.13/site-packages/streamlit/navigation/page.py", line 380, in run
    exec(code, module.__dict__)  # noqa: S102
  File "/root/kp/retail/rpoc/src/rpoc/pages_/orders_.py", line 80, in <module>
    elif col_s.checkbox(
  File "/root/kp/.venv/lib/python3.13/site-packages/streamlit/runtime/metrics_util.py", line 532, in wrapped_func
    result = non_optional_func(*args, **kwargs)
  File "/root/kp/.venv/lib/python3.13/site-packages/streamlit/elements/widgets/checkbox.py", line 202, in checkbox
    return self._checkbox(
  File "/root/kp/.venv/lib/python3.13/site-packages/streamlit/elements/widgets/checkbox.py", line 396, in _checkbox
    maybe_raise_label_warnings(label, label_visibility)
  File "/root/kp/.venv/lib/python3.13/site-packages/streamlit/elements/lib/policies.py", line 187, in maybe_raise_label_warnings
    _LOGGER.warning(
2026-04-30 02:54:41.942 `label` got an empty value. This is discouraged for accessibility reasons and may be disallowed in the future by raising an exception. Please provide a non-empty label and hide it with label_visibility if needed.
Stack (most recent call last):
  File "/root/.local/share/uv/python/cpython-3.13.11-linux-x86_64-gnu/lib/python3.13/threading.py", line 1015, in _bootstrap
    self._bootstrap_inner()
  File "/root/.local/share/uv/python/cpython-3.13.11-linux-x86_64-gnu/lib/python3.13/threading.py", line 1044, in _bootstrap_inner
    self.run()
  File "/root/.local/share/uv/python/cpython-3.13.11-linux-x86_64-gnu/lib/python3.13/threading.py", line 995, in run
    self._target(*self._args, **self._kwargs)
  File "/root/kp/.venv/lib/python3.13/site-packages/streamlit/runtime/scriptrunner/script_runner.py", line 379, in _run_script_thread
    self._run_script(request.rerun_data)
  File "/root/kp/.venv/lib/python3.13/site-packages/streamlit/runtime/scriptrunner/script_runner.py", line 705, in _run_script
    ) = exec_func_with_error_handling(code_to_exec, ctx)
  File "/root/kp/.venv/lib/python3.13/site-packages/streamlit/runtime/scriptrunner/exec_code.py", line 129, in exec_func_with_error_handling
    result = func()
  File "/root/kp/.venv/lib/python3.13/site-packages/streamlit/runtime/scriptrunner/script_runner.py", line 689, in code_to_exec
    exec(code, module.__dict__)  # noqa: S102
  File "/root/kp/retail/rpoc/src/rpoc/app.py", line 38, in <module>
    pg.run()
  File "/root/kp/.venv/lib/python3.13/site-packages/streamlit/navigation/page.py", line 380, in run
    exec(code, module.__dict__)  # noqa: S102
  File "/root/kp/retail/rpoc/src/rpoc/pages_/orders_.py", line 80, in <module>
    elif col_s.checkbox(
  File "/root/kp/.venv/lib/python3.13/site-packages/streamlit/runtime/metrics_util.py", line 532, in wrapped_func
    result = non_optional_func(*args, **kwargs)
  File "/root/kp/.venv/lib/python3.13/site-packages/streamlit/elements/widgets/checkbox.py", line 202, in checkbox
    return self._checkbox(
  File "/root/kp/.venv/lib/python3.13/site-packages/streamlit/elements/widgets/checkbox.py", line 396, in _checkbox
    maybe_raise_label_warnings(label, label_visibility)
  File "/root/kp/.venv/lib/python3.13/site-packages/streamlit/elements/lib/policies.py", line 187, in maybe_raise_label_warnings
    _LOGGER.warning(
2026-04-30 02:54:54.507 `label` got an empty value. This is discouraged for accessibility reasons and may be disallowed in the future by raising an exception. Please provide a non-empty label and hide it with label_visibility if needed.
Stack (most recent call last):
  File "/root/.local/share/uv/python/cpython-3.13.11-linux-x86_64-gnu/lib/python3.13/threading.py", line 1015, in _bootstrap
    self._bootstrap_inner()
  File "/root/.local/share/uv/python/cpython-3.13.11-linux-x86_64-gnu/lib/python3.13/threading.py", line 1044, in _bootstrap_inner
    self.run()
  File "/root/.local/share/uv/python/cpython-3.13.11-linux-x86_64-gnu/lib/python3.13/threading.py", line 995, in run
    self._target(*self._args, **self._kwargs)
  File "/root/kp/.venv/lib/python3.13/site-packages/streamlit/runtime/scriptrunner/script_runner.py", line 379, in _run_script_thread
    self._run_script(request.rerun_data)
  File "/root/kp/.venv/lib/python3.13/site-packages/streamlit/runtime/scriptrunner/script_runner.py", line 705, in _run_script
    ) = exec_func_with_error_handling(code_to_exec, ctx)
  File "/root/kp/.venv/lib/python3.13/site-packages/streamlit/runtime/scriptrunner/exec_code.py", line 129, in exec_func_with_error_handling
    result = func()
  File "/root/kp/.venv/lib/python3.13/site-packages/streamlit/runtime/scriptrunner/script_runner.py", line 689, in code_to_exec
    exec(code, module.__dict__)  # noqa: S102
  File "/root/kp/retail/rpoc/src/rpoc/app.py", line 38, in <module>
    pg.run()
  File "/root/kp/.venv/lib/python3.13/site-packages/streamlit/navigation/page.py", line 380, in run
    exec(code, module.__dict__)  # noqa: S102
  File "/root/kp/retail/rpoc/src/rpoc/pages_/orders_.py", line 80, in <module>
    elif col_s.checkbox(
  File "/root/kp/.venv/lib/python3.13/site-packages/streamlit/runtime/metrics_util.py", line 532, in wrapped_func
    result = non_optional_func(*args, **kwargs)
  File "/root/kp/.venv/lib/python3.13/site-packages/streamlit/elements/widgets/checkbox.py", line 202, in checkbox
    return self._checkbox(
  File "/root/kp/.venv/lib/python3.13/site-packages/streamlit/elements/widgets/checkbox.py", line 396, in _checkbox
    maybe_raise_label_warnings(label, label_visibility)
  File "/root/kp/.venv/lib/python3.13/site-packages/streamlit/elements/lib/policies.py", line 187, in maybe_raise_label_warnings
    _LOGGER.warning(
2026-04-30 02:57:30.384 `label` got an empty value. This is discouraged for accessibility reasons and may be disallowed in the future by raising an exception. Please provide a non-empty label and hide it with label_visibility if needed.
Stack (most recent call last):
  File "/root/.local/share/uv/python/cpython-3.13.11-linux-x86_64-gnu/lib/python3.13/threading.py", line 1015, in _bootstrap
    self._bootstrap_inner()
  File "/root/.local/share/uv/python/cpython-3.13.11-linux-x86_64-gnu/lib/python3.13/threading.py", line 1044, in _bootstrap_inner
    self.run()
  File "/root/.local/share/uv/python/cpython-3.13.11-linux-x86_64-gnu/lib/python3.13/threading.py", line 995, in run
    self._target(*self._args, **self._kwargs)
  File "/root/kp/.venv/lib/python3.13/site-packages/streamlit/runtime/scriptrunner/script_runner.py", line 379, in _run_script_thread
    self._run_script(request.rerun_data)
  File "/root/kp/.venv/lib/python3.13/site-packages/streamlit/runtime/scriptrunner/script_runner.py", line 705, in _run_script
    ) = exec_func_with_error_handling(code_to_exec, ctx)
  File "/root/kp/.venv/lib/python3.13/site-packages/streamlit/runtime/scriptrunner/exec_code.py", line 129, in exec_func_with_error_handling
    result = func()
  File "/root/kp/.venv/lib/python3.13/site-packages/streamlit/runtime/scriptrunner/script_runner.py", line 689, in code_to_exec
    exec(code, module.__dict__)  # noqa: S102
  File "/root/kp/retail/rpoc/src/rpoc/app.py", line 38, in <module>
    pg.run()
  File "/root/kp/.venv/lib/python3.13/site-packages/streamlit/navigation/page.py", line 380, in run
    exec(code, module.__dict__)  # noqa: S102
  File "/root/kp/retail/rpoc/src/rpoc/pages_/orders_.py", line 80, in <module>
    elif col_s.checkbox(
  File "/root/kp/.venv/lib/python3.13/site-packages/streamlit/runtime/metrics_util.py", line 532, in wrapped_func
    result = non_optional_func(*args, **kwargs)
  File "/root/kp/.venv/lib/python3.13/site-packages/streamlit/elements/widgets/checkbox.py", line 202, in checkbox
    return self._checkbox(
  File "/root/kp/.venv/lib/python3.13/site-packages/streamlit/elements/widgets/checkbox.py", line 396, in _checkbox
    maybe_raise_label_warnings(label, label_visibility)
  File "/root/kp/.venv/lib/python3.13/site-packages/streamlit/elements/lib/policies.py", line 187, in maybe_raise_label_warnings
    _LOGGER.warning(
2026-04-30 02:57:36.915 `label` got an empty value. This is discouraged for accessibility reasons and may be disallowed in the future by raising an exception. Please provide a non-empty label and hide it with label_visibility if needed.
Stack (most recent call last):
  File "/root/.local/share/uv/python/cpython-3.13.11-linux-x86_64-gnu/lib/python3.13/threading.py", line 1015, in _bootstrap
    self._bootstrap_inner()
  File "/root/.local/share/uv/python/cpython-3.13.11-linux-x86_64-gnu/lib/python3.13/threading.py", line 1044, in _bootstrap_inner
    self.run()
  File "/root/.local/share/uv/python/cpython-3.13.11-linux-x86_64-gnu/lib/python3.13/threading.py", line 995, in run
    self._target(*self._args, **self._kwargs)
  File "/root/kp/.venv/lib/python3.13/site-packages/streamlit/runtime/scriptrunner/script_runner.py", line 379, in _run_script_thread
    self._run_script(request.rerun_data)
  File "/root/kp/.venv/lib/python3.13/site-packages/streamlit/runtime/scriptrunner/script_runner.py", line 705, in _run_script
    ) = exec_func_with_error_handling(code_to_exec, ctx)
  File "/root/kp/.venv/lib/python3.13/site-packages/streamlit/runtime/scriptrunner/exec_code.py", line 129, in exec_func_with_error_handling
    result = func()
  File "/root/kp/.venv/lib/python3.13/site-packages/streamlit/runtime/scriptrunner/script_runner.py", line 689, in code_to_exec
    exec(code, module.__dict__)  # noqa: S102
  File "/root/kp/retail/rpoc/src/rpoc/app.py", line 38, in <module>
    pg.run()
  File "/root/kp/.venv/lib/python3.13/site-packages/streamlit/navigation/page.py", line 380, in run
    exec(code, module.__dict__)  # noqa: S102
  File "/root/kp/retail/rpoc/src/rpoc/pages_/orders_.py", line 80, in <module>
    elif col_s.checkbox(
  File "/root/kp/.venv/lib/python3.13/site-packages/streamlit/runtime/metrics_util.py", line 532, in wrapped_func
    result = non_optional_func(*args, **kwargs)
  File "/root/kp/.venv/lib/python3.13/site-packages/streamlit/elements/widgets/checkbox.py", line 202, in checkbox
    return self._checkbox(
  File "/root/kp/.venv/lib/python3.13/site-packages/streamlit/elements/widgets/checkbox.py", line 396, in _checkbox
    maybe_raise_label_warnings(label, label_visibility)
  File "/root/kp/.venv/lib/python3.13/site-packages/streamlit/elements/lib/policies.py", line 187, in maybe_raise_label_warnings
    _LOGGER.warning(
2026-04-30 02:57:41.636 `label` got an empty value. This is discouraged for accessibility reasons and may be disallowed in the future by raising an exception. Please provide a non-empty label and hide it with label_visibility if needed.
Stack (most recent call last):
  File "/root/.local/share/uv/python/cpython-3.13.11-linux-x86_64-gnu/lib/python3.13/threading.py", line 1015, in _bootstrap
    self._bootstrap_inner()
  File "/root/.local/share/uv/python/cpython-3.13.11-linux-x86_64-gnu/lib/python3.13/threading.py", line 1044, in _bootstrap_inner
    self.run()
  File "/root/.local/share/uv/python/cpython-3.13.11-linux-x86_64-gnu/lib/python3.13/threading.py", line 995, in run
    self._target(*self._args, **self._kwargs)
  File "/root/kp/.venv/lib/python3.13/site-packages/streamlit/runtime/scriptrunner/script_runner.py", line 379, in _run_script_thread
    self._run_script(request.rerun_data)
  File "/root/kp/.venv/lib/python3.13/site-packages/streamlit/runtime/scriptrunner/script_runner.py", line 705, in _run_script
    ) = exec_func_with_error_handling(code_to_exec, ctx)
  File "/root/kp/.venv/lib/python3.13/site-packages/streamlit/runtime/scriptrunner/exec_code.py", line 129, in exec_func_with_error_handling
    result = func()
  File "/root/kp/.venv/lib/python3.13/site-packages/streamlit/runtime/scriptrunner/script_runner.py", line 689, in code_to_exec
    exec(code, module.__dict__)  # noqa: S102
  File "/root/kp/retail/rpoc/src/rpoc/app.py", line 38, in <module>
    pg.run()
  File "/root/kp/.venv/lib/python3.13/site-packages/streamlit/navigation/page.py", line 380, in run
    exec(code, module.__dict__)  # noqa: S102
  File "/root/kp/retail/rpoc/src/rpoc/pages_/orders_.py", line 80, in <module>
    elif col_s.checkbox(
  File "/root/kp/.venv/lib/python3.13/site-packages/streamlit/runtime/metrics_util.py", line 532, in wrapped_func
    result = non_optional_func(*args, **kwargs)
  File "/root/kp/.venv/lib/python3.13/site-packages/streamlit/elements/widgets/checkbox.py", line 202, in checkbox
    return self._checkbox(
  File "/root/kp/.venv/lib/python3.13/site-packages/streamlit/elements/widgets/checkbox.py", line 396, in _checkbox
    maybe_raise_label_warnings(label, label_visibility)
  File "/root/kp/.venv/lib/python3.13/site-packages/streamlit/elements/lib/policies.py", line 187, in maybe_raise_label_warnings
    _LOGGER.warning(
2026-04-30 02:57:43.397 `label` got an empty value. This is discouraged for accessibility reasons and may be disallowed in the future by raising an exception. Please provide a non-empty label and hide it with label_visibility if needed.
Stack (most recent call last):
  File "/root/.local/share/uv/python/cpython-3.13.11-linux-x86_64-gnu/lib/python3.13/threading.py", line 1015, in _bootstrap
    self._bootstrap_inner()
  File "/root/.local/share/uv/python/cpython-3.13.11-linux-x86_64-gnu/lib/python3.13/threading.py", line 1044, in _bootstrap_inner
    self.run()
  File "/root/.local/share/uv/python/cpython-3.13.11-linux-x86_64-gnu/lib/python3.13/threading.py", line 995, in run
    self._target(*self._args, **self._kwargs)
  File "/root/kp/.venv/lib/python3.13/site-packages/streamlit/runtime/scriptrunner/script_runner.py", line 379, in _run_script_thread
    self._run_script(request.rerun_data)
  File "/root/kp/.venv/lib/python3.13/site-packages/streamlit/runtime/scriptrunner/script_runner.py", line 705, in _run_script
    ) = exec_func_with_error_handling(code_to_exec, ctx)
  File "/root/kp/.venv/lib/python3.13/site-packages/streamlit/runtime/scriptrunner/exec_code.py", line 129, in exec_func_with_error_handling
    result = func()
  File "/root/kp/.venv/lib/python3.13/site-packages/streamlit/runtime/scriptrunner/script_runner.py", line 689, in code_to_exec
    exec(code, module.__dict__)  # noqa: S102
  File "/root/kp/retail/rpoc/src/rpoc/app.py", line 38, in <module>
    pg.run()
  File "/root/kp/.venv/lib/python3.13/site-packages/streamlit/navigation/page.py", line 380, in run
    exec(code, module.__dict__)  # noqa: S102
  File "/root/kp/retail/rpoc/src/rpoc/pages_/orders_.py", line 80, in <module>
    elif col_s.checkbox(
  File "/root/kp/.venv/lib/python3.13/site-packages/streamlit/runtime/metrics_util.py", line 532, in wrapped_func
    result = non_optional_func(*args, **kwargs)
  File "/root/kp/.venv/lib/python3.13/site-packages/streamlit/elements/widgets/checkbox.py", line 202, in checkbox
    return self._checkbox(
  File "/root/kp/.venv/lib/python3.13/site-packages/streamlit/elements/widgets/checkbox.py", line 396, in _checkbox
    maybe_raise_label_warnings(label, label_visibility)
  File "/root/kp/.venv/lib/python3.13/site-packages/streamlit/elements/lib/policies.py", line 187, in maybe_raise_label_warnings
    _LOGGER.warning(
2026-04-30 02:57:49.357 `label` got an empty value. This is discouraged for accessibility reasons and may be disallowed in the future by raising an exception. Please provide a non-empty label and hide it with label_visibility if needed.
Stack (most recent call last):
  File "/root/.local/share/uv/python/cpython-3.13.11-linux-x86_64-gnu/lib/python3.13/threading.py", line 1015, in _bootstrap
    self._bootstrap_inner()
  File "/root/.local/share/uv/python/cpython-3.13.11-linux-x86_64-gnu/lib/python3.13/threading.py", line 1044, in _bootstrap_inner
    self.run()
  File "/root/.local/share/uv/python/cpython-3.13.11-linux-x86_64-gnu/lib/python3.13/threading.py", line 995, in run
    self._target(*self._args, **self._kwargs)
  File "/root/kp/.venv/lib/python3.13/site-packages/streamlit/runtime/scriptrunner/script_runner.py", line 379, in _run_script_thread
    self._run_script(request.rerun_data)
  File "/root/kp/.venv/lib/python3.13/site-packages/streamlit/runtime/scriptrunner/script_runner.py", line 705, in _run_script
    ) = exec_func_with_error_handling(code_to_exec, ctx)
  File "/root/kp/.venv/lib/python3.13/site-packages/streamlit/runtime/scriptrunner/exec_code.py", line 129, in exec_func_with_error_handling
    result = func()
  File "/root/kp/.venv/lib/python3.13/site-packages/streamlit/runtime/scriptrunner/script_runner.py", line 689, in code_to_exec
    exec(code, module.__dict__)  # noqa: S102
  File "/root/kp/retail/rpoc/src/rpoc/app.py", line 38, in <module>
    pg.run()
  File "/root/kp/.venv/lib/python3.13/site-packages/streamlit/navigation/page.py", line 380, in run
    exec(code, module.__dict__)  # noqa: S102
  File "/root/kp/retail/rpoc/src/rpoc/pages_/orders_.py", line 80, in <module>
    elif col_s.checkbox(
  File "/root/kp/.venv/lib/python3.13/site-packages/streamlit/runtime/metrics_util.py", line 532, in wrapped_func
    result = non_optional_func(*args, **kwargs)
  File "/root/kp/.venv/lib/python3.13/site-packages/streamlit/elements/widgets/checkbox.py", line 202, in checkbox
    return self._checkbox(
  File "/root/kp/.venv/lib/python3.13/site-packages/streamlit/elements/widgets/checkbox.py", line 396, in _checkbox
    maybe_raise_label_warnings(label, label_visibility)
  File "/root/kp/.venv/lib/python3.13/site-packages/streamlit/elements/lib/policies.py", line 187, in maybe_raise_label_warnings
    _LOGGER.warning(
2026-04-30 02:57:54.077 `label` got an empty value. This is discouraged for accessibility reasons and may be disallowed in the future by raising an exception. Please provide a non-empty label and hide it with label_visibility if needed.
Stack (most recent call last):
  File "/root/.local/share/uv/python/cpython-3.13.11-linux-x86_64-gnu/lib/python3.13/threading.py", line 1015, in _bootstrap
    self._bootstrap_inner()
  File "/root/.local/share/uv/python/cpython-3.13.11-linux-x86_64-gnu/lib/python3.13/threading.py", line 1044, in _bootstrap_inner
    self.run()
  File "/root/.local/share/uv/python/cpython-3.13.11-linux-x86_64-gnu/lib/python3.13/threading.py", line 995, in run
    self._target(*self._args, **self._kwargs)
  File "/root/kp/.venv/lib/python3.13/site-packages/streamlit/runtime/scriptrunner/script_runner.py", line 379, in _run_script_thread
    self._run_script(request.rerun_data)
  File "/root/kp/.venv/lib/python3.13/site-packages/streamlit/runtime/scriptrunner/script_runner.py", line 705, in _run_script
    ) = exec_func_with_error_handling(code_to_exec, ctx)
  File "/root/kp/.venv/lib/python3.13/site-packages/streamlit/runtime/scriptrunner/exec_code.py", line 129, in exec_func_with_error_handling
    result = func()
  File "/root/kp/.venv/lib/python3.13/site-packages/streamlit/runtime/scriptrunner/script_runner.py", line 689, in code_to_exec
    exec(code, module.__dict__)  # noqa: S102
  File "/root/kp/retail/rpoc/src/rpoc/app.py", line 38, in <module>
    pg.run()
  File "/root/kp/.venv/lib/python3.13/site-packages/streamlit/navigation/page.py", line 380, in run
    exec(code, module.__dict__)  # noqa: S102
  File "/root/kp/retail/rpoc/src/rpoc/pages_/orders_.py", line 80, in <module>
    elif col_s.checkbox(
  File "/root/kp/.venv/lib/python3.13/site-packages/streamlit/runtime/metrics_util.py", line 532, in wrapped_func
    result = non_optional_func(*args, **kwargs)
  File "/root/kp/.venv/lib/python3.13/site-packages/streamlit/elements/widgets/checkbox.py", line 202, in checkbox
    return self._checkbox(
  File "/root/kp/.venv/lib/python3.13/site-packages/streamlit/elements/widgets/checkbox.py", line 396, in _checkbox
    maybe_raise_label_warnings(label, label_visibility)
  File "/root/kp/.venv/lib/python3.13/site-packages/streamlit/elements/lib/policies.py", line 187, in maybe_raise_label_warnings
    _LOGGER.warning(
2026-04-30 02:57:54.255 `label` got an empty value. This is discouraged for accessibility reasons and may be disallowed in the future by raising an exception. Please provide a non-empty label and hide it with label_visibility if needed.
Stack (most recent call last):
  File "/root/.local/share/uv/python/cpython-3.13.11-linux-x86_64-gnu/lib/python3.13/threading.py", line 1015, in _bootstrap
    self._bootstrap_inner()
  File "/root/.local/share/uv/python/cpython-3.13.11-linux-x86_64-gnu/lib/python3.13/threading.py", line 1044, in _bootstrap_inner
    self.run()
  File "/root/.local/share/uv/python/cpython-3.13.11-linux-x86_64-gnu/lib/python3.13/threading.py", line 995, in run
    self._target(*self._args, **self._kwargs)
  File "/root/kp/.venv/lib/python3.13/site-packages/streamlit/runtime/scriptrunner/script_runner.py", line 379, in _run_script_thread
    self._run_script(request.rerun_data)
  File "/root/kp/.venv/lib/python3.13/site-packages/streamlit/runtime/scriptrunner/script_runner.py", line 705, in _run_script
    ) = exec_func_with_error_handling(code_to_exec, ctx)
  File "/root/kp/.venv/lib/python3.13/site-packages/streamlit/runtime/scriptrunner/exec_code.py", line 129, in exec_func_with_error_handling
    result = func()
  File "/root/kp/.venv/lib/python3.13/site-packages/streamlit/runtime/scriptrunner/script_runner.py", line 689, in code_to_exec
    exec(code, module.__dict__)  # noqa: S102
  File "/root/kp/retail/rpoc/src/rpoc/app.py", line 38, in <module>
    pg.run()
  File "/root/kp/.venv/lib/python3.13/site-packages/streamlit/navigation/page.py", line 380, in run
    exec(code, module.__dict__)  # noqa: S102
  File "/root/kp/retail/rpoc/src/rpoc/pages_/orders_.py", line 80, in <module>
    elif col_s.checkbox(
  File "/root/kp/.venv/lib/python3.13/site-packages/streamlit/runtime/metrics_util.py", line 532, in wrapped_func
    result = non_optional_func(*args, **kwargs)
  File "/root/kp/.venv/lib/python3.13/site-packages/streamlit/elements/widgets/checkbox.py", line 202, in checkbox
    return self._checkbox(
  File "/root/kp/.venv/lib/python3.13/site-packages/streamlit/elements/widgets/checkbox.py", line 396, in _checkbox
    maybe_raise_label_warnings(label, label_visibility)
  File "/root/kp/.venv/lib/python3.13/site-packages/streamlit/elements/lib/policies.py", line 187, in maybe_raise_label_warnings
    _LOGGER.warning(
2026-04-30 02:59:02.451 `label` got an empty value. This is discouraged for accessibility reasons and may be disallowed in the future by raising an exception. Please provide a non-empty label and hide it with label_visibility if needed.
Stack (most recent call last):
  File "/root/.local/share/uv/python/cpython-3.13.11-linux-x86_64-gnu/lib/python3.13/threading.py", line 1015, in _bootstrap
    self._bootstrap_inner()
  File "/root/.local/share/uv/python/cpython-3.13.11-linux-x86_64-gnu/lib/python3.13/threading.py", line 1044, in _bootstrap_inner
    self.run()
  File "/root/.local/share/uv/python/cpython-3.13.11-linux-x86_64-gnu/lib/python3.13/threading.py", line 995, in run
    self._target(*self._args, **self._kwargs)
  File "/root/kp/.venv/lib/python3.13/site-packages/streamlit/runtime/scriptrunner/script_runner.py", line 379, in _run_script_thread
    self._run_script(request.rerun_data)
  File "/root/kp/.venv/lib/python3.13/site-packages/streamlit/runtime/scriptrunner/script_runner.py", line 705, in _run_script
    ) = exec_func_with_error_handling(code_to_exec, ctx)
  File "/root/kp/.venv/lib/python3.13/site-packages/streamlit/runtime/scriptrunner/exec_code.py", line 129, in exec_func_with_error_handling
    result = func()
  File "/root/kp/.venv/lib/python3.13/site-packages/streamlit/runtime/scriptrunner/script_runner.py", line 689, in code_to_exec
    exec(code, module.__dict__)  # noqa: S102
  File "/root/kp/retail/rpoc/src/rpoc/app.py", line 38, in <module>
    pg.run()
  File "/root/kp/.venv/lib/python3.13/site-packages/streamlit/navigation/page.py", line 380, in run
    exec(code, module.__dict__)  # noqa: S102
  File "/root/kp/retail/rpoc/src/rpoc/pages_/orders_.py", line 80, in <module>
    elif col_s.checkbox(
  File "/root/kp/.venv/lib/python3.13/site-packages/streamlit/runtime/metrics_util.py", line 532, in wrapped_func
    result = non_optional_func(*args, **kwargs)
  File "/root/kp/.venv/lib/python3.13/site-packages/streamlit/elements/widgets/checkbox.py", line 202, in checkbox
    return self._checkbox(
  File "/root/kp/.venv/lib/python3.13/site-packages/streamlit/elements/widgets/checkbox.py", line 396, in _checkbox
    maybe_raise_label_warnings(label, label_visibility)
  File "/root/kp/.venv/lib/python3.13/site-packages/streamlit/elements/lib/policies.py", line 187, in maybe_raise_label_warnings
    _LOGGER.warning(
2026-04-30 02:59:06.001 Please replace `use_container_width` with `width`.

`use_container_width` will be removed after 2025-12-31.

For `use_container_width=True`, use `width='stretch'`. For `use_container_width=False`, use `width='content'`.
2026-04-30 02:59:06.008 Please replace `use_container_width` with `width`.

`use_container_width` will be removed after 2025-12-31.

For `use_container_width=True`, use `width='stretch'`. For `use_container_width=False`, use `width='content'`.
2026-04-30 02:59:06.014 Please replace `use_container_width` with `width`.

`use_container_width` will be removed after 2025-12-31.

For `use_container_width=True`, use `width='stretch'`. For `use_container_width=False`, use `width='content'`.
2026-04-30 02:59:06.020 Please replace `use_container_width` with `width`.

`use_container_width` will be removed after 2025-12-31.

For `use_container_width=True`, use `width='stretch'`. For `use_container_width=False`, use `width='content'`.
2026-04-30 02:59:06.026 Please replace `use_container_width` with `width`.

`use_container_width` will be removed after 2025-12-31.

For `use_container_width=True`, use `width='stretch'`. For `use_container_width=False`, use `width='content'`.
2026-04-30 02:59:55.140 Please replace `use_container_width` with `width`.

`use_container_width` will be removed after 2025-12-31.

For `use_container_width=True`, use `width='stretch'`. For `use_container_width=False`, use `width='content'`.
2026-04-30 02:59:55.144 Please replace `use_container_width` with `width`.

`use_container_width` will be removed after 2025-12-31.

For `use_container_width=True`, use `width='stretch'`. For `use_container_width=False`, use `width='content'`.
2026-04-30 02:59:55.148 Please replace `use_container_width` with `width`.

`use_container_width` will be removed after 2025-12-31.

For `use_container_width=True`, use `width='stretch'`. For `use_container_width=False`, use `width='content'`.
2026-04-30 02:59:55.152 Please replace `use_container_width` with `width`.

`use_container_width` will be removed after 2025-12-31.

For `use_container_width=True`, use `width='stretch'`. For `use_container_width=False`, use `width='content'`.
2026-04-30 02:59:55.158 Please replace `use_container_width` with `width`.

`use_container_width` will be removed after 2025-12-31.

For `use_container_width=True`, use `width='stretch'`. For `use_container_width=False`, use `width='content'`.
2026-04-30 02:59:55.882 Please replace `use_container_width` with `width`.

`use_container_width` will be removed after 2025-12-31.

For `use_container_width=True`, use `width='stretch'`. For `use_container_width=False`, use `width='content'`.
2026-04-30 02:59:55.886 Please replace `use_container_width` with `width`.

`use_container_width` will be removed after 2025-12-31.

For `use_container_width=True`, use `width='stretch'`. For `use_container_width=False`, use `width='content'`.
2026-04-30 02:59:55.890 Please replace `use_container_width` with `width`.

`use_container_width` will be removed after 2025-12-31.

For `use_container_width=True`, use `width='stretch'`. For `use_container_width=False`, use `width='content'`.
2026-04-30 02:59:55.894 Please replace `use_container_width` with `width`.

`use_container_width` will be removed after 2025-12-31.

For `use_container_width=True`, use `width='stretch'`. For `use_container_width=False`, use `width='content'`.
2026-04-30 02:59:55.898 Please replace `use_container_width` with `width`.

`use_container_width` will be removed after 2025-12-31.

For `use_container_width=True`, use `width='stretch'`. For `use_container_width=False`, use `width='content'`.
2026-04-30 03:01:51.814 Please replace `use_container_width` with `width`.

`use_container_width` will be removed after 2025-12-31.

For `use_container_width=True`, use `width='stretch'`. For `use_container_width=False`, use `width='content'`.
2026-04-30 03:27:53.998 Please replace `use_container_width` with `width`.

`use_container_width` will be removed after 2025-12-31.

For `use_container_width=True`, use `width='stretch'`. For `use_container_width=False`, use `width='content'`.
2026-04-30 03:27:58.257 Please replace `use_container_width` with `width`.

`use_container_width` will be removed after 2025-12-31.

For `use_container_width=True`, use `width='stretch'`. For `use_container_width=False`, use `width='content'`.
2026-04-30 03:27:58.263 Please replace `use_container_width` with `width`.

`use_container_width` will be removed after 2025-12-31.

For `use_container_width=True`, use `width='stretch'`. For `use_container_width=False`, use `width='content'`.
2026-04-30 03:27:58.269 Please replace `use_container_width` with `width`.

`use_container_width` will be removed after 2025-12-31.

For `use_container_width=True`, use `width='stretch'`. For `use_container_width=False`, use `width='content'`.
2026-04-30 03:27:58.274 Please replace `use_container_width` with `width`.

`use_container_width` will be removed after 2025-12-31.

For `use_container_width=True`, use `width='stretch'`. For `use_container_width=False`, use `width='content'`.
2026-04-30 03:27:58.278 Please replace `use_container_width` with `width`.

`use_container_width` will be removed after 2025-12-31.

For `use_container_width=True`, use `width='stretch'`. For `use_container_width=False`, use `width='content'`.
2026-04-30 03:28:11.206 Please replace `use_container_width` with `width`.

`use_container_width` will be removed after 2025-12-31.

For `use_container_width=True`, use `width='stretch'`. For `use_container_width=False`, use `width='content'`.
2026-04-30 03:28:11.651 Please replace `use_container_width` with `width`.

`use_container_width` will be removed after 2025-12-31.

For `use_container_width=True`, use `width='stretch'`. For `use_container_width=False`, use `width='content'`.
2026-04-30 03:28:11.658 Please replace `use_container_width` with `width`.

`use_container_width` will be removed after 2025-12-31.

For `use_container_width=True`, use `width='stretch'`. For `use_container_width=False`, use `width='content'`.
2026-04-30 03:28:11.664 Please replace `use_container_width` with `width`.

`use_container_width` will be removed after 2025-12-31.

For `use_container_width=True`, use `width='stretch'`. For `use_container_width=False`, use `width='content'`.
2026-04-30 03:28:11.670 Please replace `use_container_width` with `width`.

`use_container_width` will be removed after 2025-12-31.

For `use_container_width=True`, use `width='stretch'`. For `use_container_width=False`, use `width='content'`.
2026-04-30 03:28:21.198 Uncaught app execution
Traceback (most recent call last):
  File "/root/kp/.venv/lib/python3.13/site-packages/streamlit/runtime/scriptrunner/exec_code.py", line 129, in exec_func_with_error_handling
    result = func()
  File "/root/kp/.venv/lib/python3.13/site-packages/streamlit/runtime/scriptrunner/script_runner.py", line 689, in code_to_exec
    exec(code, module.__dict__)  # noqa: S102
    ~~~~^^^^^^^^^^^^^^^^^^^^^^^
  File "/root/kp/retail/rpoc/src/rpoc/app.py", line 38, in <module>
    pg.run()
    ~~~~~~^^
  File "/root/kp/.venv/lib/python3.13/site-packages/streamlit/navigation/page.py", line 380, in run
    exec(code, module.__dict__)  # noqa: S102
    ~~~~^^^^^^^^^^^^^^^^^^^^^^^
  File "/root/kp/retail/rpoc/src/rpoc/pages_/chatbot_.py", line 5, in <module>
    from rpoc.services import (
    ...<2 lines>...
    )
ImportError: cannot import name 'create_pdf' from 'rpoc.services' (/root/kp/retail/rpoc/src/rpoc/services/__init__.py)
Killed
Hello from rpoc!

Collecting usage statistics. To deactivate, set browser.gatherUsageStats to false.


  You can now view your Streamlit app in your browser.

  Local URL: http://localhost:8501
  Network URL: http://64.227.110.183:8501
  External URL: http://64.227.110.183:8501

/root/kp/retail/rpoc/src/rpoc/services/general_.py:17: FutureWarning: 

All support for the `google.generativeai` package has ended. It will no longer be receiving 
updates or bug fixes. Please switch to the `google.genai` package as soon as possible.
See README for more details:

https://github.com/google-gemini/deprecated-generative-ai-python/blob/main/README.md

  import google.generativeai as genai
2026-05-01 09:33:40.534 Please replace `use_container_width` with `width`.

`use_container_width` will be removed after 2025-12-31.

For `use_container_width=True`, use `width='stretch'`. For `use_container_width=False`, use `width='content'`.
2026-05-01 09:35:43.612 Please replace `use_container_width` with `width`.

`use_container_width` will be removed after 2025-12-31.

For `use_container_width=True`, use `width='stretch'`. For `use_container_width=False`, use `width='content'`.
2026-05-01 09:36:08.590 Please replace `use_container_width` with `width`.

`use_container_width` will be removed after 2025-12-31.

For `use_container_width=True`, use `width='stretch'`. For `use_container_width=False`, use `width='content'`.
2026-05-01 09:36:24.310 Please replace `use_container_width` with `width`.

`use_container_width` will be removed after 2025-12-31.

For `use_container_width=True`, use `width='stretch'`. For `use_container_width=False`, use `width='content'`.
2026-05-01 09:38:06.975 Please replace `use_container_width` with `width`.

`use_container_width` will be removed after 2025-12-31.

For `use_container_width=True`, use `width='stretch'`. For `use_container_width=False`, use `width='content'`.
2026-05-01 09:38:08.461 Please replace `use_container_width` with `width`.

`use_container_width` will be removed after 2025-12-31.

For `use_container_width=True`, use `width='stretch'`. For `use_container_width=False`, use `width='content'`.
2026-05-01 09:38:09.239 Please replace `use_container_width` with `width`.

`use_container_width` will be removed after 2025-12-31.

For `use_container_width=True`, use `width='stretch'`. For `use_container_width=False`, use `width='content'`.
2026-05-01 09:38:10.157 Please replace `use_container_width` with `width`.

`use_container_width` will be removed after 2025-12-31.

For `use_container_width=True`, use `width='stretch'`. For `use_container_width=False`, use `width='content'`.
2026-05-01 09:38:11.761 Please replace `use_container_width` with `width`.

`use_container_width` will be removed after 2025-12-31.

For `use_container_width=True`, use `width='stretch'`. For `use_container_width=False`, use `width='content'`.
2026-05-01 09:38:22.609 Please replace `use_container_width` with `width`.

`use_container_width` will be removed after 2025-12-31.

For `use_container_width=True`, use `width='stretch'`. For `use_container_width=False`, use `width='content'`.
2026-05-01 09:38:24.249 Please replace `use_container_width` with `width`.

`use_container_width` will be removed after 2025-12-31.

For `use_container_width=True`, use `width='stretch'`. For `use_container_width=False`, use `width='content'`.
2026-05-01 09:38:28.678 `label` got an empty value. This is discouraged for accessibility reasons and may be disallowed in the future by raising an exception. Please provide a non-empty label and hide it with label_visibility if needed.
Stack (most recent call last):
  File "/root/.local/share/uv/python/cpython-3.13.11-linux-x86_64-gnu/lib/python3.13/threading.py", line 1015, in _bootstrap
    self._bootstrap_inner()
  File "/root/.local/share/uv/python/cpython-3.13.11-linux-x86_64-gnu/lib/python3.13/threading.py", line 1044, in _bootstrap_inner
    self.run()
  File "/root/.local/share/uv/python/cpython-3.13.11-linux-x86_64-gnu/lib/python3.13/threading.py", line 995, in run
    self._target(*self._args, **self._kwargs)
  File "/root/kp/.venv/lib/python3.13/site-packages/streamlit/runtime/scriptrunner/script_runner.py", line 379, in _run_script_thread
    self._run_script(request.rerun_data)
  File "/root/kp/.venv/lib/python3.13/site-packages/streamlit/runtime/scriptrunner/script_runner.py", line 705, in _run_script
    ) = exec_func_with_error_handling(code_to_exec, ctx)
  File "/root/kp/.venv/lib/python3.13/site-packages/streamlit/runtime/scriptrunner/exec_code.py", line 129, in exec_func_with_error_handling
    result = func()
  File "/root/kp/.venv/lib/python3.13/site-packages/streamlit/runtime/scriptrunner/script_runner.py", line 689, in code_to_exec
    exec(code, module.__dict__)  # noqa: S102
  File "/root/kp/retail/rpoc/src/rpoc/app.py", line 38, in <module>
    pg.run()
  File "/root/kp/.venv/lib/python3.13/site-packages/streamlit/navigation/page.py", line 380, in run
    exec(code, module.__dict__)  # noqa: S102
  File "/root/kp/retail/rpoc/src/rpoc/pages_/orders_.py", line 80, in <module>
    elif col_s.checkbox(
  File "/root/kp/.venv/lib/python3.13/site-packages/streamlit/runtime/metrics_util.py", line 532, in wrapped_func
    result = non_optional_func(*args, **kwargs)
  File "/root/kp/.venv/lib/python3.13/site-packages/streamlit/elements/widgets/checkbox.py", line 202, in checkbox
    return self._checkbox(
  File "/root/kp/.venv/lib/python3.13/site-packages/streamlit/elements/widgets/checkbox.py", line 396, in _checkbox
    maybe_raise_label_warnings(label, label_visibility)
  File "/root/kp/.venv/lib/python3.13/site-packages/streamlit/elements/lib/policies.py", line 187, in maybe_raise_label_warnings
    _LOGGER.warning(
2026-05-01 09:38:57.783 Please replace `use_container_width` with `width`.

`use_container_width` will be removed after 2025-12-31.

For `use_container_width=True`, use `width='stretch'`. For `use_container_width=False`, use `width='content'`.
2026-05-01 09:39:24.351 `label` got an empty value. This is discouraged for accessibility reasons and may be disallowed in the future by raising an exception. Please provide a non-empty label and hide it with label_visibility if needed.
Stack (most recent call last):
  File "/root/.local/share/uv/python/cpython-3.13.11-linux-x86_64-gnu/lib/python3.13/threading.py", line 1015, in _bootstrap
    self._bootstrap_inner()
  File "/root/.local/share/uv/python/cpython-3.13.11-linux-x86_64-gnu/lib/python3.13/threading.py", line 1044, in _bootstrap_inner
    self.run()
  File "/root/.local/share/uv/python/cpython-3.13.11-linux-x86_64-gnu/lib/python3.13/threading.py", line 995, in run
    self._target(*self._args, **self._kwargs)
  File "/root/kp/.venv/lib/python3.13/site-packages/streamlit/runtime/scriptrunner/script_runner.py", line 379, in _run_script_thread
    self._run_script(request.rerun_data)
  File "/root/kp/.venv/lib/python3.13/site-packages/streamlit/runtime/scriptrunner/script_runner.py", line 705, in _run_script
    ) = exec_func_with_error_handling(code_to_exec, ctx)
  File "/root/kp/.venv/lib/python3.13/site-packages/streamlit/runtime/scriptrunner/exec_code.py", line 129, in exec_func_with_error_handling
    result = func()
  File "/root/kp/.venv/lib/python3.13/site-packages/streamlit/runtime/scriptrunner/script_runner.py", line 689, in code_to_exec
    exec(code, module.__dict__)  # noqa: S102
  File "/root/kp/retail/rpoc/src/rpoc/app.py", line 38, in <module>
    pg.run()
  File "/root/kp/.venv/lib/python3.13/site-packages/streamlit/navigation/page.py", line 380, in run
    exec(code, module.__dict__)  # noqa: S102
  File "/root/kp/retail/rpoc/src/rpoc/pages_/orders_.py", line 80, in <module>
    elif col_s.checkbox(
  File "/root/kp/.venv/lib/python3.13/site-packages/streamlit/runtime/metrics_util.py", line 532, in wrapped_func
    result = non_optional_func(*args, **kwargs)
  File "/root/kp/.venv/lib/python3.13/site-packages/streamlit/elements/widgets/checkbox.py", line 202, in checkbox
    return self._checkbox(
  File "/root/kp/.venv/lib/python3.13/site-packages/streamlit/elements/widgets/checkbox.py", line 396, in _checkbox
    maybe_raise_label_warnings(label, label_visibility)
  File "/root/kp/.venv/lib/python3.13/site-packages/streamlit/elements/lib/policies.py", line 187, in maybe_raise_label_warnings
    _LOGGER.warning(
2026-05-01 09:39:31.762 `label` got an empty value. This is discouraged for accessibility reasons and may be disallowed in the future by raising an exception. Please provide a non-empty label and hide it with label_visibility if needed.
Stack (most recent call last):
  File "/root/.local/share/uv/python/cpython-3.13.11-linux-x86_64-gnu/lib/python3.13/threading.py", line 1015, in _bootstrap
    self._bootstrap_inner()
  File "/root/.local/share/uv/python/cpython-3.13.11-linux-x86_64-gnu/lib/python3.13/threading.py", line 1044, in _bootstrap_inner
    self.run()
  File "/root/.local/share/uv/python/cpython-3.13.11-linux-x86_64-gnu/lib/python3.13/threading.py", line 995, in run
    self._target(*self._args, **self._kwargs)
  File "/root/kp/.venv/lib/python3.13/site-packages/streamlit/runtime/scriptrunner/script_runner.py", line 379, in _run_script_thread
    self._run_script(request.rerun_data)
  File "/root/kp/.venv/lib/python3.13/site-packages/streamlit/runtime/scriptrunner/script_runner.py", line 705, in _run_script
    ) = exec_func_with_error_handling(code_to_exec, ctx)
  File "/root/kp/.venv/lib/python3.13/site-packages/streamlit/runtime/scriptrunner/exec_code.py", line 129, in exec_func_with_error_handling
    result = func()
  File "/root/kp/.venv/lib/python3.13/site-packages/streamlit/runtime/scriptrunner/script_runner.py", line 689, in code_to_exec
    exec(code, module.__dict__)  # noqa: S102
  File "/root/kp/retail/rpoc/src/rpoc/app.py", line 38, in <module>
    pg.run()
  File "/root/kp/.venv/lib/python3.13/site-packages/streamlit/navigation/page.py", line 380, in run
    exec(code, module.__dict__)  # noqa: S102
  File "/root/kp/retail/rpoc/src/rpoc/pages_/orders_.py", line 80, in <module>
    elif col_s.checkbox(
  File "/root/kp/.venv/lib/python3.13/site-packages/streamlit/runtime/metrics_util.py", line 532, in wrapped_func
    result = non_optional_func(*args, **kwargs)
  File "/root/kp/.venv/lib/python3.13/site-packages/streamlit/elements/widgets/checkbox.py", line 202, in checkbox
    return self._checkbox(
  File "/root/kp/.venv/lib/python3.13/site-packages/streamlit/elements/widgets/checkbox.py", line 396, in _checkbox
    maybe_raise_label_warnings(label, label_visibility)
  File "/root/kp/.venv/lib/python3.13/site-packages/streamlit/elements/lib/policies.py", line 187, in maybe_raise_label_warnings
    _LOGGER.warning(
2026-05-01 09:40:12.492 `label` got an empty value. This is discouraged for accessibility reasons and may be disallowed in the future by raising an exception. Please provide a non-empty label and hide it with label_visibility if needed.
Stack (most recent call last):
  File "/root/.local/share/uv/python/cpython-3.13.11-linux-x86_64-gnu/lib/python3.13/threading.py", line 1015, in _bootstrap
    self._bootstrap_inner()
  File "/root/.local/share/uv/python/cpython-3.13.11-linux-x86_64-gnu/lib/python3.13/threading.py", line 1044, in _bootstrap_inner
    self.run()
  File "/root/.local/share/uv/python/cpython-3.13.11-linux-x86_64-gnu/lib/python3.13/threading.py", line 995, in run
    self._target(*self._args, **self._kwargs)
  File "/root/kp/.venv/lib/python3.13/site-packages/streamlit/runtime/scriptrunner/script_runner.py", line 379, in _run_script_thread
    self._run_script(request.rerun_data)
  File "/root/kp/.venv/lib/python3.13/site-packages/streamlit/runtime/scriptrunner/script_runner.py", line 705, in _run_script
    ) = exec_func_with_error_handling(code_to_exec, ctx)
  File "/root/kp/.venv/lib/python3.13/site-packages/streamlit/runtime/scriptrunner/exec_code.py", line 129, in exec_func_with_error_handling
    result = func()
  File "/root/kp/.venv/lib/python3.13/site-packages/streamlit/runtime/scriptrunner/script_runner.py", line 689, in code_to_exec
    exec(code, module.__dict__)  # noqa: S102
  File "/root/kp/retail/rpoc/src/rpoc/app.py", line 38, in <module>
    pg.run()
  File "/root/kp/.venv/lib/python3.13/site-packages/streamlit/navigation/page.py", line 380, in run
    exec(code, module.__dict__)  # noqa: S102
  File "/root/kp/retail/rpoc/src/rpoc/pages_/orders_.py", line 80, in <module>
    elif col_s.checkbox(
  File "/root/kp/.venv/lib/python3.13/site-packages/streamlit/runtime/metrics_util.py", line 532, in wrapped_func
    result = non_optional_func(*args, **kwargs)
  File "/root/kp/.venv/lib/python3.13/site-packages/streamlit/elements/widgets/checkbox.py", line 202, in checkbox
    return self._checkbox(
  File "/root/kp/.venv/lib/python3.13/site-packages/streamlit/elements/widgets/checkbox.py", line 396, in _checkbox
    maybe_raise_label_warnings(label, label_visibility)
  File "/root/kp/.venv/lib/python3.13/site-packages/streamlit/elements/lib/policies.py", line 187, in maybe_raise_label_warnings
    _LOGGER.warning(
2026-05-01 09:40:15.287 `label` got an empty value. This is discouraged for accessibility reasons and may be disallowed in the future by raising an exception. Please provide a non-empty label and hide it with label_visibility if needed.
Stack (most recent call last):
  File "/root/.local/share/uv/python/cpython-3.13.11-linux-x86_64-gnu/lib/python3.13/threading.py", line 1015, in _bootstrap
    self._bootstrap_inner()
  File "/root/.local/share/uv/python/cpython-3.13.11-linux-x86_64-gnu/lib/python3.13/threading.py", line 1044, in _bootstrap_inner
    self.run()
  File "/root/.local/share/uv/python/cpython-3.13.11-linux-x86_64-gnu/lib/python3.13/threading.py", line 995, in run
    self._target(*self._args, **self._kwargs)
  File "/root/kp/.venv/lib/python3.13/site-packages/streamlit/runtime/scriptrunner/script_runner.py", line 379, in _run_script_thread
    self._run_script(request.rerun_data)
  File "/root/kp/.venv/lib/python3.13/site-packages/streamlit/runtime/scriptrunner/script_runner.py", line 705, in _run_script
    ) = exec_func_with_error_handling(code_to_exec, ctx)
  File "/root/kp/.venv/lib/python3.13/site-packages/streamlit/runtime/scriptrunner/exec_code.py", line 129, in exec_func_with_error_handling
    result = func()
  File "/root/kp/.venv/lib/python3.13/site-packages/streamlit/runtime/scriptrunner/script_runner.py", line 689, in code_to_exec
    exec(code, module.__dict__)  # noqa: S102
  File "/root/kp/retail/rpoc/src/rpoc/app.py", line 38, in <module>
    pg.run()
  File "/root/kp/.venv/lib/python3.13/site-packages/streamlit/navigation/page.py", line 380, in run
    exec(code, module.__dict__)  # noqa: S102
  File "/root/kp/retail/rpoc/src/rpoc/pages_/orders_.py", line 80, in <module>
    elif col_s.checkbox(
  File "/root/kp/.venv/lib/python3.13/site-packages/streamlit/runtime/metrics_util.py", line 532, in wrapped_func
    result = non_optional_func(*args, **kwargs)
  File "/root/kp/.venv/lib/python3.13/site-packages/streamlit/elements/widgets/checkbox.py", line 202, in checkbox
    return self._checkbox(
  File "/root/kp/.venv/lib/python3.13/site-packages/streamlit/elements/widgets/checkbox.py", line 396, in _checkbox
    maybe_raise_label_warnings(label, label_visibility)
  File "/root/kp/.venv/lib/python3.13/site-packages/streamlit/elements/lib/policies.py", line 187, in maybe_raise_label_warnings
    _LOGGER.warning(
2026-05-01 09:40:18.902 `label` got an empty value. This is discouraged for accessibility reasons and may be disallowed in the future by raising an exception. Please provide a non-empty label and hide it with label_visibility if needed.
Stack (most recent call last):
  File "/root/.local/share/uv/python/cpython-3.13.11-linux-x86_64-gnu/lib/python3.13/threading.py", line 1015, in _bootstrap
    self._bootstrap_inner()
  File "/root/.local/share/uv/python/cpython-3.13.11-linux-x86_64-gnu/lib/python3.13/threading.py", line 1044, in _bootstrap_inner
    self.run()
  File "/root/.local/share/uv/python/cpython-3.13.11-linux-x86_64-gnu/lib/python3.13/threading.py", line 995, in run
    self._target(*self._args, **self._kwargs)
  File "/root/kp/.venv/lib/python3.13/site-packages/streamlit/runtime/scriptrunner/script_runner.py", line 379, in _run_script_thread
    self._run_script(request.rerun_data)
  File "/root/kp/.venv/lib/python3.13/site-packages/streamlit/runtime/scriptrunner/script_runner.py", line 705, in _run_script
    ) = exec_func_with_error_handling(code_to_exec, ctx)
  File "/root/kp/.venv/lib/python3.13/site-packages/streamlit/runtime/scriptrunner/exec_code.py", line 129, in exec_func_with_error_handling
    result = func()
  File "/root/kp/.venv/lib/python3.13/site-packages/streamlit/runtime/scriptrunner/script_runner.py", line 689, in code_to_exec
    exec(code, module.__dict__)  # noqa: S102
  File "/root/kp/retail/rpoc/src/rpoc/app.py", line 38, in <module>
    pg.run()
  File "/root/kp/.venv/lib/python3.13/site-packages/streamlit/navigation/page.py", line 380, in run
    exec(code, module.__dict__)  # noqa: S102
  File "/root/kp/retail/rpoc/src/rpoc/pages_/orders_.py", line 80, in <module>
    elif col_s.checkbox(
  File "/root/kp/.venv/lib/python3.13/site-packages/streamlit/runtime/metrics_util.py", line 532, in wrapped_func
    result = non_optional_func(*args, **kwargs)
  File "/root/kp/.venv/lib/python3.13/site-packages/streamlit/elements/widgets/checkbox.py", line 202, in checkbox
    return self._checkbox(
  File "/root/kp/.venv/lib/python3.13/site-packages/streamlit/elements/widgets/checkbox.py", line 396, in _checkbox
    maybe_raise_label_warnings(label, label_visibility)
  File "/root/kp/.venv/lib/python3.13/site-packages/streamlit/elements/lib/policies.py", line 187, in maybe_raise_label_warnings
    _LOGGER.warning(
2026-05-01 09:40:19.747 `label` got an empty value. This is discouraged for accessibility reasons and may be disallowed in the future by raising an exception. Please provide a non-empty label and hide it with label_visibility if needed.
Stack (most recent call last):
  File "/root/.local/share/uv/python/cpython-3.13.11-linux-x86_64-gnu/lib/python3.13/threading.py", line 1015, in _bootstrap
    self._bootstrap_inner()
  File "/root/.local/share/uv/python/cpython-3.13.11-linux-x86_64-gnu/lib/python3.13/threading.py", line 1044, in _bootstrap_inner
    self.run()
  File "/root/.local/share/uv/python/cpython-3.13.11-linux-x86_64-gnu/lib/python3.13/threading.py", line 995, in run
    self._target(*self._args, **self._kwargs)
  File "/root/kp/.venv/lib/python3.13/site-packages/streamlit/runtime/scriptrunner/script_runner.py", line 379, in _run_script_thread
    self._run_script(request.rerun_data)
  File "/root/kp/.venv/lib/python3.13/site-packages/streamlit/runtime/scriptrunner/script_runner.py", line 705, in _run_script
    ) = exec_func_with_error_handling(code_to_exec, ctx)
  File "/root/kp/.venv/lib/python3.13/site-packages/streamlit/runtime/scriptrunner/exec_code.py", line 129, in exec_func_with_error_handling
    result = func()
  File "/root/kp/.venv/lib/python3.13/site-packages/streamlit/runtime/scriptrunner/script_runner.py", line 689, in code_to_exec
    exec(code, module.__dict__)  # noqa: S102
  File "/root/kp/retail/rpoc/src/rpoc/app.py", line 38, in <module>
    pg.run()
  File "/root/kp/.venv/lib/python3.13/site-packages/streamlit/navigation/page.py", line 380, in run
    exec(code, module.__dict__)  # noqa: S102
  File "/root/kp/retail/rpoc/src/rpoc/pages_/orders_.py", line 80, in <module>
    elif col_s.checkbox(
  File "/root/kp/.venv/lib/python3.13/site-packages/streamlit/runtime/metrics_util.py", line 532, in wrapped_func
    result = non_optional_func(*args, **kwargs)
  File "/root/kp/.venv/lib/python3.13/site-packages/streamlit/elements/widgets/checkbox.py", line 202, in checkbox
    return self._checkbox(
  File "/root/kp/.venv/lib/python3.13/site-packages/streamlit/elements/widgets/checkbox.py", line 396, in _checkbox
    maybe_raise_label_warnings(label, label_visibility)
  File "/root/kp/.venv/lib/python3.13/site-packages/streamlit/elements/lib/policies.py", line 187, in maybe_raise_label_warnings
    _LOGGER.warning(
2026-05-01 09:40:19.931 `label` got an empty value. This is discouraged for accessibility reasons and may be disallowed in the future by raising an exception. Please provide a non-empty label and hide it with label_visibility if needed.
Stack (most recent call last):
  File "/root/.local/share/uv/python/cpython-3.13.11-linux-x86_64-gnu/lib/python3.13/threading.py", line 1015, in _bootstrap
    self._bootstrap_inner()
  File "/root/.local/share/uv/python/cpython-3.13.11-linux-x86_64-gnu/lib/python3.13/threading.py", line 1044, in _bootstrap_inner
    self.run()
  File "/root/.local/share/uv/python/cpython-3.13.11-linux-x86_64-gnu/lib/python3.13/threading.py", line 995, in run
    self._target(*self._args, **self._kwargs)
  File "/root/kp/.venv/lib/python3.13/site-packages/streamlit/runtime/scriptrunner/script_runner.py", line 379, in _run_script_thread
    self._run_script(request.rerun_data)
  File "/root/kp/.venv/lib/python3.13/site-packages/streamlit/runtime/scriptrunner/script_runner.py", line 705, in _run_script
    ) = exec_func_with_error_handling(code_to_exec, ctx)
  File "/root/kp/.venv/lib/python3.13/site-packages/streamlit/runtime/scriptrunner/exec_code.py", line 129, in exec_func_with_error_handling
    result = func()
  File "/root/kp/.venv/lib/python3.13/site-packages/streamlit/runtime/scriptrunner/script_runner.py", line 689, in code_to_exec
    exec(code, module.__dict__)  # noqa: S102
  File "/root/kp/retail/rpoc/src/rpoc/app.py", line 38, in <module>
    pg.run()
  File "/root/kp/.venv/lib/python3.13/site-packages/streamlit/navigation/page.py", line 380, in run
    exec(code, module.__dict__)  # noqa: S102
  File "/root/kp/retail/rpoc/src/rpoc/pages_/orders_.py", line 80, in <module>
    elif col_s.checkbox(
  File "/root/kp/.venv/lib/python3.13/site-packages/streamlit/runtime/metrics_util.py", line 532, in wrapped_func
    result = non_optional_func(*args, **kwargs)
  File "/root/kp/.venv/lib/python3.13/site-packages/streamlit/elements/widgets/checkbox.py", line 202, in checkbox
    return self._checkbox(
  File "/root/kp/.venv/lib/python3.13/site-packages/streamlit/elements/widgets/checkbox.py", line 396, in _checkbox
    maybe_raise_label_warnings(label, label_visibility)
  File "/root/kp/.venv/lib/python3.13/site-packages/streamlit/elements/lib/policies.py", line 187, in maybe_raise_label_warnings
    _LOGGER.warning(
2026-05-01 09:41:14.119 `label` got an empty value. This is discouraged for accessibility reasons and may be disallowed in the future by raising an exception. Please provide a non-empty label and hide it with label_visibility if needed.
Stack (most recent call last):
  File "/root/.local/share/uv/python/cpython-3.13.11-linux-x86_64-gnu/lib/python3.13/threading.py", line 1015, in _bootstrap
    self._bootstrap_inner()
  File "/root/.local/share/uv/python/cpython-3.13.11-linux-x86_64-gnu/lib/python3.13/threading.py", line 1044, in _bootstrap_inner
    self.run()
  File "/root/.local/share/uv/python/cpython-3.13.11-linux-x86_64-gnu/lib/python3.13/threading.py", line 995, in run
    self._target(*self._args, **self._kwargs)
  File "/root/kp/.venv/lib/python3.13/site-packages/streamlit/runtime/scriptrunner/script_runner.py", line 379, in _run_script_thread
    self._run_script(request.rerun_data)
  File "/root/kp/.venv/lib/python3.13/site-packages/streamlit/runtime/scriptrunner/script_runner.py", line 705, in _run_script
    ) = exec_func_with_error_handling(code_to_exec, ctx)
  File "/root/kp/.venv/lib/python3.13/site-packages/streamlit/runtime/scriptrunner/exec_code.py", line 129, in exec_func_with_error_handling
    result = func()
  File "/root/kp/.venv/lib/python3.13/site-packages/streamlit/runtime/scriptrunner/script_runner.py", line 689, in code_to_exec
    exec(code, module.__dict__)  # noqa: S102
  File "/root/kp/retail/rpoc/src/rpoc/app.py", line 38, in <module>
    pg.run()
  File "/root/kp/.venv/lib/python3.13/site-packages/streamlit/navigation/page.py", line 380, in run
    exec(code, module.__dict__)  # noqa: S102
  File "/root/kp/retail/rpoc/src/rpoc/pages_/orders_.py", line 80, in <module>
    elif col_s.checkbox(
  File "/root/kp/.venv/lib/python3.13/site-packages/streamlit/runtime/metrics_util.py", line 532, in wrapped_func
    result = non_optional_func(*args, **kwargs)
  File "/root/kp/.venv/lib/python3.13/site-packages/streamlit/elements/widgets/checkbox.py", line 202, in checkbox
    return self._checkbox(
  File "/root/kp/.venv/lib/python3.13/site-packages/streamlit/elements/widgets/checkbox.py", line 396, in _checkbox
    maybe_raise_label_warnings(label, label_visibility)
  File "/root/kp/.venv/lib/python3.13/site-packages/streamlit/elements/lib/policies.py", line 187, in maybe_raise_label_warnings
    _LOGGER.warning(
2026-05-01 09:41:17.180 Please replace `use_container_width` with `width`.

`use_container_width` will be removed after 2025-12-31.

For `use_container_width=True`, use `width='stretch'`. For `use_container_width=False`, use `width='content'`.
2026-05-01 09:41:17.186 Please replace `use_container_width` with `width`.

`use_container_width` will be removed after 2025-12-31.

For `use_container_width=True`, use `width='stretch'`. For `use_container_width=False`, use `width='content'`.
2026-05-01 09:41:17.192 Please replace `use_container_width` with `width`.

`use_container_width` will be removed after 2025-12-31.

For `use_container_width=True`, use `width='stretch'`. For `use_container_width=False`, use `width='content'`.
2026-05-01 09:41:17.198 Please replace `use_container_width` with `width`.

`use_container_width` will be removed after 2025-12-31.

For `use_container_width=True`, use `width='stretch'`. For `use_container_width=False`, use `width='content'`.
2026-05-01 09:41:17.202 Please replace `use_container_width` with `width`.

`use_container_width` will be removed after 2025-12-31.

For `use_container_width=True`, use `width='stretch'`. For `use_container_width=False`, use `width='content'`.
2026-05-01 09:48:59.675 Please replace `use_container_width` with `width`.

`use_container_width` will be removed after 2025-12-31.

For `use_container_width=True`, use `width='stretch'`. For `use_container_width=False`, use `width='content'`.
2026-05-02 03:27:59.495 Please replace `use_container_width` with `width`.

`use_container_width` will be removed after 2025-12-31.

For `use_container_width=True`, use `width='stretch'`. For `use_container_width=False`, use `width='content'`.
2026-05-02 04:29:09.003 Please replace `use_container_width` with `width`.

`use_container_width` will be removed after 2025-12-31.

For `use_container_width=True`, use `width='stretch'`. For `use_container_width=False`, use `width='content'`.
2026-05-02 04:29:43.735 Please replace `use_container_width` with `width`.

`use_container_width` will be removed after 2025-12-31.

For `use_container_width=True`, use `width='stretch'`. For `use_container_width=False`, use `width='content'`.
2026-05-02 04:53:57.106 Please replace `use_container_width` with `width`.

`use_container_width` will be removed after 2025-12-31.

For `use_container_width=True`, use `width='stretch'`. For `use_container_width=False`, use `width='content'`.
2026-05-02 04:54:39.934 Please replace `use_container_width` with `width`.

`use_container_width` will be removed after 2025-12-31.

For `use_container_width=True`, use `width='stretch'`. For `use_container_width=False`, use `width='content'`.
2026-05-02 04:54:41.084 Please replace `use_container_width` with `width`.

`use_container_width` will be removed after 2025-12-31.

For `use_container_width=True`, use `width='stretch'`. For `use_container_width=False`, use `width='content'`.
2026-05-02 04:54:41.822 Please replace `use_container_width` with `width`.

`use_container_width` will be removed after 2025-12-31.

For `use_container_width=True`, use `width='stretch'`. For `use_container_width=False`, use `width='content'`.
2026-05-02 04:54:42.604 Please replace `use_container_width` with `width`.

`use_container_width` will be removed after 2025-12-31.

For `use_container_width=True`, use `width='stretch'`. For `use_container_width=False`, use `width='content'`.
2026-05-02 04:54:43.374 Please replace `use_container_width` with `width`.

`use_container_width` will be removed after 2025-12-31.

For `use_container_width=True`, use `width='stretch'`. For `use_container_width=False`, use `width='content'`.
2026-05-02 04:54:48.186 Please replace `use_container_width` with `width`.

`use_container_width` will be removed after 2025-12-31.

For `use_container_width=True`, use `width='stretch'`. For `use_container_width=False`, use `width='content'`.
2026-05-02 04:54:49.850 Please replace `use_container_width` with `width`.

`use_container_width` will be removed after 2025-12-31.

For `use_container_width=True`, use `width='stretch'`. For `use_container_width=False`, use `width='content'`.
2026-05-02 04:54:51.498 `label` got an empty value. This is discouraged for accessibility reasons and may be disallowed in the future by raising an exception. Please provide a non-empty label and hide it with label_visibility if needed.
Stack (most recent call last):
  File "/root/.local/share/uv/python/cpython-3.13.11-linux-x86_64-gnu/lib/python3.13/threading.py", line 1015, in _bootstrap
    self._bootstrap_inner()
  File "/root/.local/share/uv/python/cpython-3.13.11-linux-x86_64-gnu/lib/python3.13/threading.py", line 1044, in _bootstrap_inner
    self.run()
  File "/root/.local/share/uv/python/cpython-3.13.11-linux-x86_64-gnu/lib/python3.13/threading.py", line 995, in run
    self._target(*self._args, **self._kwargs)
  File "/root/kp/.venv/lib/python3.13/site-packages/streamlit/runtime/scriptrunner/script_runner.py", line 379, in _run_script_thread
    self._run_script(request.rerun_data)
  File "/root/kp/.venv/lib/python3.13/site-packages/streamlit/runtime/scriptrunner/script_runner.py", line 705, in _run_script
    ) = exec_func_with_error_handling(code_to_exec, ctx)
  File "/root/kp/.venv/lib/python3.13/site-packages/streamlit/runtime/scriptrunner/exec_code.py", line 129, in exec_func_with_error_handling
    result = func()
  File "/root/kp/.venv/lib/python3.13/site-packages/streamlit/runtime/scriptrunner/script_runner.py", line 689, in code_to_exec
    exec(code, module.__dict__)  # noqa: S102
  File "/root/kp/retail/rpoc/src/rpoc/app.py", line 38, in <module>
    pg.run()
  File "/root/kp/.venv/lib/python3.13/site-packages/streamlit/navigation/page.py", line 380, in run
    exec(code, module.__dict__)  # noqa: S102
  File "/root/kp/retail/rpoc/src/rpoc/pages_/orders_.py", line 80, in <module>
    elif col_s.checkbox(
  File "/root/kp/.venv/lib/python3.13/site-packages/streamlit/runtime/metrics_util.py", line 532, in wrapped_func
    result = non_optional_func(*args, **kwargs)
  File "/root/kp/.venv/lib/python3.13/site-packages/streamlit/elements/widgets/checkbox.py", line 202, in checkbox
    return self._checkbox(
  File "/root/kp/.venv/lib/python3.13/site-packages/streamlit/elements/widgets/checkbox.py", line 396, in _checkbox
    maybe_raise_label_warnings(label, label_visibility)
  File "/root/kp/.venv/lib/python3.13/site-packages/streamlit/elements/lib/policies.py", line 187, in maybe_raise_label_warnings
    _LOGGER.warning(
2026-05-02 04:54:55.537 `label` got an empty value. This is discouraged for accessibility reasons and may be disallowed in the future by raising an exception. Please provide a non-empty label and hide it with label_visibility if needed.
Stack (most recent call last):
  File "/root/.local/share/uv/python/cpython-3.13.11-linux-x86_64-gnu/lib/python3.13/threading.py", line 1015, in _bootstrap
    self._bootstrap_inner()
  File "/root/.local/share/uv/python/cpython-3.13.11-linux-x86_64-gnu/lib/python3.13/threading.py", line 1044, in _bootstrap_inner
    self.run()
  File "/root/.local/share/uv/python/cpython-3.13.11-linux-x86_64-gnu/lib/python3.13/threading.py", line 995, in run
    self._target(*self._args, **self._kwargs)
  File "/root/kp/.venv/lib/python3.13/site-packages/streamlit/runtime/scriptrunner/script_runner.py", line 379, in _run_script_thread
    self._run_script(request.rerun_data)
  File "/root/kp/.venv/lib/python3.13/site-packages/streamlit/runtime/scriptrunner/script_runner.py", line 705, in _run_script
    ) = exec_func_with_error_handling(code_to_exec, ctx)
  File "/root/kp/.venv/lib/python3.13/site-packages/streamlit/runtime/scriptrunner/exec_code.py", line 129, in exec_func_with_error_handling
    result = func()
  File "/root/kp/.venv/lib/python3.13/site-packages/streamlit/runtime/scriptrunner/script_runner.py", line 689, in code_to_exec
    exec(code, module.__dict__)  # noqa: S102
  File "/root/kp/retail/rpoc/src/rpoc/app.py", line 38, in <module>
    pg.run()
  File "/root/kp/.venv/lib/python3.13/site-packages/streamlit/navigation/page.py", line 380, in run
    exec(code, module.__dict__)  # noqa: S102
  File "/root/kp/retail/rpoc/src/rpoc/pages_/orders_.py", line 80, in <module>
    elif col_s.checkbox(
  File "/root/kp/.venv/lib/python3.13/site-packages/streamlit/runtime/metrics_util.py", line 532, in wrapped_func
    result = non_optional_func(*args, **kwargs)
  File "/root/kp/.venv/lib/python3.13/site-packages/streamlit/elements/widgets/checkbox.py", line 202, in checkbox
    return self._checkbox(
  File "/root/kp/.venv/lib/python3.13/site-packages/streamlit/elements/widgets/checkbox.py", line 396, in _checkbox
    maybe_raise_label_warnings(label, label_visibility)
  File "/root/kp/.venv/lib/python3.13/site-packages/streamlit/elements/lib/policies.py", line 187, in maybe_raise_label_warnings
    _LOGGER.warning(
2026-05-02 04:55:10.859 `label` got an empty value. This is discouraged for accessibility reasons and may be disallowed in the future by raising an exception. Please provide a non-empty label and hide it with label_visibility if needed.
Stack (most recent call last):
  File "/root/.local/share/uv/python/cpython-3.13.11-linux-x86_64-gnu/lib/python3.13/threading.py", line 1015, in _bootstrap
    self._bootstrap_inner()
  File "/root/.local/share/uv/python/cpython-3.13.11-linux-x86_64-gnu/lib/python3.13/threading.py", line 1044, in _bootstrap_inner
    self.run()
  File "/root/.local/share/uv/python/cpython-3.13.11-linux-x86_64-gnu/lib/python3.13/threading.py", line 995, in run
    self._target(*self._args, **self._kwargs)
  File "/root/kp/.venv/lib/python3.13/site-packages/streamlit/runtime/scriptrunner/script_runner.py", line 379, in _run_script_thread
    self._run_script(request.rerun_data)
  File "/root/kp/.venv/lib/python3.13/site-packages/streamlit/runtime/scriptrunner/script_runner.py", line 705, in _run_script
    ) = exec_func_with_error_handling(code_to_exec, ctx)
  File "/root/kp/.venv/lib/python3.13/site-packages/streamlit/runtime/scriptrunner/exec_code.py", line 129, in exec_func_with_error_handling
    result = func()
  File "/root/kp/.venv/lib/python3.13/site-packages/streamlit/runtime/scriptrunner/script_runner.py", line 689, in code_to_exec
    exec(code, module.__dict__)  # noqa: S102
  File "/root/kp/retail/rpoc/src/rpoc/app.py", line 38, in <module>
    pg.run()
  File "/root/kp/.venv/lib/python3.13/site-packages/streamlit/navigation/page.py", line 380, in run
    exec(code, module.__dict__)  # noqa: S102
  File "/root/kp/retail/rpoc/src/rpoc/pages_/orders_.py", line 80, in <module>
    elif col_s.checkbox(
  File "/root/kp/.venv/lib/python3.13/site-packages/streamlit/runtime/metrics_util.py", line 532, in wrapped_func
    result = non_optional_func(*args, **kwargs)
  File "/root/kp/.venv/lib/python3.13/site-packages/streamlit/elements/widgets/checkbox.py", line 202, in checkbox
    return self._checkbox(
  File "/root/kp/.venv/lib/python3.13/site-packages/streamlit/elements/widgets/checkbox.py", line 396, in _checkbox
    maybe_raise_label_warnings(label, label_visibility)
  File "/root/kp/.venv/lib/python3.13/site-packages/streamlit/elements/lib/policies.py", line 187, in maybe_raise_label_warnings
    _LOGGER.warning(
2026-05-02 04:55:14.132 `label` got an empty value. This is discouraged for accessibility reasons and may be disallowed in the future by raising an exception. Please provide a non-empty label and hide it with label_visibility if needed.
Stack (most recent call last):
  File "/root/.local/share/uv/python/cpython-3.13.11-linux-x86_64-gnu/lib/python3.13/threading.py", line 1015, in _bootstrap
    self._bootstrap_inner()
  File "/root/.local/share/uv/python/cpython-3.13.11-linux-x86_64-gnu/lib/python3.13/threading.py", line 1044, in _bootstrap_inner
    self.run()
  File "/root/.local/share/uv/python/cpython-3.13.11-linux-x86_64-gnu/lib/python3.13/threading.py", line 995, in run
    self._target(*self._args, **self._kwargs)
  File "/root/kp/.venv/lib/python3.13/site-packages/streamlit/runtime/scriptrunner/script_runner.py", line 379, in _run_script_thread
    self._run_script(request.rerun_data)
  File "/root/kp/.venv/lib/python3.13/site-packages/streamlit/runtime/scriptrunner/script_runner.py", line 705, in _run_script
    ) = exec_func_with_error_handling(code_to_exec, ctx)
  File "/root/kp/.venv/lib/python3.13/site-packages/streamlit/runtime/scriptrunner/exec_code.py", line 129, in exec_func_with_error_handling
    result = func()
  File "/root/kp/.venv/lib/python3.13/site-packages/streamlit/runtime/scriptrunner/script_runner.py", line 689, in code_to_exec
    exec(code, module.__dict__)  # noqa: S102
  File "/root/kp/retail/rpoc/src/rpoc/app.py", line 38, in <module>
    pg.run()
  File "/root/kp/.venv/lib/python3.13/site-packages/streamlit/navigation/page.py", line 380, in run
    exec(code, module.__dict__)  # noqa: S102
  File "/root/kp/retail/rpoc/src/rpoc/pages_/orders_.py", line 80, in <module>
    elif col_s.checkbox(
  File "/root/kp/.venv/lib/python3.13/site-packages/streamlit/runtime/metrics_util.py", line 532, in wrapped_func
    result = non_optional_func(*args, **kwargs)
  File "/root/kp/.venv/lib/python3.13/site-packages/streamlit/elements/widgets/checkbox.py", line 202, in checkbox
    return self._checkbox(
  File "/root/kp/.venv/lib/python3.13/site-packages/streamlit/elements/widgets/checkbox.py", line 396, in _checkbox
    maybe_raise_label_warnings(label, label_visibility)
  File "/root/kp/.venv/lib/python3.13/site-packages/streamlit/elements/lib/policies.py", line 187, in maybe_raise_label_warnings
    _LOGGER.warning(
2026-05-02 04:55:14.884 `label` got an empty value. This is discouraged for accessibility reasons and may be disallowed in the future by raising an exception. Please provide a non-empty label and hide it with label_visibility if needed.
Stack (most recent call last):
  File "/root/.local/share/uv/python/cpython-3.13.11-linux-x86_64-gnu/lib/python3.13/threading.py", line 1015, in _bootstrap
    self._bootstrap_inner()
  File "/root/.local/share/uv/python/cpython-3.13.11-linux-x86_64-gnu/lib/python3.13/threading.py", line 1044, in _bootstrap_inner
    self.run()
  File "/root/.local/share/uv/python/cpython-3.13.11-linux-x86_64-gnu/lib/python3.13/threading.py", line 995, in run
    self._target(*self._args, **self._kwargs)
  File "/root/kp/.venv/lib/python3.13/site-packages/streamlit/runtime/scriptrunner/script_runner.py", line 379, in _run_script_thread
    self._run_script(request.rerun_data)
  File "/root/kp/.venv/lib/python3.13/site-packages/streamlit/runtime/scriptrunner/script_runner.py", line 705, in _run_script
    ) = exec_func_with_error_handling(code_to_exec, ctx)
  File "/root/kp/.venv/lib/python3.13/site-packages/streamlit/runtime/scriptrunner/exec_code.py", line 129, in exec_func_with_error_handling
    result = func()
  File "/root/kp/.venv/lib/python3.13/site-packages/streamlit/runtime/scriptrunner/script_runner.py", line 689, in code_to_exec
    exec(code, module.__dict__)  # noqa: S102
  File "/root/kp/retail/rpoc/src/rpoc/app.py", line 38, in <module>
    pg.run()
  File "/root/kp/.venv/lib/python3.13/site-packages/streamlit/navigation/page.py", line 380, in run
    exec(code, module.__dict__)  # noqa: S102
  File "/root/kp/retail/rpoc/src/rpoc/pages_/orders_.py", line 80, in <module>
    elif col_s.checkbox(
  File "/root/kp/.venv/lib/python3.13/site-packages/streamlit/runtime/metrics_util.py", line 532, in wrapped_func
    result = non_optional_func(*args, **kwargs)
  File "/root/kp/.venv/lib/python3.13/site-packages/streamlit/elements/widgets/checkbox.py", line 202, in checkbox
    return self._checkbox(
  File "/root/kp/.venv/lib/python3.13/site-packages/streamlit/elements/widgets/checkbox.py", line 396, in _checkbox
    maybe_raise_label_warnings(label, label_visibility)
  File "/root/kp/.venv/lib/python3.13/site-packages/streamlit/elements/lib/policies.py", line 187, in maybe_raise_label_warnings
    _LOGGER.warning(
2026-05-02 04:55:15.041 `label` got an empty value. This is discouraged for accessibility reasons and may be disallowed in the future by raising an exception. Please provide a non-empty label and hide it with label_visibility if needed.
Stack (most recent call last):
  File "/root/.local/share/uv/python/cpython-3.13.11-linux-x86_64-gnu/lib/python3.13/threading.py", line 1015, in _bootstrap
    self._bootstrap_inner()
  File "/root/.local/share/uv/python/cpython-3.13.11-linux-x86_64-gnu/lib/python3.13/threading.py", line 1044, in _bootstrap_inner
    self.run()
  File "/root/.local/share/uv/python/cpython-3.13.11-linux-x86_64-gnu/lib/python3.13/threading.py", line 995, in run
    self._target(*self._args, **self._kwargs)
  File "/root/kp/.venv/lib/python3.13/site-packages/streamlit/runtime/scriptrunner/script_runner.py", line 379, in _run_script_thread
    self._run_script(request.rerun_data)
  File "/root/kp/.venv/lib/python3.13/site-packages/streamlit/runtime/scriptrunner/script_runner.py", line 705, in _run_script
    ) = exec_func_with_error_handling(code_to_exec, ctx)
  File "/root/kp/.venv/lib/python3.13/site-packages/streamlit/runtime/scriptrunner/exec_code.py", line 129, in exec_func_with_error_handling
    result = func()
  File "/root/kp/.venv/lib/python3.13/site-packages/streamlit/runtime/scriptrunner/script_runner.py", line 689, in code_to_exec
    exec(code, module.__dict__)  # noqa: S102
  File "/root/kp/retail/rpoc/src/rpoc/app.py", line 38, in <module>
    pg.run()
  File "/root/kp/.venv/lib/python3.13/site-packages/streamlit/navigation/page.py", line 380, in run
    exec(code, module.__dict__)  # noqa: S102
  File "/root/kp/retail/rpoc/src/rpoc/pages_/orders_.py", line 80, in <module>
    elif col_s.checkbox(
  File "/root/kp/.venv/lib/python3.13/site-packages/streamlit/runtime/metrics_util.py", line 532, in wrapped_func
    result = non_optional_func(*args, **kwargs)
  File "/root/kp/.venv/lib/python3.13/site-packages/streamlit/elements/widgets/checkbox.py", line 202, in checkbox
    return self._checkbox(
  File "/root/kp/.venv/lib/python3.13/site-packages/streamlit/elements/widgets/checkbox.py", line 396, in _checkbox
    maybe_raise_label_warnings(label, label_visibility)
  File "/root/kp/.venv/lib/python3.13/site-packages/streamlit/elements/lib/policies.py", line 187, in maybe_raise_label_warnings
    _LOGGER.warning(
2026-05-02 04:56:00.009 Please replace `use_container_width` with `width`.

`use_container_width` will be removed after 2025-12-31.

For `use_container_width=True`, use `width='stretch'`. For `use_container_width=False`, use `width='content'`.
2026-05-02 04:56:00.014 Please replace `use_container_width` with `width`.

`use_container_width` will be removed after 2025-12-31.

For `use_container_width=True`, use `width='stretch'`. For `use_container_width=False`, use `width='content'`.
2026-05-02 04:56:00.020 Please replace `use_container_width` with `width`.

`use_container_width` will be removed after 2025-12-31.

For `use_container_width=True`, use `width='stretch'`. For `use_container_width=False`, use `width='content'`.
2026-05-02 04:56:00.028 Please replace `use_container_width` with `width`.

`use_container_width` will be removed after 2025-12-31.

For `use_container_width=True`, use `width='stretch'`. For `use_container_width=False`, use `width='content'`.
2026-05-02 04:56:00.037 Please replace `use_container_width` with `width`.

`use_container_width` will be removed after 2025-12-31.

For `use_container_width=True`, use `width='stretch'`. For `use_container_width=False`, use `width='content'`.
2026-05-02 04:56:23.474 `label` got an empty value. This is discouraged for accessibility reasons and may be disallowed in the future by raising an exception. Please provide a non-empty label and hide it with label_visibility if needed.
Stack (most recent call last):
  File "/root/.local/share/uv/python/cpython-3.13.11-linux-x86_64-gnu/lib/python3.13/threading.py", line 1015, in _bootstrap
    self._bootstrap_inner()
  File "/root/.local/share/uv/python/cpython-3.13.11-linux-x86_64-gnu/lib/python3.13/threading.py", line 1044, in _bootstrap_inner
    self.run()
  File "/root/.local/share/uv/python/cpython-3.13.11-linux-x86_64-gnu/lib/python3.13/threading.py", line 995, in run
    self._target(*self._args, **self._kwargs)
  File "/root/kp/.venv/lib/python3.13/site-packages/streamlit/runtime/scriptrunner/script_runner.py", line 379, in _run_script_thread
    self._run_script(request.rerun_data)
  File "/root/kp/.venv/lib/python3.13/site-packages/streamlit/runtime/scriptrunner/script_runner.py", line 705, in _run_script
    ) = exec_func_with_error_handling(code_to_exec, ctx)
  File "/root/kp/.venv/lib/python3.13/site-packages/streamlit/runtime/scriptrunner/exec_code.py", line 129, in exec_func_with_error_handling
    result = func()
  File "/root/kp/.venv/lib/python3.13/site-packages/streamlit/runtime/scriptrunner/script_runner.py", line 689, in code_to_exec
    exec(code, module.__dict__)  # noqa: S102
  File "/root/kp/retail/rpoc/src/rpoc/app.py", line 38, in <module>
    pg.run()
  File "/root/kp/.venv/lib/python3.13/site-packages/streamlit/navigation/page.py", line 380, in run
    exec(code, module.__dict__)  # noqa: S102
  File "/root/kp/retail/rpoc/src/rpoc/pages_/orders_.py", line 80, in <module>
    elif col_s.checkbox(
  File "/root/kp/.venv/lib/python3.13/site-packages/streamlit/runtime/metrics_util.py", line 532, in wrapped_func
    result = non_optional_func(*args, **kwargs)
  File "/root/kp/.venv/lib/python3.13/site-packages/streamlit/elements/widgets/checkbox.py", line 202, in checkbox
    return self._checkbox(
  File "/root/kp/.venv/lib/python3.13/site-packages/streamlit/elements/widgets/checkbox.py", line 396, in _checkbox
    maybe_raise_label_warnings(label, label_visibility)
  File "/root/kp/.venv/lib/python3.13/site-packages/streamlit/elements/lib/policies.py", line 187, in maybe_raise_label_warnings
    _LOGGER.warning(
2026-05-02 04:56:33.862 Please replace `use_container_width` with `width`.

`use_container_width` will be removed after 2025-12-31.

For `use_container_width=True`, use `width='stretch'`. For `use_container_width=False`, use `width='content'`.
2026-05-02 04:56:33.865 Please replace `use_container_width` with `width`.

`use_container_width` will be removed after 2025-12-31.

For `use_container_width=True`, use `width='stretch'`. For `use_container_width=False`, use `width='content'`.
2026-05-02 04:56:33.870 Please replace `use_container_width` with `width`.

`use_container_width` will be removed after 2025-12-31.

For `use_container_width=True`, use `width='stretch'`. For `use_container_width=False`, use `width='content'`.
2026-05-02 04:56:33.875 Please replace `use_container_width` with `width`.

`use_container_width` will be removed after 2025-12-31.

For `use_container_width=True`, use `width='stretch'`. For `use_container_width=False`, use `width='content'`.
2026-05-02 04:56:33.879 Please replace `use_container_width` with `width`.

`use_container_width` will be removed after 2025-12-31.

For `use_container_width=True`, use `width='stretch'`. For `use_container_width=False`, use `width='content'`.
2026-05-02 06:36:21.486 Please replace `use_container_width` with `width`.

`use_container_width` will be removed after 2025-12-31.

For `use_container_width=True`, use `width='stretch'`. For `use_container_width=False`, use `width='content'`.
2026-05-02 06:36:50.727 Please replace `use_container_width` with `width`.

`use_container_width` will be removed after 2025-12-31.

For `use_container_width=True`, use `width='stretch'`. For `use_container_width=False`, use `width='content'`.
2026-05-02 06:38:21.327 Please replace `use_container_width` with `width`.

`use_container_width` will be removed after 2025-12-31.

For `use_container_width=True`, use `width='stretch'`. For `use_container_width=False`, use `width='content'`.
2026-05-02 06:39:03.317 `label` got an empty value. This is discouraged for accessibility reasons and may be disallowed in the future by raising an exception. Please provide a non-empty label and hide it with label_visibility if needed.
Stack (most recent call last):
  File "/root/.local/share/uv/python/cpython-3.13.11-linux-x86_64-gnu/lib/python3.13/threading.py", line 1015, in _bootstrap
    self._bootstrap_inner()
  File "/root/.local/share/uv/python/cpython-3.13.11-linux-x86_64-gnu/lib/python3.13/threading.py", line 1044, in _bootstrap_inner
    self.run()
  File "/root/.local/share/uv/python/cpython-3.13.11-linux-x86_64-gnu/lib/python3.13/threading.py", line 995, in run
    self._target(*self._args, **self._kwargs)
  File "/root/kp/.venv/lib/python3.13/site-packages/streamlit/runtime/scriptrunner/script_runner.py", line 379, in _run_script_thread
    self._run_script(request.rerun_data)
  File "/root/kp/.venv/lib/python3.13/site-packages/streamlit/runtime/scriptrunner/script_runner.py", line 705, in _run_script
    ) = exec_func_with_error_handling(code_to_exec, ctx)
  File "/root/kp/.venv/lib/python3.13/site-packages/streamlit/runtime/scriptrunner/exec_code.py", line 129, in exec_func_with_error_handling
    result = func()
  File "/root/kp/.venv/lib/python3.13/site-packages/streamlit/runtime/scriptrunner/script_runner.py", line 689, in code_to_exec
    exec(code, module.__dict__)  # noqa: S102
  File "/root/kp/retail/rpoc/src/rpoc/app.py", line 38, in <module>
    pg.run()
  File "/root/kp/.venv/lib/python3.13/site-packages/streamlit/navigation/page.py", line 380, in run
    exec(code, module.__dict__)  # noqa: S102
  File "/root/kp/retail/rpoc/src/rpoc/pages_/orders_.py", line 80, in <module>
    elif col_s.checkbox(
  File "/root/kp/.venv/lib/python3.13/site-packages/streamlit/runtime/metrics_util.py", line 532, in wrapped_func
    result = non_optional_func(*args, **kwargs)
  File "/root/kp/.venv/lib/python3.13/site-packages/streamlit/elements/widgets/checkbox.py", line 202, in checkbox
    return self._checkbox(
  File "/root/kp/.venv/lib/python3.13/site-packages/streamlit/elements/widgets/checkbox.py", line 396, in _checkbox
    maybe_raise_label_warnings(label, label_visibility)
  File "/root/kp/.venv/lib/python3.13/site-packages/streamlit/elements/lib/policies.py", line 187, in maybe_raise_label_warnings
    _LOGGER.warning(
2026-05-02 06:39:11.036 Please replace `use_container_width` with `width`.

`use_container_width` will be removed after 2025-12-31.

For `use_container_width=True`, use `width='stretch'`. For `use_container_width=False`, use `width='content'`.
2026-05-02 06:46:16.064 Please replace `use_container_width` with `width`.

`use_container_width` will be removed after 2025-12-31.

For `use_container_width=True`, use `width='stretch'`. For `use_container_width=False`, use `width='content'`.
2026-05-02 06:47:37.085 Please replace `use_container_width` with `width`.

`use_container_width` will be removed after 2025-12-31.

For `use_container_width=True`, use `width='stretch'`. For `use_container_width=False`, use `width='content'`.
2026-05-02 06:50:31.489 Please replace `use_container_width` with `width`.

`use_container_width` will be removed after 2025-12-31.

For `use_container_width=True`, use `width='stretch'`. For `use_container_width=False`, use `width='content'`.
2026-05-02 06:55:07.487 Please replace `use_container_width` with `width`.

`use_container_width` will be removed after 2025-12-31.

For `use_container_width=True`, use `width='stretch'`. For `use_container_width=False`, use `width='content'`.
2026-05-02 06:57:12.607 Please replace `use_container_width` with `width`.

`use_container_width` will be removed after 2025-12-31.

For `use_container_width=True`, use `width='stretch'`. For `use_container_width=False`, use `width='content'`.
2026-05-02 07:05:57.807 Please replace `use_container_width` with `width`.

`use_container_width` will be removed after 2025-12-31.

For `use_container_width=True`, use `width='stretch'`. For `use_container_width=False`, use `width='content'`.
2026-05-02 07:30:30.711 Please replace `use_container_width` with `width`.

`use_container_width` will be removed after 2025-12-31.

For `use_container_width=True`, use `width='stretch'`. For `use_container_width=False`, use `width='content'`.
2026-05-02 07:30:37.647 Please replace `use_container_width` with `width`.

`use_container_width` will be removed after 2025-12-31.

For `use_container_width=True`, use `width='stretch'`. For `use_container_width=False`, use `width='content'`.
2026-05-02 07:31:19.504 Please replace `use_container_width` with `width`.

`use_container_width` will be removed after 2025-12-31.

For `use_container_width=True`, use `width='stretch'`. For `use_container_width=False`, use `width='content'`.
2026-05-02 07:32:33.787 Please replace `use_container_width` with `width`.

`use_container_width` will be removed after 2025-12-31.

For `use_container_width=True`, use `width='stretch'`. For `use_container_width=False`, use `width='content'`.
2026-05-02 07:32:50.258 Please replace `use_container_width` with `width`.

`use_container_width` will be removed after 2025-12-31.

For `use_container_width=True`, use `width='stretch'`. For `use_container_width=False`, use `width='content'`.
2026-05-02 07:33:06.555 Please replace `use_container_width` with `width`.

`use_container_width` will be removed after 2025-12-31.

For `use_container_width=True`, use `width='stretch'`. For `use_container_width=False`, use `width='content'`.
2026-05-02 07:33:39.851 Please replace `use_container_width` with `width`.

`use_container_width` will be removed after 2025-12-31.

For `use_container_width=True`, use `width='stretch'`. For `use_container_width=False`, use `width='content'`.
2026-05-02 07:33:53.606 Please replace `use_container_width` with `width`.

`use_container_width` will be removed after 2025-12-31.

For `use_container_width=True`, use `width='stretch'`. For `use_container_width=False`, use `width='content'`.
2026-05-02 07:35:44.965 Please replace `use_container_width` with `width`.

`use_container_width` will be removed after 2025-12-31.

For `use_container_width=True`, use `width='stretch'`. For `use_container_width=False`, use `width='content'`.
2026-05-03 08:48:54.397 Please replace `use_container_width` with `width`.

`use_container_width` will be removed after 2025-12-31.

For `use_container_width=True`, use `width='stretch'`. For `use_container_width=False`, use `width='content'`.
2026-05-03 08:59:48.647 Please replace `use_container_width` with `width`.

`use_container_width` will be removed after 2025-12-31.

For `use_container_width=True`, use `width='stretch'`. For `use_container_width=False`, use `width='content'`.
2026-05-03 08:59:51.631 Please replace `use_container_width` with `width`.

`use_container_width` will be removed after 2025-12-31.

For `use_container_width=True`, use `width='stretch'`. For `use_container_width=False`, use `width='content'`.
2026-05-03 09:00:09.109 Please replace `use_container_width` with `width`.

`use_container_width` will be removed after 2025-12-31.

For `use_container_width=True`, use `width='stretch'`. For `use_container_width=False`, use `width='content'`.
2026-05-03 09:00:34.929 Please replace `use_container_width` with `width`.

`use_container_width` will be removed after 2025-12-31.

For `use_container_width=True`, use `width='stretch'`. For `use_container_width=False`, use `width='content'`.
2026-05-03 09:01:34.865 Please replace `use_container_width` with `width`.

`use_container_width` will be removed after 2025-12-31.

For `use_container_width=True`, use `width='stretch'`. For `use_container_width=False`, use `width='content'`.
2026-05-03 09:01:36.694 Please replace `use_container_width` with `width`.

`use_container_width` will be removed after 2025-12-31.

For `use_container_width=True`, use `width='stretch'`. For `use_container_width=False`, use `width='content'`.
2026-05-03 10:09:19.551 Please replace `use_container_width` with `width`.

`use_container_width` will be removed after 2025-12-31.

For `use_container_width=True`, use `width='stretch'`. For `use_container_width=False`, use `width='content'`.
Killed
Hello from rpoc!

Collecting usage statistics. To deactivate, set browser.gatherUsageStats to false.


  You can now view your Streamlit app in your browser.

  Local URL: http://localhost:8501
  Network URL: http://64.227.110.183:8501
  External URL: http://64.227.110.183:8501

/root/kp/retail/rpoc/src/rpoc/services/general_.py:17: FutureWarning: 

All support for the `google.generativeai` package has ended. It will no longer be receiving 
updates or bug fixes. Please switch to the `google.genai` package as soon as possible.
See README for more details:

https://github.com/google-gemini/deprecated-generative-ai-python/blob/main/README.md

  import google.generativeai as genai
2026-05-04 07:14:12.869 Please replace `use_container_width` with `width`.

`use_container_width` will be removed after 2025-12-31.

For `use_container_width=True`, use `width='stretch'`. For `use_container_width=False`, use `width='content'`.
2026-05-04 07:14:14.665 Please replace `use_container_width` with `width`.

`use_container_width` will be removed after 2025-12-31.

For `use_container_width=True`, use `width='stretch'`. For `use_container_width=False`, use `width='content'`.
2026-05-04 07:14:17.284 Please replace `use_container_width` with `width`.

`use_container_width` will be removed after 2025-12-31.

For `use_container_width=True`, use `width='stretch'`. For `use_container_width=False`, use `width='content'`.
2026-05-04 07:14:40.455 Please replace `use_container_width` with `width`.

`use_container_width` will be removed after 2025-12-31.

For `use_container_width=True`, use `width='stretch'`. For `use_container_width=False`, use `width='content'`.
2026-05-04 07:16:07.880 Please replace `use_container_width` with `width`.

`use_container_width` will be removed after 2025-12-31.

For `use_container_width=True`, use `width='stretch'`. For `use_container_width=False`, use `width='content'`.
2026-05-04 07:29:35.536 Please replace `use_container_width` with `width`.

`use_container_width` will be removed after 2025-12-31.

For `use_container_width=True`, use `width='stretch'`. For `use_container_width=False`, use `width='content'`.
2026-05-04 07:37:12.045 Please replace `use_container_width` with `width`.

`use_container_width` will be removed after 2025-12-31.

For `use_container_width=True`, use `width='stretch'`. For `use_container_width=False`, use `width='content'`.
2026-05-04 07:37:13.873 Please replace `use_container_width` with `width`.

`use_container_width` will be removed after 2025-12-31.

For `use_container_width=True`, use `width='stretch'`. For `use_container_width=False`, use `width='content'`.
2026-05-04 07:37:13.885 Please replace `use_container_width` with `width`.

`use_container_width` will be removed after 2025-12-31.

For `use_container_width=True`, use `width='stretch'`. For `use_container_width=False`, use `width='content'`.
2026-05-04 07:37:39.250 Please replace `use_container_width` with `width`.

`use_container_width` will be removed after 2025-12-31.

For `use_container_width=True`, use `width='stretch'`. For `use_container_width=False`, use `width='content'`.
2026-05-04 07:37:39.272 Please replace `use_container_width` with `width`.

`use_container_width` will be removed after 2025-12-31.

For `use_container_width=True`, use `width='stretch'`. For `use_container_width=False`, use `width='content'`.
2026-05-04 07:42:05.056 Please replace `use_container_width` with `width`.

`use_container_width` will be removed after 2025-12-31.

For `use_container_width=True`, use `width='stretch'`. For `use_container_width=False`, use `width='content'`.
2026-05-04 07:42:05.068 Please replace `use_container_width` with `width`.

`use_container_width` will be removed after 2025-12-31.

For `use_container_width=True`, use `width='stretch'`. For `use_container_width=False`, use `width='content'`.
2026-05-04 07:42:21.553 Please replace `use_container_width` with `width`.

`use_container_width` will be removed after 2025-12-31.

For `use_container_width=True`, use `width='stretch'`. For `use_container_width=False`, use `width='content'`.
2026-05-04 07:42:21.563 Please replace `use_container_width` with `width`.

`use_container_width` will be removed after 2025-12-31.

For `use_container_width=True`, use `width='stretch'`. For `use_container_width=False`, use `width='content'`.
2026-05-04 07:42:26.534 Please replace `use_container_width` with `width`.

`use_container_width` will be removed after 2025-12-31.

For `use_container_width=True`, use `width='stretch'`. For `use_container_width=False`, use `width='content'`.
2026-05-04 07:42:26.545 Please replace `use_container_width` with `width`.

`use_container_width` will be removed after 2025-12-31.

For `use_container_width=True`, use `width='stretch'`. For `use_container_width=False`, use `width='content'`.
2026-05-04 07:42:54.676 Please replace `use_container_width` with `width`.

`use_container_width` will be removed after 2025-12-31.

For `use_container_width=True`, use `width='stretch'`. For `use_container_width=False`, use `width='content'`.
2026-05-04 07:42:54.688 Please replace `use_container_width` with `width`.

`use_container_width` will be removed after 2025-12-31.

For `use_container_width=True`, use `width='stretch'`. For `use_container_width=False`, use `width='content'`.
2026-05-04 07:43:13.069 Please replace `use_container_width` with `width`.

`use_container_width` will be removed after 2025-12-31.

For `use_container_width=True`, use `width='stretch'`. For `use_container_width=False`, use `width='content'`.
2026-05-04 07:43:13.357 Please replace `use_container_width` with `width`.

`use_container_width` will be removed after 2025-12-31.

For `use_container_width=True`, use `width='stretch'`. For `use_container_width=False`, use `width='content'`.
2026-05-04 07:43:13.467 Please replace `use_container_width` with `width`.

`use_container_width` will be removed after 2025-12-31.

For `use_container_width=True`, use `width='stretch'`. For `use_container_width=False`, use `width='content'`.
2026-05-04 07:43:59.848 Please replace `use_container_width` with `width`.

`use_container_width` will be removed after 2025-12-31.

For `use_container_width=True`, use `width='stretch'`. For `use_container_width=False`, use `width='content'`.
Killed
Hello from rpoc!
